sample_id,master_seed,eps,ic_corr_length,ic_spectral_decay,mobility_corr_length,mobility_spectral_decay,mobility_mean_empirical,split
0,42,0.047502324726647255,0.18664800014514848,3.7531850092196914,0.15100932698432307,3.927205764053655,0.9977819919586182,ood_test
1,42,0.03402472339855527,0.0569673344673031,3.1910200191922744,0.15064794163907896,3.2540874171965006,0.9998459815979004,train
2,42,0.02213717608738126,0.1565239584343029,2.1436009291124645,0.08917322812150329,3.8203872685974014,1.0031639337539673,train
3,42,0.042917986029522334,0.19570041562856128,3.425940810291185,0.09215589797173557,2.5263385635907682,1.0005028247833252,val
4,42,0.020527025062743256,0.1987760868208846,3.6648565383398894,0.18245182000972426,3.873737007954884,1.0018744468688965,train
5,42,0.027590616564337422,0.06106968654412938,2.8763246940028466,0.16047573011898228,3.1792229702887274,0.9984897375106812,train
6,42,0.03908556837518771,0.11358072920294982,3.0288122897182,0.09490922203795622,2.711596429942059,0.9996897578239441,test
7,42,0.020047374381246607,0.063913675339805,3.798085424001776,0.1853596750200726,3.689787606377626,0.998091995716095,test
8,42,0.04128969963939043,0.19806511798929566,3.6103010967697795,0.0897982485102969,3.808098619931119,1.0026885271072388,train
9,42,0.02894909679763582,0.15130796367342667,3.6441209363480125,0.11745808405623615,3.620021697426325,1.0009711980819702,test
10,42,0.029897981397164583,0.07782850891163408,3.4899348611200507,0.18714098213798475,3.8259458286767556,0.9990513920783997,train
11,42,0.045649457582369296,0.16965276978584415,3.7889794356618776,0.1866401972299695,2.9392544083001133,0.9991878271102905,ood_test
12,42,0.028669284326465077,0.14090031508956927,3.1168445557703395,0.1526233585522846,3.31381570201121,1.0010653734207153,train
13,42,0.022171707442354117,0.09893248563959084,2.6950434297616157,0.15528587704344426,3.994658013235217,1.0035394430160522,test
14,42,0.04109343277140943,0.16528778633266497,3.812323091345653,0.16219386499022825,3.2448672332939417,1.002449870109558,train
15,42,0.027461239213151495,0.10281488895191512,2.783780796440954,0.1164189644804218,3.490378787865355,1.000078558921814,train
16,42,0.02465091017603724,0.09264661010920083,2.794666761065659,0.09519117660776595,3.1737629494906336,0.9990216493606567,val
17,42,0.026032583375091994,0.13015278003148206,3.4973900237072417,0.0815485619624159,2.8848217810392085,1.0002069473266602,train
18,42,0.03407906520715383,0.11193279447780902,2.009959472023187,0.1128311051607482,2.973019790537793,1.0005768537521362,val
19,42,0.034136275256479214,0.11175792981990909,2.3666149446775053,0.15408833864235552,2.60376207622975,1.0001463890075684,train
20,42,0.041689245163138725,0.17765201633842292,2.4162834347416267,0.13792401973062393,3.8832034391969104,0.9982813596725464,train
21,42,0.04885188007374864,0.17682680233533404,2.160347369030397,0.16549279548318013,2.658187511490698,0.9980745315551758,ood_test
22,42,0.031014362630494407,0.18795563086713918,2.8978154971967105,0.15434136988919006,2.511329409132071,1.0000512599945068,train
23,42,0.02551813555547424,0.11218412656375548,2.235385739489074,0.16856422701852136,2.618701280792356,1.0008318424224854,test
24,42,0.032503922965473324,0.1478967536632858,3.8488407793457498,0.10601089626203318,2.8673955775992983,1.0000600814819336,train
25,42,0.04132667956625686,0.08574657681172015,2.874449312203174,0.17364523980426289,3.7994195089665546,1.0029844045639038,train
26,42,0.020002808658218282,0.08518452166553679,2.7183265718671397,0.13348027481517297,2.7888107332595466,0.9996157884597778,train
27,42,0.038965878413254815,0.06779741029484397,2.4318352402633323,0.15844455357918635,3.434589743335669,1.0011069774627686,val
28,42,0.022222735490133982,0.08119387753618224,2.8519875808112904,0.12034938948633497,3.420105372815836,1.0015950202941895,train
29,42,0.04040425367192958,0.1901909781613998,2.509218809762442,0.09886445931894812,2.5866952142834347,1.000549077987671,train
30,42,0.04430469831664826,0.10003374145420861,3.34554214338942,0.14672751350185692,2.695275414109641,1.0006192922592163,ood_test
31,42,0.02593215000607222,0.1563216198700819,3.256016150232159,0.190980961716055,3.1031741463589633,1.0018310546875,val
32,42,0.0363607372120787,0.19816314063812324,3.064888966127297,0.13739976119193809,3.714474368143168,0.9991706609725952,train
33,42,0.030215569619628065,0.14805347895761625,2.897275775265859,0.1882940705668496,3.3867990940895853,0.9967429041862488,train
34,42,0.02444757333255639,0.08666187485040909,2.1017524778914742,0.17789615065600944,2.8388196584125094,0.9992948174476624,val
35,42,0.020138462559044855,0.13551057803048233,3.7633302695215813,0.09636194704460449,2.9885341578906335,1.001206398010254,val
36,42,0.028096544674775015,0.1954832634565139,2.89164667046565,0.17564861332062284,2.8187590177696342,0.998833417892456,train
37,42,0.04997513828036056,0.06599166880025084,3.5350534203209705,0.10914866209608813,2.5524074733255806,0.9995111227035522,ood_test
38,42,0.03502970952898944,0.08419829224093038,3.397955789755807,0.180465376940952,3.926925783581999,0.9976680874824524,train
39,42,0.027123913949930006,0.08586426353853689,3.7580193428278634,0.18328845270166252,3.7732654042541185,0.9988277554512024,train
40,42,0.023895790083922744,0.1264613556074656,3.429119804398466,0.19320483447558995,3.205267010910978,1.001334309577942,train
41,42,0.02812429644112034,0.19814108203258624,3.2098429129617347,0.1853695545171991,3.856797769911877,1.0003104209899902,test
42,42,0.0497148715356355,0.058976763595416024,2.932769834889015,0.16215772315416616,3.281116376822638,0.995752215385437,ood_test
43,42,0.041371469598476006,0.17817109240010515,3.39368983309127,0.08319126130265708,2.599968865919128,1.0015525817871094,train
44,42,0.04426146256351951,0.08375195471606697,2.2150069431934143,0.11094747000029885,3.2989893161815615,0.999483048915863,ood_test
45,42,0.023175833394244685,0.1420574328785586,3.5821864909424246,0.15655225283158547,3.184572494058131,0.9994657635688782,train
46,42,0.04070771224282367,0.19058965544387757,2.8072816819101414,0.1566671407506984,2.7570750046432364,1.0007191896438599,train
47,42,0.045242595192394944,0.08565566781794268,3.5715095113842104,0.18718992197160722,3.785205164053897,0.9999508857727051,ood_test
48,42,0.04074816371388141,0.15137597649144854,2.6715193278043667,0.1455413150176691,3.000963336567885,0.9980038404464722,val
49,42,0.03576923825985488,0.12068925003341799,2.6946060066490776,0.09883987061072363,2.6547344277326905,0.9999635815620422,train
50,42,0.03323375551748828,0.07174147889682268,3.4181658389214276,0.13714008775532438,3.3908260722101566,1.0010178089141846,train
51,42,0.0330149846745314,0.11945486761055389,2.903136210263908,0.13753291069479245,3.6969510766859788,0.9977390170097351,train
52,42,0.035886084232057656,0.1734652119392916,2.7546985549841683,0.08055740886428223,3.548698079954515,0.9997371435165405,train
53,42,0.03882537419390526,0.052073648186683974,2.1220985627348083,0.14215721021657485,3.53291843517432,0.9981935024261475,train
54,42,0.04530612578750989,0.16527951457686413,2.992863892083702,0.15278331767640407,2.672213211307103,0.9981508851051331,ood_test
55,42,0.03365677781889266,0.10405032859642371,3.2743724301452373,0.16651222133230095,3.2996365121545974,0.9989370107650757,val
56,42,0.03615078354145448,0.1306788705917724,2.4439320767723576,0.16037149444829407,3.499927082921805,1.0020723342895508,val
57,42,0.046564920219057934,0.09203701055306548,3.014859595880464,0.1749912081674806,3.245687471593219,1.0014535188674927,ood_test
58,42,0.04838110510688992,0.050414769455351637,2.2963716803362457,0.15205018463214193,2.5003140446350867,0.999120831489563,ood_test
59,42,0.043535222216907574,0.10673734778328109,3.0649122159702182,0.14077898060519026,3.975715103461246,1.00030517578125,val
60,42,0.020302911058908475,0.09307351650036433,2.048336312605074,0.089997913070216,3.8298964169895857,0.9996837377548218,val
61,42,0.035880677477518844,0.09955689262799454,3.3387256612941574,0.14008128209421472,3.041612237731373,1.0014374256134033,train
62,42,0.046936082904241866,0.15317471015670595,3.595440600451568,0.08666441993643333,3.4567919482788128,0.9984656572341919,ood_test
63,42,0.04655628857420859,0.1615540969029363,3.6903920175294376,0.16861282392244908,2.572036901835043,0.9991015195846558,ood_test
64,42,0.03553206379258561,0.09573323208744686,2.2377818613396974,0.1364167669063313,3.7623082109653843,0.9991512298583984,train
65,42,0.04789675869554283,0.1775614280349893,3.9752473965447277,0.13615730954014083,2.5936872921504266,1.0000128746032715,ood_test
66,42,0.025536252859041656,0.15190673474156255,3.519385672787131,0.1214004099787315,3.727611115953991,0.9985436797142029,val
67,42,0.030575636510644905,0.16791906396958056,2.9903008986299007,0.1762268206069715,3.1442649804621583,0.9992471933364868,train
68,42,0.02591829659615113,0.14896599364728186,2.932407754322014,0.18943200894551027,2.8349947164028544,1.0021988153457642,train
69,42,0.041280375840152636,0.14353109907630324,3.9819584602912763,0.1764926024616385,3.0643657347991677,0.9973809719085693,train
70,42,0.03287375165589988,0.1314260516810199,3.0848053979415377,0.1431298036989577,3.472456511220029,0.9971426725387573,train
71,42,0.04404378058810435,0.07308795384976947,2.0952691605881033,0.10383305623940506,2.679381237537479,1.00160551071167,ood_test
72,42,0.0320492096733095,0.05359504934031881,3.0712360911795766,0.18873669327432593,2.8470830823372553,0.9997000098228455,val
73,42,0.039639931858845984,0.07724076115946996,3.8372083154131165,0.10280709714428489,3.545582041751152,0.9998996257781982,train
74,42,0.028164464333304252,0.17401933017650625,3.5094799554438043,0.12273333177729165,2.8609103023163547,0.9980162382125854,test
75,42,0.0230507037190562,0.15268944046445423,3.3842880073249595,0.12321411587591563,2.9351102078282287,0.9987901449203491,train
76,42,0.04022215663257384,0.1969422585681166,2.1525237750932886,0.18661468476502308,2.7904304092013574,0.9993680119514465,val
77,42,0.041449496321546236,0.06569106041230831,2.26314916202758,0.09477789158172145,2.579512852738802,1.0005168914794922,train
78,42,0.042720342742501416,0.07497538837423474,2.323576419826831,0.10444945460923212,3.5469276177120657,0.9953968524932861,val
79,42,0.02512374521818271,0.18934291135059944,2.980822913175982,0.11688283684763993,3.2189826101847157,1.0012896060943604,train
80,42,0.04801082778444537,0.19087018968634195,2.2172860992580814,0.1964793754098172,2.912154243698561,1.0002586841583252,ood_test
81,42,0.04622749558669471,0.11231288790774979,2.697945191942612,0.09055832384044754,2.583781602897711,0.9999934434890747,ood_test
82,42,0.036538330692359594,0.1890608143453958,2.5957719773966215,0.15236218018953068,3.8293942490920045,1.0003464221954346,val
83,42,0.036378582353026774,0.07470052150973193,2.1323335577767337,0.10848223849876039,3.7784142024896523,1.0024526119232178,train
84,42,0.033527107083817335,0.17445704697502928,3.634426708087314,0.08080779418763623,3.1761776457884467,0.9980553388595581,train
85,42,0.035350246079994596,0.15410964150176165,3.712822829326199,0.15330811675983957,2.9745468814545823,0.9985612630844116,train
86,42,0.035379112899690056,0.054559526915301616,2.126695378444837,0.17843959941285248,2.8952945644409396,0.9998584985733032,test
87,42,0.039541621447546194,0.12955650127938423,2.9853869866981064,0.11120209383910895,3.9977058085510224,1.0000741481781006,train
88,42,0.042243591084282744,0.12459171584730729,3.8562023972298274,0.189765332331302,3.2757500490995013,0.9983969926834106,train
89,42,0.03605738600817451,0.19025346925279096,3.960749108939128,0.11862555561808902,3.692074368340955,1.0012911558151245,train
90,42,0.028863027792844158,0.10430711002691742,3.5016601189930183,0.11691867706291052,2.7858563415075555,1.000281572341919,train
91,42,0.029088359001268313,0.13900111956460104,3.526524176897637,0.16955962886065293,2.666670595466689,1.0011616945266724,train
92,42,0.0211941183621754,0.13312299466674798,2.9588405052072293,0.10804450745051428,3.502173039084471,1.0011842250823975,train
93,42,0.03978937129018955,0.15835346401141875,2.1175625297108915,0.11281597361492492,2.8670547633272965,1.0005238056182861,val
94,42,0.04679515110126914,0.17614757207570475,2.690848241205655,0.12319894836497308,2.53978412291889,0.9997631311416626,ood_test
95,42,0.04039248021929308,0.10715405366962799,2.303040112802006,0.09729657657643861,3.9718907097933887,0.9996388554573059,train
96,42,0.03172032834286073,0.15281099775604612,2.4500156981303185,0.10811498227923352,2.9964269253987137,0.9988213181495667,test
97,42,0.03238580987364536,0.1947893958250012,3.8055547780713894,0.13723391996306383,3.6209541654607054,0.9990070462226868,train
98,42,0.04282424809497663,0.15014295781448964,3.993125041983503,0.19013485500268085,3.046301654343793,1.002228021621704,train
99,42,0.03949654404908355,0.1900359593005374,3.55424435132179,0.1815065208282147,2.898212176558522,1.001155138015747,val
100,42,0.03916386726695129,0.1841987419098547,3.6377504298521504,0.13102104466303494,3.417255296160488,1.0036234855651855,train
101,42,0.02121362281309978,0.08950337389790325,2.4835947081793255,0.11769151149565568,3.1501703060932322,0.9967966079711914,test
102,42,0.03183033823652988,0.16153289815506827,2.4742517223646363,0.19504350438858403,2.822131270041144,0.9973220825195312,train
103,42,0.03091576446352976,0.1572537624217928,2.8196727920265214,0.08793648172901435,3.835024123864865,1.0013624429702759,val
104,42,0.03083063004655295,0.11689834448707688,2.6492245333628976,0.1091643060568213,2.838753015556249,0.9990466237068176,train
105,42,0.035507453481553874,0.15751396722165217,2.957874225254683,0.11852799748337575,2.5535624563912664,1.0009901523590088,train
106,42,0.04104952582600961,0.17285968136541746,2.353238013470046,0.1020523322406942,3.9689837089398194,1.003316879272461,train
107,42,0.03793441281032983,0.06341760024371722,2.9070174631110604,0.11654926166806882,3.744990690978109,1.001736044883728,train
108,42,0.038572326738005744,0.07825484396617781,3.8438353611740417,0.12523147201322432,2.8634522469264567,0.9999020099639893,train
109,42,0.026089652215795477,0.06935091534367174,2.998538497189709,0.13904853612635884,2.658993260869261,0.9990740418434143,train
110,42,0.03898045838832968,0.11336866033558148,3.723288494737047,0.17852824467761258,2.6357728628945987,0.9996901750564575,val
111,42,0.024483466953615484,0.15493078391996679,2.1663178935654654,0.16065371970345454,2.679586592796884,1.0008320808410645,val
112,42,0.03625529162323375,0.104605386108879,2.571138866219787,0.1044778641510954,3.602818931900848,0.9995429515838623,train
113,42,0.03970846886171901,0.08001315215772578,3.677965169995921,0.19016121780197795,3.4420822398931383,0.998956561088562,train
114,42,0.04248950090394314,0.1069381188729964,3.053557898236191,0.11166600553920811,3.0082854136861954,0.9991756081581116,train
115,42,0.03228906796282482,0.16690098635576234,3.1822922580715467,0.12502940149855687,3.8512156095247034,1.0008138418197632,train
116,42,0.040108882298816345,0.18607865379806143,3.521162721138947,0.09826862732039299,2.9911507374189097,0.9995678067207336,test
117,42,0.02140865076609037,0.0986850366285778,2.0722368145925913,0.17622782469170217,3.388526886526007,0.9973416924476624,train
118,42,0.04872222761587988,0.07004823806270712,2.8388935531182424,0.170019361452528,3.0975933248383787,0.9991505146026611,ood_test
119,42,0.04068496505118767,0.053895713047390874,2.0746035870447193,0.1880283490795196,2.5498623159743814,0.9990730881690979,train
120,42,0.033842068700168704,0.05516138379237619,2.6376872950543877,0.1448144415182993,3.5011781052933735,1.0012125968933105,val
121,42,0.032168727559477625,0.1696708896723454,3.9071302496933074,0.08990007655530217,2.849211121355426,0.9998314380645752,train
122,42,0.025938511718249017,0.12445223065020032,3.983190731466866,0.09046215722057875,2.6794700055109146,0.9999960064888,train
123,42,0.03650407595394763,0.16109713295814215,2.159539201831116,0.18040227640379813,2.5566562616966753,1.000443696975708,val
124,42,0.032116970211769395,0.10924586407409041,2.8943602008214397,0.0939295044070902,2.822493158065901,0.9993669986724854,train
125,42,0.025463910046003832,0.06203096792338707,3.172598620555541,0.11889815075049491,3.335773075499288,0.9987243413925171,train
126,42,0.021227986954459988,0.07232933343608651,2.3285912699667213,0.16709152437673025,3.5845398963796518,1.0036468505859375,train
127,42,0.02233365114697186,0.1562018769720409,3.6148942880268438,0.10717838986729343,2.5503224995952647,1.0010523796081543,train
128,42,0.023643527965348778,0.12165048769319022,3.9531914741360654,0.08051940146321883,3.016632984184988,0.9995763897895813,val
129,42,0.043371073549186914,0.11489631069774471,3.11158120646984,0.1891736583420583,2.942928371767801,1.000463604927063,train
130,42,0.03387840947374266,0.059428353540735224,2.524053622448622,0.08303037177917362,3.190364350617517,0.9993108510971069,test
131,42,0.043026625740144764,0.1451574176652595,2.2336869921939773,0.12160376262717518,3.20588433138131,0.9999852180480957,train
132,42,0.02847243273658346,0.10004280429072628,2.550475232104145,0.11889457719954266,2.7362347045275848,0.9987995624542236,val
133,42,0.029337667331718702,0.18217390716340132,2.985556413018279,0.1672081569608685,2.7527264307110575,1.001682996749878,train
134,42,0.04490972732845189,0.18777520355565686,2.59989345899175,0.11090590070409354,2.5786629310146747,1.0010067224502563,ood_test
135,42,0.03703115199088372,0.16753832980469868,2.823706845465184,0.11398615893717101,3.2236816949022713,0.9989725947380066,val
136,42,0.023231135062234457,0.05495908529848126,2.3523972280944903,0.19124811414932494,2.623053919022308,0.9987128376960754,train
137,42,0.039082653754927525,0.10736365095989378,2.8453256353981153,0.19536456280555026,2.6983700261631913,0.9980448484420776,train
138,42,0.03273196082703321,0.055556470113311995,3.006724829266953,0.16323951636430017,3.680941799063902,1.0034735202789307,test
139,42,0.04426339498436249,0.199178108095744,2.4056237014027744,0.14345463101151323,2.916661909080035,0.9993098974227905,ood_test
140,42,0.030103164812034275,0.06764071900795843,3.937930609980025,0.1548533367460614,3.745527470145842,0.9995535612106323,train
141,42,0.036747142473303726,0.10109816795303475,2.332424234344546,0.12518613706529727,3.3979256762439127,0.9999135136604309,train
142,42,0.048313893132398214,0.1707539890015506,3.2935904983760658,0.15002410136097344,2.547309493231748,1.0011438131332397,ood_test
143,42,0.028587402938575507,0.0828427154001875,2.074796946924829,0.14105506014003752,3.970424196690611,1.0039944648742676,val
144,42,0.04231734323927354,0.0871283080142436,2.239558005192907,0.13531000746446728,3.0493242906648677,0.9996320009231567,train
145,42,0.04028199000226715,0.11472416154540277,3.2164531360691875,0.08604589722828618,3.2730861848120356,0.998056173324585,train
146,42,0.0317596675276417,0.054569812178645795,2.742363503695527,0.09037000699174148,3.289921190988312,1.000495195388794,train
147,42,0.034296026667604104,0.0865431794534757,2.159401864342323,0.18889495158363828,3.272186983314848,0.9994381666183472,train
148,42,0.04903897966593772,0.11788066551876593,3.384006486844141,0.0959974282973472,3.79365311450999,0.9972248077392578,ood_test
149,42,0.024604156726811377,0.19171822274910105,2.4448913618587005,0.12565130739847757,2.684341693452576,0.9996622204780579,train
150,42,0.026492708751387914,0.11816823638822439,2.516364328513326,0.10749323841889821,3.330844997163812,1.0019489526748657,val
151,42,0.02231549683099945,0.15841112385578449,3.47886141212631,0.18913740449192767,2.727497878343965,1.001442313194275,train
152,42,0.023282675176940538,0.168049156411303,3.9730909214740384,0.1431814655463367,3.901248985553064,0.9994069337844849,test
153,42,0.026647441278204717,0.06678927485859372,2.275711897188073,0.1434800836852531,3.3045352101767,0.9990360140800476,train
154,42,0.04639392934843534,0.17855661824140218,3.933270613025363,0.1873135695692113,3.930331100399993,1.0027251243591309,ood_test
155,42,0.03908992242808806,0.07576085137063349,3.2672644677428675,0.13290101865144324,2.926587661160304,1.0013140439987183,val
156,42,0.031763078180492996,0.0640613368616044,2.0249762430994096,0.11365783916657335,3.0744621940070305,0.9982344508171082,train
157,42,0.0392042598644181,0.160540471602916,3.1915495104464244,0.1766883321556132,2.580266715597629,1.0018649101257324,train
158,42,0.027022003400696448,0.05900697275203802,3.7973899434617597,0.14628991080185016,2.5528547994719677,1.0007725954055786,train
159,42,0.02851026031026537,0.05809077231005552,2.3816158674038586,0.19625211125966335,2.9724546457705086,0.9976380467414856,train
160,42,0.045985413476797944,0.07293804746826536,3.2771858204446627,0.18309857956945758,2.597679658964901,0.9987035393714905,ood_test
161,42,0.04576641838105898,0.18191855898761922,3.45184102460101,0.16472880400340129,2.642447871476795,0.998421311378479,ood_test
162,42,0.026669341013546788,0.12229191792015695,2.9343266634408227,0.10607511744518006,3.5282441096991324,0.9999988079071045,val
163,42,0.028901016927281656,0.15848913987249483,3.7217306693381293,0.16288134705225435,3.43697968309957,1.0015898942947388,train
164,42,0.04835636980923473,0.17207318877285344,3.726841825876649,0.08260885847145565,3.153787946530342,1.0003595352172852,ood_test
165,42,0.043103561006909194,0.15907316400905158,2.454875547364156,0.12101960389292876,2.7985462821483895,0.9983914494514465,val
166,42,0.04502297878586624,0.07481775777272726,3.9827245930033732,0.1997578392967005,2.928454755038612,0.9990949034690857,ood_test
167,42,0.04623910707713419,0.1631109538913904,3.898301279985434,0.1107680020103686,3.473388962147697,0.9988275170326233,ood_test
168,42,0.048450325648180706,0.12671449138477275,2.811509138046044,0.10271767206004491,2.995426617549945,0.9993813037872314,ood_test
169,42,0.03555206409482921,0.18903213581972916,2.2866697437859616,0.19106591007421372,2.9251077126738503,0.9979596138000488,train
170,42,0.02149209767035533,0.08267807130522856,2.37820314357749,0.13533826421995732,2.9753933155844647,0.999542236328125,train
171,42,0.04429619171770416,0.0733834722776272,3.8503501032405447,0.1188333649139433,2.57181756078857,0.9998241662979126,ood_test
172,42,0.024950384777334925,0.09971277214739632,2.5869264023356466,0.1747092777936016,2.769330097770669,0.9978345632553101,test
173,42,0.03997404674727166,0.1836188076288151,2.945729174253703,0.16207843112433912,2.54744475371576,1.0014302730560303,test
174,42,0.034705267032209525,0.17328619902408843,3.447452319465996,0.12842376127661215,3.031639794903524,0.998598575592041,train
175,42,0.04312873048429883,0.19437201403392063,2.6975216350359474,0.11167969050393789,3.893351083715932,0.9987142086029053,train
176,42,0.031642907361918535,0.15459061720457024,2.24625428471845,0.15374772572344741,3.2133641341768495,1.0004985332489014,test
177,42,0.035721117737917085,0.055429103509449476,2.7166513723363166,0.12643205670978677,3.535623657479956,0.9988713264465332,test
178,42,0.026823750657707965,0.07591764147513858,3.1574152011470984,0.10915316105769216,3.9847144120760296,0.9971022009849548,train
179,42,0.02676278757808064,0.1353940112260401,2.1665150028433606,0.10814937161201331,3.158081363592271,1.0009891986846924,train
180,42,0.029197993926257066,0.11323327273558068,2.7073099180276827,0.17415455900454768,2.7160949158636227,1.0008472204208374,train
181,42,0.049208024886845364,0.087742671296719,2.449097706839141,0.11427026956369599,3.3976655690304005,0.9995136260986328,ood_test
182,42,0.020565797009290916,0.06074483012510504,2.376396770767196,0.08812386905064892,3.513866685710427,1.0002937316894531,val
183,42,0.035873652110217424,0.13175501369382256,2.4756830463841197,0.16769044462936622,3.8979127395897084,0.9982410669326782,train
184,42,0.030580499767350174,0.18626069808737417,3.0811391224888878,0.15132264405096957,3.6318383843682254,0.9994884133338928,val
185,42,0.025742557651972628,0.12662675026382614,3.3997898155696737,0.19619395240708515,3.6766104531160066,0.9973400235176086,train
186,42,0.03289516488410412,0.06843550951808552,3.911811678988999,0.11775349523944725,3.082115377766837,1.0017200708389282,val
187,42,0.02412311269815765,0.17884190961144208,2.8440292286305127,0.1816015093688182,2.505325241623094,0.9996010661125183,train
188,42,0.024713003298511175,0.13852748355010658,2.8526725495080933,0.17988158957161904,2.7785279989855054,0.9997919797897339,train
189,42,0.038147077050028,0.059640404071968876,2.30689253133385,0.1911539203366115,3.6408489796672336,1.0018680095672607,val
190,42,0.03559253026288731,0.18828846105029878,2.6932504744171486,0.1117616126882805,3.6511521132143185,0.9985840320587158,test
191,42,0.035239140926657773,0.13399827945673903,2.214446605416221,0.1093158712721991,3.326394257689876,1.0012822151184082,train
192,42,0.04477650298700145,0.08713361997293176,2.022500782305493,0.1219902262133488,3.1811939136712573,1.0002466440200806,ood_test
193,42,0.04178190012350236,0.19080616527123218,3.5865119524912243,0.18959645097623962,2.790240278896469,0.9998149871826172,train
194,42,0.029231405790667207,0.14067719043364663,3.642484014919078,0.13760427824501426,3.9443948039833385,0.998677670955658,train
195,42,0.03647904207358468,0.1790627870059459,3.065818493760065,0.18545943127474748,2.76119684415333,1.001349687576294,train
196,42,0.04423944820364478,0.15090146621629263,2.227662298714576,0.15185020680608974,3.761843997322848,0.9994162917137146,ood_test
197,42,0.04817139774718315,0.08426163675692211,3.9682072859789264,0.1923433590057857,2.5567231883089847,1.0009841918945312,ood_test
198,42,0.040572611415963425,0.18077486868046744,3.9663806181900307,0.08898686211307796,2.5170476658017322,0.99834144115448,train
199,42,0.042265128127476834,0.10817911083651525,3.75539820186702,0.1318288277202396,2.6943177112204264,0.999262273311615,test
200,42,0.045043411302841826,0.1944000254709748,2.6127887184853775,0.13800050190039184,3.263104302948294,1.000474214553833,ood_test
201,42,0.04124867090964598,0.1155832046379162,3.30816021887129,0.0944822969661589,3.7041915426547654,1.0003423690795898,train
202,42,0.02696090956431801,0.08191187580156431,2.4777990724338115,0.18691334252314462,2.862155637724558,1.0004457235336304,train
203,42,0.03225376791855333,0.0668771461714169,2.605687028478295,0.12048471944140557,3.4078536381977096,0.9970288276672363,test
204,42,0.020405301808479534,0.10115884004463377,3.676758265237914,0.10224326808517883,3.1127930378515156,1.000518798828125,val
205,42,0.03869286507623283,0.11287817416309905,2.5632799013078893,0.11263099032542527,3.007499851445795,0.9988487958908081,val
206,42,0.023413008397259013,0.17695286332852572,2.1913409297216844,0.1340777473756521,3.1754149999556303,0.9987016320228577,train
207,42,0.048253250098794456,0.11392777918704461,3.582473324766244,0.09015095682635262,2.796534525611837,1.0004680156707764,ood_test
208,42,0.03559052608665117,0.19164819350692036,2.5591914460520435,0.14875790479208695,3.1752296235958193,0.9981534481048584,train
209,42,0.02687177145082143,0.10578227143997702,3.4861535103167958,0.1294050018256044,3.298470995934478,1.00363028049469,train
210,42,0.03878327332168172,0.18503838764784158,3.972518795972786,0.14711140285039914,3.2076990933493734,0.9982983469963074,train
211,42,0.04835864293253779,0.13641491085399907,2.0774193654936015,0.12289507368335109,3.0408239636274756,1.0000905990600586,ood_test
212,42,0.021935110699993907,0.13431000984613306,3.977220022749403,0.19091859952006485,3.8981236392428715,1.0021095275878906,test
213,42,0.038966932309738224,0.09062366938754232,2.2733255471420613,0.13816851009548434,3.1654751927447093,0.9985319375991821,train
214,42,0.03953968670782662,0.16654275694316073,2.7519255685629713,0.11828940357818038,2.6394987492204405,0.9994313716888428,val
215,42,0.03012880871086101,0.05726620275888687,2.481457664051174,0.1758082591550767,3.7731472804004746,1.0032463073730469,test
216,42,0.023262781130232446,0.13733739032440337,2.5545402426353627,0.15376452573118943,2.983987800043966,0.9999930262565613,test
217,42,0.048135379171681966,0.11630300579449585,3.546757738453149,0.15198791548389354,3.851796486523413,1.0000388622283936,ood_test
218,42,0.04937577647097948,0.1459757387867331,3.7154721666761072,0.19556490331188373,3.9167157398103254,0.9983984231948853,ood_test
219,42,0.04351823579488627,0.05226218475605109,3.4877943727838505,0.11108796308210643,3.088625224227303,1.0009353160858154,train
220,42,0.040947063600444616,0.13700965886826738,3.647093116640784,0.18032766736731531,2.806164104131744,1.000044584274292,val
221,42,0.04445694508977586,0.1195596012679106,3.484349171667469,0.18254440799861932,2.849980130433219,0.9979482889175415,ood_test
222,42,0.04168372764962335,0.15483276158179823,3.806316019234939,0.1809274350898039,3.6763232105732775,0.9975117444992065,train
223,42,0.031067011859698585,0.1022364410956956,3.2278462275089606,0.19679250361409223,2.8166958605690917,0.9984081387519836,val
224,42,0.0371852907400011,0.10941620885146526,2.3046260268483554,0.1520700127499232,3.6491275290280125,1.000974416732788,train
225,42,0.031483641649280344,0.08994311463963342,3.2930828063606494,0.15494299908222176,3.606163911721427,1.0018689632415771,train
226,42,0.025404577811205524,0.058016286907151764,2.741888081965755,0.19421075736286475,2.8126692416992434,0.997641384601593,train
227,42,0.028909649215182742,0.09456234556591586,3.3663320306529103,0.18031241927775682,2.8629757382960705,0.9984880685806274,val
228,42,0.0323745520447152,0.1850103527889576,2.290683997883205,0.10343262529710932,3.9892365310732005,0.9990208148956299,val
229,42,0.044251801275107555,0.1981649913077846,3.1841256227317114,0.14850122094594753,3.5864476827842724,0.9996869564056396,ood_test
230,42,0.021656322506828182,0.1907102517141786,2.851988895873781,0.15830261115600386,3.241797509584453,0.9997117519378662,train
231,42,0.02747054578355149,0.17655835784139073,3.448227927674151,0.19701741406280276,3.9454273355872655,0.9996667504310608,test
232,42,0.03494104066962744,0.10233835946980753,3.953783074225424,0.15276115223349257,2.804300185747552,0.9998807907104492,train
233,42,0.04826686609514608,0.10292045192108999,3.0300452699307443,0.1636983807924936,2.8356648583807798,1.0004819631576538,ood_test
234,42,0.03885081781347517,0.0541983141524451,2.415990863064252,0.16674107742710736,3.3463598241969126,0.9990677237510681,val
235,42,0.029090725663483787,0.0930304305112699,3.090996773836919,0.1827832617856388,2.792088227098011,0.9990109205245972,train
236,42,0.03326896240943421,0.1944720939824019,2.7444494177604932,0.1487295231173411,3.999061442754877,1.0011858940124512,val
237,42,0.024198573247421272,0.05451613133250357,3.649239900916662,0.12548766308406167,2.8848391114131653,1.0011332035064697,train
238,42,0.03971044359041538,0.13823351696191277,2.177259909046378,0.1273835669806912,2.6298231281610853,0.9996586441993713,train
239,42,0.03525332320047837,0.07142595128353282,3.2071930161172695,0.08715136465779004,2.849484505681695,0.9998165965080261,train
240,42,0.02730110417331369,0.1453347796733962,2.6198429878531906,0.0862245369816015,3.6405167691971974,1.001523494720459,train
241,42,0.04633436951145706,0.14908559327096263,2.5997473797416477,0.08241558376206835,2.596869485407175,1.0006024837493896,ood_test
242,42,0.0485069160348454,0.14908386016736455,3.514741205821986,0.13847806115839548,3.3481194724224626,0.999613344669342,ood_test
243,42,0.04998004985351226,0.18407193706564667,3.6377907674857726,0.16482338065531343,3.0377951036435973,1.002349615097046,ood_test
244,42,0.03085790312931173,0.08202423705106075,3.519073682405814,0.12186386690947704,3.725153703605871,0.9986569285392761,train
245,42,0.04705861720325097,0.1733846696361833,3.4856563009021415,0.11240020235751602,3.0046678815032593,1.0003223419189453,ood_test
246,42,0.03123317544051636,0.17468434681907646,2.12000729504611,0.12126254370640371,3.811637437594203,1.0009026527404785,train
247,42,0.043450115515500445,0.06823779525808245,3.707050705392386,0.08746810952647405,3.7875013895143796,0.9993400573730469,train
248,42,0.03909847439260137,0.08813383226221871,3.4462619300650825,0.1575114193593367,2.6550003160823286,1.0005466938018799,train
249,42,0.044921620104889766,0.08071076035010302,3.544661084120458,0.1362903591965543,2.886694754605396,0.9991466999053955,ood_test
250,42,0.03142147321351037,0.1090126911954549,2.8756765192969853,0.0949993629284684,3.32227079925494,1.0000922679901123,test
251,42,0.03342140166797258,0.0854284318991903,3.6467573451850175,0.10339869561745173,3.3398540542933124,1.0010621547698975,test
252,42,0.043790935184709154,0.12972047050047048,3.0248049882578987,0.18558706223113716,3.9193630545698595,1.0012227296829224,train
253,42,0.02511452131378117,0.1766556116227036,3.3659424630117067,0.1889773611184914,2.7439485409608015,1.0005676746368408,val
254,42,0.047649197177489916,0.07857294583252852,2.3485756601641463,0.09887593656004806,2.6568220908814157,0.9998936653137207,ood_test
255,42,0.040826910128134816,0.19806838673759591,2.5535669929250044,0.17703095251672613,3.4631529119009774,0.9980146288871765,train
256,42,0.04605315565255474,0.11287896783940747,2.3091950249866136,0.11790390183273187,3.718298398811803,0.9969183206558228,ood_test
257,42,0.022658571979424974,0.07718904354663528,3.760013896095508,0.17360275497219574,2.99617466132251,1.002124547958374,train
258,42,0.046154653332134046,0.07580606046143423,3.0399080654921,0.08316272047354467,3.9977520287394976,0.9995056986808777,ood_test
259,42,0.04913118905945065,0.0785071922790362,3.1494273313997576,0.18036979865170533,3.2989024257602884,1.0022695064544678,ood_test
260,42,0.04297080554718962,0.059245703790381604,2.2887253879864025,0.1962346126790273,3.623219748155382,1.0036886930465698,val
261,42,0.029327438400464385,0.08894465058219556,2.335462190144839,0.15747905562128042,3.8825443998129456,0.9976075887680054,test
262,42,0.04180037959865425,0.09711630112838408,3.7387154463546373,0.17787779273707877,2.509559078223539,1.0001444816589355,val
263,42,0.04962416214033392,0.08177718405648143,3.7049729919141035,0.1583718955320711,3.8336729382672425,1.0017714500427246,ood_test
264,42,0.02262077135712587,0.06104556151307554,3.9903293857060254,0.19152164289339602,3.298611447636101,0.9998412728309631,train
265,42,0.04968683938591859,0.08747390755996406,3.7993143005893018,0.16201670499532828,2.716383107309711,0.9968554973602295,ood_test
266,42,0.04107786331697922,0.10168076570753219,3.2209350628201077,0.109258614380475,3.0363155373350628,0.9993298649787903,train
267,42,0.02729235949828527,0.07811305983057645,3.5444998653411206,0.1778108255784409,2.8181852906570812,1.0003628730773926,train
268,42,0.02663939731832749,0.15955734569322455,2.3590989994280624,0.09564320850660189,3.847816453299228,1.0033725500106812,train
269,42,0.029871859242624674,0.11919739110878273,3.262783745649905,0.1670440265784262,3.346492199683394,0.998694658279419,train
270,42,0.03642649246464066,0.19404004454258494,3.2720811606213425,0.1604238327378652,3.310356762430324,0.9988171458244324,test
271,42,0.049780251217028976,0.16528624883898335,2.3617786762032216,0.12610441714068865,3.67665415415444,1.0008087158203125,ood_test
272,42,0.03279885031290314,0.11004491166962005,2.5502524945124976,0.12379308057296162,2.631869703146787,0.9987967610359192,val
273,42,0.040916715430116504,0.09745954755101313,3.6677649377556474,0.19121728331936932,2.59705257217046,1.0013607740402222,train
274,42,0.04382732216869106,0.13368820538460935,2.172059803525756,0.11516183333119204,2.5207682227428925,0.9981542229652405,val
275,42,0.03790078834105211,0.06687373830990412,2.13402581884934,0.13928869327139162,3.1164177173361454,1.000563144683838,train
276,42,0.029820425202145805,0.17794309116911344,2.411394752723808,0.106399564919957,3.4537854409368687,1.0014493465423584,train
277,42,0.043123053116403645,0.1112512662221331,2.4361026725664177,0.1953884611467075,3.6221140219240304,0.9999219179153442,train
278,42,0.02513643023298353,0.0767189741587538,2.3848852096728335,0.18752412031820387,2.7896371946963674,0.9996137022972107,test
279,42,0.04236194147533102,0.170905654664195,2.1510656019285,0.15697902385834672,3.599132236368693,0.9968982338905334,train
280,42,0.03025554776091253,0.19870529931418063,2.7091405698344717,0.12753407906587627,2.7388871955503977,1.000866413116455,train
281,42,0.03238453126354292,0.18373956818666975,3.514630536007595,0.1427834076222791,3.747928965745476,1.001509428024292,train
282,42,0.028151015797407274,0.14131236439603315,2.879786722204237,0.16394474608714293,2.567052813171661,0.9993693232536316,val
283,42,0.03513188562866992,0.18464525280622268,3.5524560639391964,0.1283348731401473,3.609627592507395,0.997389018535614,train
284,42,0.028945460537589545,0.1581407608034889,2.5790121633210363,0.17690950960049073,3.289085517573579,1.0001270771026611,val
285,42,0.03952133574720864,0.09094462603482661,3.3317190754900983,0.16318215547335868,2.588602091571626,0.9971802830696106,train
286,42,0.04299662645031637,0.1681775358998595,3.108616259192085,0.1674735663255376,2.8315607557685434,0.9986032247543335,train
287,42,0.020764543286577435,0.05902678359698478,3.7567039993173355,0.1088320808842898,2.763293929184536,0.9990050196647644,test
288,42,0.04431949273353061,0.15937383515321674,2.900816848033378,0.14284082060027492,2.669157923478791,1.0019811391830444,ood_test
289,42,0.04326292501207976,0.0797201757556643,2.9311063305442127,0.19449607640216884,2.9133764108803843,0.9990352988243103,train
290,42,0.02930528041791941,0.13745720275883352,3.8913284655081286,0.12635662637017758,3.2055381716870075,0.9987101554870605,val
291,42,0.0378909578030609,0.11534354433940193,2.1120968655625845,0.1949474007735182,3.183868997224281,1.0045819282531738,train
292,42,0.040742619853072065,0.1216197687831735,3.8029590781250207,0.0817976176320921,2.794580580562558,0.9996060729026794,train
293,42,0.0220648663940498,0.06418530844301068,2.8279149456105044,0.18585470993893066,3.5916341561313767,1.0018187761306763,train
294,42,0.04053025457840746,0.06343304174781268,3.5000874516508578,0.082925607635556,3.7387960411016685,1.0003743171691895,train
295,42,0.04906930823335068,0.10797192992439558,3.906557493276484,0.11912674156152711,2.5408860611175488,0.9992724061012268,ood_test
296,42,0.03664844592203108,0.11928255750475138,3.026696311957167,0.12327643417525161,3.381695884450369,1.0013952255249023,train
297,42,0.03978302639486432,0.14687358333743608,2.661986349159391,0.1969897446717345,2.765219319412762,1.0019067525863647,train
298,42,0.03407616338043584,0.16378009341340471,3.605810864812642,0.10264138796537195,2.890662131543953,1.0010180473327637,val
299,42,0.028322610590942588,0.085781392423531,2.82124719735758,0.14229525154393186,3.95328435458736,1.000061273574829,train
300,42,0.026185525506411345,0.06616613962117081,2.604409754903947,0.16838575152009277,2.8537296976471933,0.9994851350784302,train
301,42,0.03029351460891052,0.10521293318794174,2.9354832416604104,0.157532596015711,3.4061739395327413,0.9985349178314209,train
302,42,0.020555011627695602,0.11082163786888725,3.676250033663613,0.19770419274242557,2.6986772827927092,0.9994423389434814,train
303,42,0.033847511267158736,0.12484358644287308,2.7004946639815453,0.15201746109961625,2.6526072677428068,1.00130295753479,train
304,42,0.039466848176316946,0.18968124192036062,2.799530164725528,0.15414663422197744,3.041443937860482,0.999919056892395,train
305,42,0.03095512720202237,0.09721773032102443,3.569010138155284,0.13695322727140888,2.859689395466506,1.0000982284545898,train
306,42,0.02023336090116094,0.19329408478193083,2.9056782848151617,0.19442351999004537,3.125182613495193,0.9992455244064331,train
307,42,0.028992313324082815,0.08873204300117674,2.2471988221562946,0.08409395750584273,2.985578099534015,1.0001062154769897,test
308,42,0.03251148171998151,0.08563052928648449,3.205912814599982,0.18863696166926597,3.5229752472197657,1.0033155679702759,train
309,42,0.02976881077860708,0.08461613005594837,3.6631892053522366,0.15233126100074368,3.9388010676593135,1.0001869201660156,train
310,42,0.025344370519031035,0.09535901899314844,2.638721781509469,0.15255279295938468,2.56904258370101,0.9993842840194702,train
311,42,0.04966676115037351,0.16385550999546078,3.098881111360696,0.09109621847633798,3.157618197910034,0.9994940757751465,ood_test
312,42,0.03115229085307731,0.12678581928741417,3.50170483075207,0.1314082081504262,3.1850578401339265,1.0027704238891602,train
313,42,0.03289020166438344,0.13651275956227696,2.397920746442451,0.15228588581951466,3.8165769843727952,1.0000183582305908,val
314,42,0.04162485530770593,0.13711633455925737,3.56392184027389,0.19726464015122297,3.4355442446682036,0.9991803169250488,train
315,42,0.02165258103180991,0.06443460176190499,3.2439751797316863,0.0835499459150547,3.4907919843106896,0.9986648559570312,train
316,42,0.035331479787917966,0.15433198638060946,2.7414369998405648,0.16598755394579034,2.5690573028174817,0.9996192455291748,train
317,42,0.03662234930649827,0.051662430432295854,2.3740933596374156,0.17132814965077187,2.7144846806721743,0.9993457794189453,train
318,42,0.032638674082052566,0.1666589392317644,3.667485750784837,0.18809542441028496,3.1706936517473396,0.9983384609222412,val
319,42,0.029925825902566924,0.1928267865368929,3.563693697568851,0.19575916996199483,2.8856950301105475,1.000563144683838,test
320,42,0.03112008956512957,0.09312570061441075,3.486638665286951,0.18388336909942218,2.977332078294106,0.9987168312072754,train
321,42,0.0345280298961687,0.10009235460691746,2.947445784579858,0.09485692016876023,2.975790654811127,0.999733567237854,val
322,42,0.028734889373876946,0.08293009680069792,2.296077179759661,0.16085804470789433,2.635415005538749,0.9996985793113708,val
323,42,0.0349438527978034,0.19147296837099448,3.739259220416661,0.10912928646593431,3.716328006525491,0.9988332390785217,train
324,42,0.029625851087395308,0.05150960986399475,2.218540812231907,0.10032357397749112,3.437339707032126,1.0013729333877563,val
325,42,0.04065785182073617,0.12769363086691216,2.918418571336531,0.19408316721208857,2.5017546773782313,1.0019571781158447,test
326,42,0.03340047384137548,0.16851294773983827,2.43043568946114,0.12795924517951826,2.861288287035303,1.000148892402649,train
327,42,0.021822986464267374,0.13113701173395076,2.73310969322252,0.15244261775554657,2.8508833858474527,1.0022364854812622,train
328,42,0.0413028748725741,0.08213971509409121,3.9453111531418954,0.10834657942640495,2.6591817037189305,1.001165509223938,train
329,42,0.0351739402778512,0.13602504189087425,3.42764885351696,0.17166954171735493,2.7788110847287455,0.999155580997467,val
330,42,0.04678029167085012,0.0867491924378957,2.320517155753383,0.1698151533949534,2.961692952231328,0.9985593557357788,ood_test
331,42,0.029582619637250764,0.0879546746814986,3.863892387299865,0.09269463541494984,2.855132056394127,0.999690055847168,train
332,42,0.03194870575173344,0.1875934754167533,3.983506974439809,0.16314936762547078,3.7651111971384443,1.00102961063385,train
333,42,0.02484160084024168,0.15887255571238995,3.941645884885854,0.1834617986716132,3.6327034930870727,0.9997470378875732,val
334,42,0.03911950475370371,0.16065109519478,3.4729426833140646,0.0984936604651129,3.986421560868736,1.000830054283142,train
335,42,0.021457290064955125,0.18936211046987883,2.12638325508984,0.1661055344782741,3.0092627987308544,1.0019577741622925,train
336,42,0.04335872788333855,0.1497673443360849,3.6261339924698497,0.08878233334576253,3.816081806369426,0.998925507068634,train
337,42,0.026857519170852318,0.08976887583160585,3.1952384149054724,0.08764270541800066,3.190189231637489,0.9994748830795288,train
338,42,0.022977046599161673,0.05141880081312979,2.4022699910980934,0.15774360211306893,2.838050519809433,0.9993804097175598,train
339,42,0.022526400139448215,0.09648623651054164,3.0745597385672614,0.16599159631395083,3.05650035985541,1.0025473833084106,train
340,42,0.027479319373599227,0.1864644950556959,3.1620770239247813,0.18903660682603635,2.5296900861298957,0.9991697669029236,train
341,42,0.03187992155905224,0.11989042776685939,2.392269424552045,0.18198658672952323,2.5965631082885436,0.9982445240020752,train
342,42,0.034413784119156854,0.16552353792923657,2.54389538207414,0.1291398989479922,2.948153715936093,0.9978092312812805,test
343,42,0.04970513339353578,0.1538405998901459,2.843513797150002,0.08117305055021462,3.959208288507576,0.9996724128723145,ood_test
344,42,0.02588889494910531,0.15746221243150346,2.216482530048048,0.15072299976259895,3.997169503904347,0.997465968132019,train
345,42,0.04282273665565187,0.07359360212210447,3.0167332652474625,0.11063425317221967,3.9537979307766946,0.9970296621322632,train
346,42,0.039643563780313903,0.1472284083420367,2.5518271285175214,0.1507560214520997,2.5376754753301536,0.9995464086532593,train
347,42,0.027476815135912568,0.08157076393991422,2.050688382747922,0.10513386565452103,3.266794251358673,0.9999891519546509,train
348,42,0.03418838250483936,0.1277549206992503,3.5208526850695687,0.11661729136961571,3.929006803775052,0.9995660781860352,val
349,42,0.04362795498012343,0.18661307031696212,3.9363556501739305,0.18203113494217,2.970109353306114,0.999333381652832,val
350,42,0.0351022577968501,0.13286896862667635,3.3633131547772046,0.11675646903835137,3.060810289417528,1.0012948513031006,train
351,42,0.03460201331642956,0.1035311966465941,2.8343199849178013,0.18871095042963348,3.895760290685037,1.0001258850097656,train
352,42,0.03014041939267538,0.10843493630402903,3.0828918266189653,0.16981901878637642,2.9184604121918905,0.9995161294937134,train
353,42,0.021898564485489897,0.08134187137333204,2.410944462604389,0.13038306383618076,3.7244299727148924,1.00107741355896,train
354,42,0.038919958954632766,0.16932930498500026,3.170894794128293,0.10993551861909166,2.5724342252845376,1.0009320974349976,train
355,42,0.03563845372092529,0.11809709985540585,3.8340264512200926,0.08741255498769943,3.349598524732773,0.9978323578834534,test
356,42,0.045022726854588704,0.18805038203582164,3.0753874228713443,0.15830092026470688,3.9436707289994732,1.0018807649612427,ood_test
357,42,0.041075041921158024,0.1204485140362949,3.4159170463648003,0.18957459905750684,3.5478937409490037,0.9982110261917114,train
358,42,0.027681138076905334,0.14114583435465383,3.294858542720018,0.18993068635833876,3.797738891975006,1.0005006790161133,val
359,42,0.027890439460679924,0.18244950645798375,3.185773769795821,0.09699059980718101,2.8672259933563975,0.9998652935028076,val
360,42,0.034327479488670036,0.13846240757438616,3.0748291559273433,0.11353891482573152,3.5487034067445924,0.9990900158882141,train
361,42,0.04967988068072904,0.10762669183914911,2.2449885094821136,0.19351226094694224,3.6616916015764303,0.9979544281959534,ood_test
362,42,0.028660204725209547,0.10230995401881077,2.2885339148153543,0.199604480160182,2.7084402888956185,1.0015771389007568,train
363,42,0.048494546137040365,0.18702478014651103,2.135657589317823,0.10405479221843814,3.505549153812839,1.0017820596694946,ood_test
364,42,0.048713359916804616,0.17405100877595445,3.8332488247192162,0.1442313257991933,2.6216369833118263,1.0018746852874756,ood_test
365,42,0.02067182106429166,0.05527724278426736,2.7703941254288225,0.1411626310274335,3.7515123888037687,0.9976821541786194,test
366,42,0.030783571589015006,0.1922092617881897,2.5645700404491536,0.16974281850463813,2.904076355375758,0.9998313188552856,train
367,42,0.037672279035959794,0.19076668162327842,3.0787320794660658,0.11247663289506417,3.7073617713194693,1.0013909339904785,train
368,42,0.041256544466846956,0.06192520709748379,2.620426101720665,0.12266454431541647,3.990712263874749,0.9970903396606445,val
369,42,0.03861717152394353,0.18213278849900078,3.3338608579780846,0.11732401685600238,3.993866211897905,0.9945926666259766,val
370,42,0.03562679471201569,0.061466024061243116,2.5562341024211372,0.11654527558092181,2.9296281871886998,0.9987733960151672,train
371,42,0.021838812627393813,0.06269385563679993,2.4617159140338982,0.17416696498746564,2.9130590781416403,1.0030711889266968,test
372,42,0.0360777175691554,0.1178570316980807,2.414259557822602,0.1585377442416505,3.3394000681248825,1.0000718832015991,train
373,42,0.033281529159046724,0.06298643934281405,2.5482131422654373,0.08179866166525203,3.9646580197003707,1.0012004375457764,train
374,42,0.026770377691147765,0.05028885533293759,2.5733917460515743,0.16274328699828686,3.4656085724155608,0.9985551834106445,train
375,42,0.04659625205135948,0.08542797424830405,2.538762033676224,0.1524123255923881,3.183055342367129,0.9998736381530762,ood_test
376,42,0.02327744758548109,0.15281440917424452,3.2413500146304264,0.16962882623393088,3.2177414998563867,0.998418927192688,val
377,42,0.02201463203579243,0.11188594388970509,2.1882532676844226,0.11700035959362953,2.745631803315618,1.0006687641143799,test
378,42,0.02653352930323353,0.08265555429886584,3.051691691115958,0.12462282081506623,3.496662993347625,0.9976975917816162,val
379,42,0.028028223507851842,0.09342686328495603,3.411219548922868,0.13425128715427978,2.9518801277126143,0.9973964691162109,val
380,42,0.024986270846993053,0.16312152522497841,2.659321948196324,0.08821181156762897,2.8408499488277856,1.001813530921936,test
381,42,0.030454994514389117,0.17708951732666017,2.653124741835712,0.09616870019927151,3.6628781793801277,1.002029538154602,train
382,42,0.03987095359064449,0.0939575818009881,2.150546293523224,0.14407058531856903,3.1419036819107906,0.9994546175003052,train
383,42,0.025902820587494713,0.10202450392610503,3.0346979995168732,0.18929324234323253,3.969069665751615,0.9997961521148682,train
384,42,0.03796794407523609,0.07880295797581986,2.70599634276324,0.13598187214458474,2.653930085156329,0.9991209506988525,train
385,42,0.031342756906572546,0.148258202878219,3.88140503233776,0.19972706629363768,2.643758001314239,0.9985901117324829,train
386,42,0.024088259017677503,0.06371435534151691,2.800996559502086,0.14355168139892305,3.235646747045206,1.000808596611023,train
387,42,0.041003435904846716,0.17211057958059922,3.064602211601602,0.1527599760171565,2.6985771076676492,0.9988905787467957,train
388,42,0.03550185435665448,0.11827871131717527,3.5690074698881515,0.1589027152155196,3.8858518842951146,1.0010813474655151,train
389,42,0.034408604510606705,0.06924357758029,3.387048979218786,0.08207207671801364,2.8420981146987985,0.9993287920951843,train
390,42,0.03907663519872296,0.06104246705742607,2.2848641405760697,0.1992788907645372,2.760022278282229,1.000333309173584,train
391,42,0.02218271830539276,0.16610076811851815,3.8779197697109202,0.12359429734373789,2.753311658018305,1.000798225402832,train
392,42,0.03327158526293563,0.10939804356617752,2.0705314443849905,0.1696981810027727,2.8216841806490467,1.0003020763397217,train
393,42,0.03318409766428491,0.1844628788500659,3.6015291819945046,0.12742769727820338,3.574618956551567,1.0008420944213867,train
394,42,0.03790764762159397,0.1728328512822001,2.2996633446358525,0.11017894483430687,2.9160137576180554,1.0004034042358398,test
395,42,0.03422146963498159,0.16461348685602425,3.441653524801322,0.1556807380194054,3.887982391148231,1.0004650354385376,train
396,42,0.04014400848871329,0.12540048979711219,2.403667708187311,0.13209159645311214,3.945784051516566,0.9972254037857056,train
397,42,0.0323993065528181,0.06645289585530288,3.5361657907723734,0.09258819131427423,2.6723224172331825,0.9993398785591125,train
398,42,0.039519430871208294,0.07431700224310658,2.233484108665419,0.12669292348143857,3.8795069191202374,0.9994420409202576,train
399,42,0.032886996160024676,0.12365969351488144,3.3255348983737063,0.11464186901577014,3.1979081093772352,1.0001626014709473,val
400,42,0.04811349745219495,0.1665968454867614,3.99680438917448,0.14967083340309772,2.6457265504258953,0.9989850521087646,ood_test
401,42,0.03329799422940032,0.054810803084470415,3.5050721935197924,0.09652912970941269,3.514223647570167,1.0004366636276245,val
402,42,0.027828885730283755,0.12793453846546826,2.754935641096707,0.18816513675135835,3.1468275252119695,0.9992862939834595,train
403,42,0.04546035243709383,0.15654507992726452,3.0660097328872054,0.10324176280019043,2.5284282420408815,0.999073326587677,ood_test
404,42,0.03577093834933111,0.059516387007069904,3.918575016934428,0.16158069330315214,3.609029707807017,0.9979745149612427,test
405,42,0.028600319223093036,0.07921341262351753,3.9556139807862754,0.1461291576043112,2.9207125386169976,1.000239372253418,train
406,42,0.04609455292506674,0.07769892332942697,3.816667228404069,0.10386866219323948,2.6564234741763335,0.999168872833252,ood_test
407,42,0.03802331016705354,0.1654411442421544,2.374392513247025,0.16922407750565452,2.8222717091036995,1.0012246370315552,test
408,42,0.04287880394206814,0.12242343354744535,3.0390349681618583,0.18498670734338601,3.5665314210192616,1.0026445388793945,train
409,42,0.021973464226221276,0.17062179901016405,3.259897583208283,0.1637523877157368,2.675160192361524,1.0004829168319702,train
410,42,0.02926923004643927,0.11488285639971278,2.2172358340153537,0.17047692877348167,3.6114370478121156,1.002739429473877,train
411,42,0.02464669101633888,0.15791555642661298,2.218596181063015,0.16361643160142808,3.7670923509865433,0.999473512172699,train
412,42,0.024363582516342328,0.1685950654531268,3.390166799969455,0.09048342491954289,3.571364020639056,1.0013841390609741,val
413,42,0.041103611683295016,0.18240587802806885,3.3927799045860905,0.15872808103209513,2.9120754955378723,1.0016696453094482,val
414,42,0.04076582802763056,0.1982166421279492,2.5866466301590174,0.16861495975672364,2.5458641343443893,0.9998554587364197,test
415,42,0.04099438395894104,0.09382416145257602,2.828766536201611,0.163044586617357,3.420327183956431,1.0012733936309814,val
416,42,0.030347666501165153,0.1338583599832428,3.5875164633215086,0.19461503613708328,2.9500473961806715,0.9989020824432373,train
417,42,0.029657310375069267,0.13765088794815689,3.957346945748478,0.18331065351960557,3.696708394057622,1.0014746189117432,val
418,42,0.04710735802153568,0.05964385784299693,2.763056517788722,0.17417436377507944,3.844470873238404,0.9994140863418579,ood_test
419,42,0.0446139569692429,0.09486554507643574,3.880753248148245,0.09628198461936564,2.811289205285979,1.0006787776947021,ood_test
420,42,0.020562965858433726,0.17011750954532476,2.3231865599909294,0.11550008328877587,3.1386003505618576,1.001041054725647,test
421,42,0.027483806587851392,0.18169658734596622,2.398598031194857,0.17525182857878882,3.4854420237416432,0.9987651109695435,train
422,42,0.03869443565161801,0.12818544711319177,2.068260814387589,0.16458826675742605,3.452580623094679,1.0020573139190674,val
423,42,0.04431677032333099,0.09319821608084586,3.8918300777323482,0.17879606122880454,2.8161916352823226,0.9960265159606934,ood_test
424,42,0.04869707051231137,0.14162832795048064,2.312333455203565,0.19300422967226155,2.723911123620792,0.9998779296875,ood_test
425,42,0.04084885261450176,0.16864667162048,3.046484545106333,0.14267133196090304,3.2555140718853917,0.9970507621765137,train
426,42,0.0345385854603035,0.16677163937489736,2.324280765571605,0.15280193352922947,2.6304731262666388,1.0007119178771973,test
427,42,0.03813124822234746,0.07343222502194899,3.3051874393273417,0.17778256555142907,2.7149856351015185,0.9997142553329468,train
428,42,0.020952801888676733,0.18301530504777308,3.5312185043076543,0.1070447760863071,3.661624114767032,1.0014290809631348,train
429,42,0.04728003948584416,0.18518044600967348,2.2040518512629164,0.15761328184936307,2.6297490959935015,1.0004336833953857,ood_test
430,42,0.040801526287118334,0.1126951796967435,3.2066031128337813,0.1072432212621735,2.741042271484423,1.0005402565002441,train
431,42,0.03217194000856342,0.1213547845880024,3.317351217962277,0.1180349895700741,3.400315280162934,0.9995912313461304,train
432,42,0.048295204767518946,0.11435049030027036,2.3664560491111026,0.18296573903722732,2.9557457169989503,0.9998477697372437,ood_test
433,42,0.029498733557388336,0.1560021890240723,2.5871559079980413,0.12854955376864824,3.155227774004061,1.0023646354675293,train
434,42,0.022186497614904217,0.09161606014101203,2.63953693355131,0.14940187631766905,2.8777814463453666,1.0000951290130615,train
435,42,0.021909835307606193,0.06624223054158718,3.3012203115540744,0.130547660208437,2.831523223459736,1.0008209943771362,train
436,42,0.04610147591271413,0.08021635493580771,3.4573097761738847,0.17386554056104403,2.6405722811021803,0.999312162399292,ood_test
437,42,0.04671391025417537,0.196763086355429,2.4502930600106607,0.14972347723767898,2.8887365558443077,1.0009077787399292,ood_test
438,42,0.03401751640779138,0.0746547661146877,3.4086681450051897,0.08275106176087535,2.958483301824772,1.0010871887207031,train
439,42,0.043619351180317595,0.09861065132692595,2.7885904001645843,0.1679565898487858,2.9131416301755255,1.000087022781372,val
440,42,0.024972056706688207,0.0795652891483731,3.4781330865218507,0.10980046174178354,3.488955525098191,0.9981985092163086,train
441,42,0.03994396574069489,0.10887130455611599,3.4742716972155807,0.17318122680565434,3.504843528619352,0.9983702301979065,train
442,42,0.027674731419586745,0.07495408290837886,3.411748891186644,0.19463257150424046,3.26315672378664,0.9980417490005493,val
443,42,0.04752235126334277,0.17603722946009887,2.623022171134429,0.16681884527596785,3.925961682332339,1.0018545389175415,ood_test
444,42,0.02647949680714138,0.0738738414649815,2.0432873129443325,0.084681428931812,2.6976794906156356,0.9987956285476685,train
445,42,0.027498449180929686,0.11065230740076776,3.1164982044647322,0.1367830336748233,3.0514325490930547,0.9977309107780457,train
446,42,0.023361637559281553,0.11658442258395944,3.9127660552307733,0.13177076053721662,3.737354111090529,0.9996908903121948,train
447,42,0.03714762008471792,0.07236651984635312,2.191578139145378,0.18722065331603455,3.446626131473034,0.9978451728820801,test
448,42,0.02897988222453535,0.1114512746877278,3.3404829333220487,0.19177527738729128,2.8735922696772214,0.9999215602874756,train
449,42,0.03151984899516232,0.16932632139987885,2.0728286586817832,0.11920840337973063,3.3326103451684848,0.9988795518875122,train
450,42,0.049949258232942106,0.16744831444560893,3.369778745188385,0.09632810013805199,2.7481111714827087,1.0003273487091064,ood_test
451,42,0.02353426127593049,0.08581691631436006,3.3223291316215837,0.1827127258063155,3.543206086276244,1.000827431678772,train
452,42,0.04869692999417572,0.18752094172377276,2.139159070298488,0.1924111606332079,3.8118638507910987,1.0007445812225342,ood_test
453,42,0.021628454136857662,0.08676373514599083,2.3205375078487185,0.1970215214174535,2.9640890684845833,0.9991005063056946,train
454,42,0.041912857614047686,0.08508661231918119,2.6284684849915605,0.0929681835143249,2.920314282367422,0.9992908835411072,train
455,42,0.04741251699497522,0.07905088590789258,2.4219125429006403,0.1692625112203187,3.720630304712825,0.9995830059051514,ood_test
456,42,0.036639309849402016,0.07271695456703856,2.3040052398405244,0.1832062334291012,2.897249636762031,0.9975179433822632,train
457,42,0.049578566468293846,0.1825713442993777,3.4539261898632185,0.08626315751783192,3.5038823622295663,0.9995667934417725,ood_test
458,42,0.024472826977354242,0.08618554354353838,3.3929838228160483,0.1719045573491295,3.220609234970858,1.0000253915786743,train
459,42,0.04550230335299685,0.0709530244066632,2.608423592273673,0.0835106500976522,2.979303914330103,1.0002460479736328,ood_test
460,42,0.021783108890419563,0.0753762187199654,3.5045564155849527,0.18105671569921794,3.3169056099598584,1.0001953840255737,train
461,42,0.04900300157017165,0.07689649412091151,3.2698881000983793,0.1887570328848605,3.1327667098041614,1.002297043800354,ood_test
462,42,0.0314677117086955,0.05847698119607938,3.852279982061636,0.08645320111150967,2.5028964934123934,0.9996526837348938,test
463,42,0.04370097901302497,0.06749691495723556,3.500926547879984,0.09163627360950563,3.245343321854043,1.0000629425048828,train
464,42,0.03533186702233667,0.19991708095179184,2.868150188307947,0.13580132809713047,2.8134934789782062,1.0005128383636475,test
465,42,0.02426807496531442,0.10016159409916622,3.541899852306532,0.16997562500600227,3.2076860280356367,0.9986684918403625,train
466,42,0.025766779123675816,0.18606271207753694,2.080568753545852,0.1649667187976199,3.9105365473041847,0.9971884489059448,train
467,42,0.0346018104236989,0.09237653808063587,3.9624453077865143,0.09413296747651319,2.970228335717643,1.0012006759643555,train
468,42,0.029620597075433595,0.1636386538774774,3.371023566625671,0.17461889964067473,2.7340700167016943,0.9993723630905151,train
469,42,0.03711232922893329,0.1797734516520813,3.984729080234149,0.18501896134628898,3.0121583887068777,0.9986061453819275,train
470,42,0.02178344112647303,0.12384618176617877,2.2434898754753325,0.15860133746180594,3.385927159046971,1.0027105808258057,train
471,42,0.03061597662516089,0.10074432161319236,2.486065824106082,0.15028547537340864,3.4097259833234963,0.9981048703193665,train
472,42,0.027215437492250416,0.15171806353068112,3.198377668706178,0.09903392141179844,3.2340811602893305,1.0017271041870117,train
473,42,0.036446184138606355,0.13543580257391308,3.713091364734757,0.16304955419116796,3.4378492886466105,1.001417636871338,train
474,42,0.0465614528233106,0.05751303909485109,2.475288674227568,0.12436717721191475,3.1378797924596338,0.9972957372665405,ood_test
475,42,0.02680997327644348,0.15975212049026816,2.4823425280013165,0.11409357983181281,2.996729370455885,1.000119924545288,train
476,42,0.02224617680457766,0.1006581165483049,2.85573492424301,0.13002608096679838,3.5505214699114376,1.0008158683776855,train
477,42,0.03581273619458625,0.0936828295555392,2.192494199037502,0.11674185203402498,2.7402050156820064,1.001487374305725,train
478,42,0.03530343251556281,0.07053027228650403,2.536418957956858,0.13947526420010126,3.586488459547909,1.0036646127700806,train
479,42,0.0447157880945589,0.19485892294435114,2.7170192410439014,0.1540923136937679,3.1640968398046416,1.0001587867736816,ood_test
480,42,0.030758936336023363,0.14443432184404117,2.757590559511619,0.11350440024098085,2.514012771527017,1.000158667564392,test
481,42,0.04959417508684977,0.1803858478089499,3.7178486125075616,0.12784625934725113,3.291519111332488,0.9997774362564087,ood_test
482,42,0.035658089620262456,0.08044645744634873,3.193018899157134,0.17402534459053365,2.6499241903942603,0.9995913505554199,train
483,42,0.028358363641241786,0.12273485086492204,2.6209734528772994,0.13828539591254285,2.7691322783449888,1.000230073928833,val
484,42,0.04172777714917045,0.052373342558631304,2.5113747843207044,0.14356165008005117,3.1170111535231975,0.9997290372848511,train
485,42,0.04956280017500569,0.10844942202052141,3.499405678495392,0.1766973696538415,3.18608545956303,0.9998799562454224,ood_test
486,42,0.03466023777771309,0.16479594553822802,3.935238037180146,0.08907779460952646,2.8529540362394465,1.0015736818313599,val
487,42,0.023525001483642317,0.1624516926552657,3.4369530718690453,0.08077820019394846,2.824261668242106,0.9998981952667236,train
488,42,0.026860327568506488,0.17236787945929233,3.42732161480186,0.10125704057085383,2.992145501884141,1.0009217262268066,train
489,42,0.03318132726082769,0.15521340476538115,2.2870471425500867,0.11171798122650456,2.9543196340064894,1.0004355907440186,train
490,42,0.025272608398079238,0.10687785818529219,3.0862003746699087,0.16168663275136536,3.9650453274628794,1.0013322830200195,train
491,42,0.0314432155907649,0.14564107626872136,2.492431801266995,0.19918211005842745,3.125299059391529,1.0031099319458008,test
492,42,0.03754085409643171,0.19374932981842757,3.4710334286446356,0.16673822113883197,3.2103708651361242,0.998418927192688,val
493,42,0.04772041746547288,0.18790259532539733,2.5139693221880095,0.14253280066856627,3.949229611887574,1.0000977516174316,ood_test
494,42,0.03746276841294002,0.10689793933694831,3.4077407482346636,0.12051785673649149,2.647943557953978,1.0010257959365845,train
495,42,0.037859515728347753,0.09771635459065547,2.971638407452066,0.10791915340781319,3.470684098027899,0.9981206655502319,train
496,42,0.03579219552151791,0.0570826924066294,2.2684127507918115,0.180047408035165,3.7044185642880105,0.9966146945953369,train
497,42,0.021417517895414875,0.1416500044512679,2.411264076426784,0.09585496185274726,3.531523374167722,0.9998413324356079,train
498,42,0.03494636869397601,0.14486818627471287,3.001707159548821,0.14030045555135187,2.8615970770464036,0.998488187789917,test
499,42,0.04614833015972252,0.1383710084531242,2.7081083194768096,0.09166684915544192,3.2695668927565826,0.9980686902999878,ood_test
500,42,0.03477081938801367,0.06706539003885426,2.468780248090404,0.08475972370873017,3.0272889856084166,0.9991838932037354,train
501,42,0.04355085986224883,0.11014052175245119,3.797248592183989,0.1884714507756421,2.5190810121620593,1.0000871419906616,val
502,42,0.04690850153003619,0.1781756743586314,3.302275026143943,0.11575029102238213,2.971330917812874,0.9991405606269836,ood_test
503,42,0.022753778422229306,0.14833777069622006,2.0226447249698394,0.10352250192290488,3.516574946592522,0.999019980430603,train
504,42,0.035044279181256494,0.1497194288871176,3.9727328028309037,0.0907373110766465,2.528828557819681,0.9990744590759277,test
505,42,0.031085888232362156,0.08688957079190757,2.721975310481093,0.16946177788361466,2.9301086442521727,0.9997802972793579,train
506,42,0.02357121935797214,0.10628820067746561,2.9196871302155456,0.11103643274995953,3.913576104842858,0.9971214532852173,train
507,42,0.027357420707542653,0.11177866234533473,3.516798717695974,0.10379441610977272,3.0015899019718297,1.0007891654968262,train
508,42,0.02151124401118281,0.17264460670802603,2.8514009951491515,0.1297437364678896,3.8718754502436807,1.0024241209030151,test
509,42,0.0366508145775066,0.11259280210127878,3.0823336754916486,0.10311915823253544,3.9765469322260856,0.998351514339447,train
510,42,0.0357866594341621,0.18947136658863206,3.3450128599810425,0.1409358336599058,3.4916371185731996,0.9982297420501709,train
511,42,0.04663586437138042,0.0757456573334287,2.067889783392677,0.15030436630895944,3.9731438780856587,0.9986774921417236,ood_test
512,42,0.04961561105746687,0.15877903048680025,3.5373156601215197,0.1232790188224977,3.3319520769203246,1.0004770755767822,ood_test
513,42,0.043993139828141244,0.0926711868048797,2.690155154088712,0.10902529353453526,3.5306496863174637,1.002962589263916,train
514,42,0.04131384444097903,0.1293457281415537,3.3655602933989206,0.13961374629202275,3.1236986176771837,0.9996069669723511,train
515,42,0.024602788649432515,0.09304309166127164,3.5918169601969,0.13074098480672752,3.6992839725904085,1.0029237270355225,train
516,42,0.04502486169010945,0.10091958372807011,2.815000701075276,0.1513554337714782,3.8844439823894623,0.998522162437439,ood_test
517,42,0.029766764223714187,0.05256822539714219,2.4564360933994114,0.10864712068623034,3.190602014898582,0.9974265098571777,test
518,42,0.04523480591437902,0.09598286479892623,2.5571220772368957,0.15233920729675826,3.9447671619143563,1.0019959211349487,ood_test
519,42,0.0402541304041985,0.16799829377105385,2.7158067784656508,0.18414878663901152,3.3684926120547187,0.999103844165802,train
520,42,0.04267881676577427,0.18797500125553185,3.1533071139343702,0.16991014157308304,2.735189513508901,1.0014550685882568,val
521,42,0.02758350817999062,0.19491294420642719,2.0430407275760434,0.12372681132928295,3.5102731531931144,0.9960446357727051,val
522,42,0.0379532188123209,0.05689096299179686,3.214803269665855,0.1260005105207969,3.519773019628884,1.00247323513031,train
523,42,0.04123582925130953,0.14362469127134558,2.697584814365899,0.08310863278579712,2.8932947191545293,0.9979326725006104,val
524,42,0.038433825063466154,0.17728860120561962,2.258707789134268,0.15997606570270795,2.815769691830999,1.0002996921539307,train
525,42,0.029795851300690242,0.07772811487324517,2.881455167844891,0.17845944263345057,3.130555142300243,0.9991967678070068,train
526,42,0.02094816721708533,0.10086345835183375,2.8218019330016606,0.15927411920181167,2.5528434885079134,0.9995466470718384,train
527,42,0.03238837702061009,0.18343788614511936,2.706703255963372,0.18285124353024096,2.8854213353030174,1.0016565322875977,train
528,42,0.024110054229358996,0.10275498841844546,3.60369964255566,0.1499828475442353,3.070842259244675,1.0007423162460327,train
529,42,0.025910848662453044,0.19056312409771808,2.981383768270679,0.10743650772834398,3.438728637425604,0.9976637959480286,test
530,42,0.03536319631384075,0.14741731643941836,2.8658472532060744,0.17859932704777268,3.9239840430141246,0.9998536109924316,train
531,42,0.028012090013780785,0.091837791674296,3.6672966049196285,0.09790636981164846,3.802598988980178,1.0024299621582031,train
532,42,0.04880876585242547,0.12151186005241912,2.350163540302617,0.1743653769483262,3.876009923331372,0.9981422424316406,ood_test
533,42,0.021160404485773776,0.136858909496343,3.219194710889659,0.18503654325616403,2.8376054073065284,1.0002790689468384,train
534,42,0.035639007474776066,0.18813952829010233,2.3112893847480347,0.12883949823704324,3.4081837111416586,1.0000886917114258,test
535,42,0.04915721287093861,0.18969751278418534,2.3846890166009462,0.1754723656850315,3.9828306027685425,0.9951587915420532,ood_test
536,42,0.030547640106382588,0.1842845915809075,2.900512611664086,0.09277580672031661,3.7694593682493522,1.0006015300750732,train
537,42,0.02995039644168742,0.12563133186976036,2.605876257913038,0.1412708952941768,3.173097078022225,1.0001826286315918,test
538,42,0.026420707769508896,0.11359520315837877,3.737278616356587,0.09172795316663475,3.632232459081949,1.0008418560028076,train
539,42,0.0489965695195842,0.10906298475099846,2.984323284587476,0.0997645562685033,3.2457499531704714,1.0029079914093018,ood_test
540,42,0.041268298560167845,0.13217226279839955,3.252539030626708,0.1584737585569042,3.9206403112086523,0.998779296875,train
541,42,0.032862392743950586,0.07808973773263993,3.643779876419816,0.16281304732646282,3.6853231382858085,0.999182939529419,train
542,42,0.03222713463667576,0.09574559564139157,3.8656887237413917,0.12059682212339737,2.7800935259927275,1.0006086826324463,train
543,42,0.022299152815831065,0.19499436560497901,2.7664769483177554,0.09119115071601742,3.855746980839567,0.9968648552894592,train
544,42,0.045229620337972856,0.10346613244125583,3.3317342147516333,0.1609749366929217,3.1595624850454227,0.9983426332473755,ood_test
545,42,0.03369777337268059,0.14829869596143683,3.0477641762547956,0.16374511050123722,2.7427479732426616,0.9995047450065613,train
546,42,0.03356007631752818,0.12286972903010912,3.502312467068861,0.17401481507931904,3.4934327293126692,1.001078724861145,train
547,42,0.021001150191954615,0.13985128105897165,2.496901992765251,0.15423782582674017,3.27041454906743,1.0001702308654785,test
548,42,0.041630364916126254,0.17230136771665447,3.026084803806345,0.16017442423953432,2.7780385383442985,1.000288486480713,val
549,42,0.024560857428142936,0.13906343533289578,3.1279469602643015,0.1907775870446931,2.624584778402861,1.0014598369598389,train
550,42,0.020868131984003717,0.19359687940671688,3.6055342951124882,0.1730898096907709,3.194138465871346,0.9983307123184204,test
551,42,0.030399630901853332,0.06964674198782161,2.745273783964346,0.1593459054675968,3.9058232392997314,1.0060198307037354,train
552,42,0.040978748159679876,0.15865656993911936,3.07263969498074,0.10396984462603029,3.8940586309232543,1.001651644706726,train
553,42,0.026027268372408464,0.18533110028490124,2.5874026940922485,0.19544829933460417,3.5733611806078236,1.001483678817749,val
554,42,0.026935192767462885,0.12455595429713302,3.240458734706909,0.10942380835985654,3.645190237606459,0.9978883266448975,val
555,42,0.027386381144488384,0.06166346636127561,3.3437261100659423,0.19588193400259774,2.7680700155327087,0.9995192885398865,test
556,42,0.030231395845048453,0.1868029131846765,3.3503062447054237,0.19561760713306794,3.3583698590815225,1.002037763595581,train
557,42,0.025203867875609045,0.15604293108044542,3.140849780577873,0.08433310446108588,2.857788077833877,0.9981575608253479,train
558,42,0.046510654867707134,0.17702730130952848,2.6820898726915945,0.11619068694807874,3.6479036445689648,1.0014269351959229,ood_test
559,42,0.025498911177525355,0.14625325159760183,3.5028955746585573,0.16670878809917833,3.84387922606603,0.9997202754020691,train
560,42,0.04082149336273001,0.06912509750752505,3.622640454827239,0.18565541492688187,3.521202428666711,0.9963898062705994,train
561,42,0.04629424346701656,0.053532240496667556,2.651709965881188,0.1874367127453896,3.59011000609331,1.0002007484436035,ood_test
562,42,0.025021760932390183,0.07820680601810141,2.8191801681397064,0.1429882928212751,2.763991214494098,1.002101182937622,train
563,42,0.021060932926963406,0.11943462248025598,3.748758198506625,0.12588780877421632,2.820906783378998,1.0003540515899658,test
564,42,0.049819405796437226,0.11519154208257706,3.909766227139796,0.18804315219151108,2.689627201031523,1.001089334487915,ood_test
565,42,0.024866624721350507,0.0904938547806005,2.6053506875437153,0.1714973579992396,3.6612429123522503,0.9960072636604309,val
566,42,0.041011130751027886,0.14024654654218605,2.114574392287862,0.0875785933679388,2.5192843234826254,1.001739740371704,train
567,42,0.024656981804361502,0.0779166220571794,3.102012185338188,0.087227614895934,3.2593294868098432,0.999392032623291,val
568,42,0.042871592644196585,0.07820209423488188,2.073796777332263,0.12845322172048912,3.2597010908535355,1.0001448392868042,train
569,42,0.02181432007721966,0.12271483175586127,2.85213579691326,0.08928566865466939,3.4337171582353534,0.9996504783630371,train
570,42,0.038655354188895125,0.07954433861077598,3.5096710192028633,0.12326484132247528,2.515656788254296,0.9982102513313293,val
571,42,0.049638829566489635,0.11941877820034708,3.085548638634262,0.1406995124882592,2.7365206989723534,0.9999271631240845,ood_test
572,42,0.04388862871496941,0.09907019012693377,2.234320211626925,0.09826553824783914,2.5441282429931835,0.9991005659103394,train
573,42,0.020402858524575098,0.11617655693759259,2.8310267438278762,0.1350121427884018,2.817588632560537,0.9993177652359009,train
574,42,0.020682592932266167,0.10712404028773277,2.460428179673237,0.1464015521603386,3.370889307779175,1.00299870967865,val
575,42,0.024883473446659286,0.10197878938364487,3.160267053555752,0.1771387587375299,3.9415795459377336,0.9991962909698486,train
576,42,0.023345472247100683,0.18375351712218918,3.1551187088580477,0.09777900477196516,3.7450760074233562,1.0035278797149658,train
577,42,0.043134647417217536,0.08082675243079371,3.048490852600157,0.10664880034935828,3.7573386994021933,1.0022892951965332,train
578,42,0.030486852497604786,0.15461775984339576,3.0879690853539747,0.1776204902105805,3.045312748542917,1.0027358531951904,train
579,42,0.048125786106295004,0.16302000005953704,2.3655412096360506,0.16727562107750904,3.8308268466756155,1.0007187128067017,ood_test
580,42,0.027402241663056028,0.18072744039890137,3.5427861075353873,0.16391197143593964,2.6506133821854805,1.001381278038025,train
581,42,0.040820176492545775,0.07457997059454552,2.763226264074055,0.08822134441583944,3.291168574276074,0.9973331689834595,train
582,42,0.04141496384555424,0.1201594436987594,3.6111633434637125,0.13270522936218618,3.9193312371063835,0.9993897676467896,train
583,42,0.020107376794413757,0.05268757081406007,2.3896068706463627,0.17007785570658637,3.8448095478648354,0.9987916946411133,val
584,42,0.03071642021563764,0.15162700718671027,3.7281074162266306,0.17620823182578788,2.5346801552740263,0.9983047246932983,test
585,42,0.04195155034193408,0.07414590940442792,3.2458733851072132,0.19853497904338444,2.993068764066675,0.9994478821754456,train
586,42,0.02565385756314287,0.15076402453627444,3.7752607515867096,0.1330708990881774,3.5009984072305356,1.0008625984191895,train
587,42,0.029500348224725543,0.0700456332117948,2.3810569660494494,0.16352607145434123,3.9733176471048184,0.9995925426483154,val
588,42,0.026513690664299837,0.08055412228584731,2.551997748392683,0.12051233238017607,3.1509063325309787,0.9995872974395752,train
589,42,0.021326577507419977,0.19815207978679822,2.228856851833384,0.09248706481604405,3.7884294176025257,1.000077247619629,test
590,42,0.03665449764982138,0.17909035762008407,3.3270683682698268,0.1819285645045653,3.2235319433860297,0.9984081387519836,test
591,42,0.040798771775580986,0.09086887675183095,2.7632859160720082,0.10511659951901214,2.704250074933671,1.000889539718628,train
592,42,0.029189651885581917,0.19178826808652255,2.8456425134432113,0.14955646749055285,2.9235935315052632,1.0015106201171875,train
593,42,0.023235703351062967,0.18385232266002288,3.654925450488041,0.14923277078886418,3.3834681760611156,1.0022168159484863,train
594,42,0.028673603873559043,0.09560595397748023,3.3448809635461725,0.11170007761722583,2.5043864874479103,1.0007867813110352,train
595,42,0.03770281889545563,0.10797496969531581,3.3841099572323694,0.1141123179602942,2.9772254899587547,0.9990605711936951,train
596,42,0.03376089346639572,0.1439764581932308,3.5337845429830357,0.10028639674798909,2.6362367372780637,0.9988999366760254,train
597,42,0.03652846264502331,0.13811574161895307,2.060588105825256,0.1379886879583679,2.9912989129664185,1.0003682374954224,test
598,42,0.03511235740285075,0.10879674212900291,2.7132537278245743,0.09097216555110811,3.998080076641383,0.9997907280921936,train
599,42,0.044633204519663974,0.13304330296525937,2.8634905335705656,0.12467197701978357,2.8337654264105225,1.0025553703308105,ood_test
600,42,0.0408106256056645,0.19894073728269324,3.9886220251934965,0.08332656306154375,2.7550663651726977,1.0000587701797485,train
601,42,0.0340989394444898,0.13081932884118597,3.5211858665936795,0.11351860424453926,3.2651627996058203,1.000583529472351,train
602,42,0.025862080688936504,0.18557544634151424,3.0778075573052908,0.10488370727859889,2.870802501239323,1.0009576082229614,train
603,42,0.036324022653361446,0.09920132376705249,3.389561418270658,0.08457475299814338,3.5603175193562997,0.9974544644355774,train
604,42,0.04753084111410549,0.15932938679248643,2.441366668335922,0.08668687541450858,3.645247808535614,0.998993992805481,ood_test
605,42,0.027497182979002034,0.1789654516985988,2.497754483460483,0.12238197699343382,3.3785650329102115,1.0004956722259521,train
606,42,0.03804167875427288,0.19548168516530384,2.056020975878182,0.0958896656758492,2.559501233100548,0.9989351630210876,test
607,42,0.04108349592129705,0.12157006922804675,2.5833050878776556,0.10688601023413426,2.550529103848614,0.9993289709091187,train
608,42,0.023353748240132106,0.18965303602272487,2.5501040006470026,0.1817973457879143,3.300873461030011,1.0024255514144897,test
609,42,0.028352613596702297,0.17835210022545667,3.5663349123746535,0.1964765818251536,2.860082633856595,1.0007034540176392,train
610,42,0.028713972389109388,0.19884572339908813,2.874785523517719,0.1308135793634242,2.784094139820067,1.0003434419631958,train
611,42,0.02636558874240781,0.18711297254608916,2.831249788816568,0.19666181910167463,3.245257066697458,0.9994134902954102,test
612,42,0.02687154617959153,0.11190705507122893,2.113378418155233,0.17476804270234841,3.897764516121055,0.9968619346618652,train
613,42,0.02223167914123798,0.10294729680428669,2.9715489983920715,0.1982264083887847,3.583710811108969,1.0001723766326904,test
614,42,0.03670759080061408,0.1248106639703557,2.339630331443087,0.12130526628180266,3.4081267208284225,0.9994021654129028,train
615,42,0.027664790538286643,0.1576800240416081,3.1253966116755305,0.08325028199358711,3.9991917980148437,0.9982873201370239,train
616,42,0.045615797454692034,0.12373724923508606,2.2918257707128555,0.1669024615088917,2.7861688852583346,0.9996809959411621,ood_test
617,42,0.02405174226404544,0.19511051525279044,2.679058155256728,0.18583238331890872,3.7424824316308074,1.0003851652145386,train
618,42,0.048378825181614876,0.10063687939299601,2.4665065331273786,0.1415382131479481,2.915527091542833,1.001104474067688,ood_test
619,42,0.03760064947135541,0.06364200689359024,3.304595900265677,0.10799865436617936,3.437731493682577,1.0016989707946777,train
620,42,0.03304738389417657,0.06097060981827421,2.4494350057368393,0.16031233216455582,3.088169632897946,0.9978557825088501,train
621,42,0.025758232489740476,0.07759006942536949,2.5091955010878593,0.1959939130075109,3.011572991937538,1.0019962787628174,train
622,42,0.044562991779178954,0.08350214130796202,2.485380947822108,0.09730584473893705,2.881303632205243,1.0026689767837524,ood_test
623,42,0.028677011542792258,0.07122000237147638,3.01945051793457,0.10642042305538552,2.627305051598325,0.9998032450675964,train
624,42,0.0252405385549288,0.0628666961937444,2.8753587006625887,0.08875360354570118,2.571086298983718,1.000941514968872,val
625,42,0.04218557181673127,0.10508632147597545,2.255490833433792,0.08434802646942892,3.5384253799854672,0.9999185800552368,train
626,42,0.02369525533032804,0.07192103611671491,3.0515854965074647,0.144275828080054,3.833756103368964,0.9964075088500977,train
627,42,0.049425146577096776,0.19799222751680012,3.6233529394388304,0.17741023623763796,3.2953217864506956,0.999569296836853,ood_test
628,42,0.041207300822691376,0.06385200904453793,2.752840621460438,0.18690677911159004,3.2932994303125698,0.9982601404190063,train
629,42,0.024152756647494153,0.06909596717146799,2.956200101052765,0.1510471252067943,3.5602361022097107,1.0015230178833008,train
630,42,0.03407570120388814,0.10089658485797648,3.751775182958957,0.09192871562866015,2.86377244321148,1.0004301071166992,train
631,42,0.039736174804134425,0.06831818748228329,3.1370262130114357,0.12831367455867848,3.208355342864807,0.999008059501648,train
632,42,0.03839640857262692,0.17980340637247894,3.7100081882979525,0.11934516991034487,3.2252111108272254,0.9997748136520386,val
633,42,0.02220128504280137,0.09910580924648696,2.297267390326059,0.10960854398913508,3.6665786346975984,1.000239610671997,val
634,42,0.02763682063351399,0.05709195289324489,3.0826983772254026,0.10465070686388425,2.8313679455518495,0.9995904564857483,train
635,42,0.020340776026491623,0.08281997645934544,2.6696218678025376,0.11848849585264531,3.263860137981118,0.9981948137283325,train
636,42,0.043782329885494506,0.12516903196105056,3.69595713303361,0.16378945702711573,3.2194581087955134,0.9995320439338684,val
637,42,0.04875843478715407,0.15861589250567532,3.173005704238044,0.1825178431948229,3.5826293721700857,1.0022910833358765,ood_test
638,42,0.046957090713587,0.15939039719917458,2.5705044350401196,0.15869206968417576,3.966065719980935,0.998375654220581,ood_test
639,42,0.027290319843631096,0.08237344500616295,2.690466097725122,0.10483531215985906,2.5069782605189803,1.000654697418213,train
640,42,0.03665677429636201,0.08232922520614092,2.9181700984675416,0.09756271008571368,2.760043672198017,0.9991557598114014,train
641,42,0.026919199859601374,0.16134185708373264,3.2588973706675928,0.1908937424636975,2.660827896245232,1.0003442764282227,train
642,42,0.0221674891705877,0.12878581984595416,2.184924490349187,0.15025314160344433,3.0051412213170936,0.99967360496521,train
643,42,0.022805501577352064,0.14675825826486752,2.9066746349761825,0.11640138314821735,3.176214204555098,0.9986741542816162,train
644,42,0.022855526544535723,0.1725098532407376,2.2942297648829166,0.13860868269258667,2.696980801794533,0.9990533590316772,train
645,42,0.02331307868225018,0.15850123539912647,3.1137771616335037,0.1671571889054177,3.308202109514056,1.002379298210144,val
646,42,0.029469598448361407,0.08942362724986483,2.7337301919260053,0.1574982977430566,3.28804741196806,1.0025124549865723,train
647,42,0.020011489151555973,0.09854855087077505,3.0748728114878743,0.09138554236355029,3.0590272807882704,1.0008643865585327,test
648,42,0.03854733121990548,0.10204154103476612,3.4357339396096416,0.10102568208834077,3.483372269485699,1.0008578300476074,train
649,42,0.03639432879519211,0.06280299705919506,3.08796795815456,0.1505879031558098,2.9307713806513105,0.9987372159957886,train
650,42,0.024999026932536243,0.10176105840346626,3.7110850693313484,0.17334394901438271,3.7790933280677637,0.9998117685317993,train
651,42,0.026742133824433956,0.16779191323606213,3.334952163765137,0.11912553454497538,3.7993350214012382,0.9972550868988037,test
652,42,0.025719969505132518,0.08044803832986924,2.152368013512197,0.09034054579240117,3.933746287315693,0.997953474521637,train
653,42,0.04859617646846792,0.05878806431903029,3.9817845997645067,0.16331610876699532,3.9816253209211725,0.9989365339279175,ood_test
654,42,0.030659584208246757,0.17584633854224718,2.1455129633473016,0.12130048942346362,3.8663025593043643,1.0011863708496094,train
655,42,0.023555909520965018,0.09317902326340946,2.309455075783584,0.11338873352921025,2.8722588728266363,0.9997600317001343,train
656,42,0.03982586789414503,0.13013131945805784,3.891751124855663,0.08006124272870672,3.263369079181957,0.9993540644645691,val
657,42,0.020838223985936193,0.18330780898057025,2.7936313138449407,0.09877182297319557,3.9546229399644677,0.998497724533081,train
658,42,0.030203664689287542,0.06755869998493363,2.775390485563239,0.13634315798450997,3.5018233083243158,0.9999549388885498,train
659,42,0.04556384546592154,0.0815329596818532,2.1092351526250814,0.11338265880070421,2.751458175131594,1.0000064373016357,ood_test
660,42,0.032241849455132726,0.14561778001622822,3.1342808253968863,0.12240992736085754,2.7743357468680045,0.9998733997344971,val
661,42,0.04704093023091982,0.1346375299844793,2.1630656257596486,0.18749508235740137,2.854380167169609,0.9999578595161438,ood_test
662,42,0.025598242874443483,0.05789269532169755,3.4395145439178734,0.17525533671231908,2.530622834792531,0.9999378323554993,train
663,42,0.048862953266406245,0.1341539421607173,3.7210112392842882,0.11882843509115296,3.1140792708133476,0.9988117814064026,ood_test
664,42,0.03706183370825227,0.13945465880268937,2.545153510591095,0.16973944374039834,2.5877096201491225,1.0000540018081665,test
665,42,0.04895272302943038,0.15326167789939638,2.6083991644680022,0.0956129999664698,3.043629619523469,0.998895525932312,ood_test
666,42,0.0359032657553377,0.122773958961005,2.1706146557199206,0.09445117118873415,3.5163075375969797,0.9993041753768921,train
667,42,0.0475807973198637,0.07057038812475408,3.330494213851214,0.10674893861511348,2.917070250313905,1.0003132820129395,ood_test
668,42,0.027102234451815768,0.11510905554561793,2.2239457875898037,0.14598307104114588,3.844772313585863,1.000831961631775,train
669,42,0.02586040523958515,0.12412873426631138,2.2980060911795315,0.16558651761437007,2.925838093135794,0.9988514184951782,train
670,42,0.04516561860873371,0.19966694015679415,3.291550467681563,0.18260648312899325,2.9258308627605656,0.9968713521957397,ood_test
671,42,0.021774177585781443,0.1075765633926208,2.1743052850951567,0.18646880925667847,3.1606845173724762,0.9978941679000854,train
672,42,0.048484580510146424,0.0734272891275563,2.2634503078012456,0.1584066921039141,3.263264454212641,1.0018079280853271,ood_test
673,42,0.03318495384215729,0.14608659157471274,3.8677114474989596,0.10211409118578509,3.000071928027999,1.0009684562683105,train
674,42,0.04200439441162569,0.12929846271808282,3.46621609221098,0.09950122258079248,3.6038684327425297,0.9997770190238953,train
675,42,0.04753969712758126,0.1317686017827971,2.5213815729904026,0.1995666282861171,3.4370018567174903,1.002173662185669,ood_test
676,42,0.03086696752771467,0.17805164805145796,3.247640948465331,0.12297858551293808,2.971293631207474,0.9989402890205383,train
677,42,0.021632695221127124,0.17216633584329794,2.630551812344638,0.14742989072606813,2.6080914225219565,0.9977617263793945,train
678,42,0.024664077730917562,0.17742604077042168,2.672396047053602,0.1389675128809436,3.750529121080751,1.0014915466308594,val
679,42,0.04551070767410931,0.08894267106620593,3.8940198467312293,0.0846330629776627,3.3085769737123147,1.0006237030029297,ood_test
680,42,0.0436822779550184,0.07204303808599538,2.620506491891348,0.1059923604660136,3.6535042317731605,1.0016698837280273,train
681,42,0.04549260855405672,0.1644088751301488,3.2169906579684504,0.15183782714885882,3.703221417195857,0.9996962547302246,ood_test
682,42,0.020481978142065035,0.14023528493714937,2.4287409993327076,0.17358357269201663,3.8992607123612784,0.9958627223968506,train
683,42,0.04985835965024567,0.1825766343571089,2.628562012909135,0.18888516628512572,3.521553603366309,0.9984276294708252,ood_test
684,42,0.046689419423413134,0.1614368024439533,3.258295584366717,0.16302753732101247,2.91322493125806,0.9992350339889526,ood_test
685,42,0.023391047195292877,0.1235437723065404,2.1836775455281066,0.13229221654926704,3.0355714380076817,1.0000410079956055,train
686,42,0.03690052890163582,0.16137647143210743,2.46768754445712,0.1401560779823729,3.255633270090356,1.0019259452819824,test
687,42,0.03340661998361357,0.1339767489934605,2.7384923925403486,0.09171361986811394,3.9389272304299396,0.9987753629684448,train
688,42,0.041329401848887795,0.05529430057135017,2.583412496681202,0.14868419605662075,2.572608330250532,1.0003621578216553,test
689,42,0.03777073589633771,0.17361046563235275,2.062118834512739,0.08763586497305487,2.9561515618768204,0.9997574090957642,train
690,42,0.028503570654646627,0.08835297436779421,3.4493193316227027,0.18417333352774845,3.822628166582665,1.0007243156433105,train
691,42,0.02848319594417239,0.18278750236327757,3.8035321929150117,0.1104346647310626,3.194151373597867,0.9976836442947388,val
692,42,0.043438754526572754,0.1926065409496021,3.33721296825435,0.11628985011230501,3.3837932923328586,1.001155138015747,val
693,42,0.021956075295866,0.1563878073679431,2.788226042453142,0.13510457579077456,2.7359641057668362,0.9985039234161377,train
694,42,0.048102152510603347,0.06422723222089505,2.348522769121769,0.13409641067662337,3.2119643710680053,0.9991054534912109,ood_test
695,42,0.04905901871389315,0.14329401872444295,2.2830322781134518,0.14583580707304486,2.669960422652482,1.000685691833496,ood_test
696,42,0.03345254009300087,0.07727615244785414,2.668331329194868,0.18180879339783312,2.838252826991508,0.9998914003372192,train
697,42,0.03271167414357397,0.05180171014559029,2.4052472959773255,0.14390257855214422,3.3835349129487895,1.0012564659118652,val
698,42,0.03057829642914881,0.14901377605239824,2.6625362609745933,0.19849139587827716,3.7461652140407193,1.0024023056030273,train
699,42,0.028179391824668457,0.15310102927480823,3.2454460653321267,0.16619481187889495,3.811965508630941,0.9996710419654846,train
700,42,0.04586163068753496,0.1603319194968844,2.224860640249921,0.0981783451517047,3.6100817235636047,1.0007388591766357,ood_test
701,42,0.03644778657397638,0.11446118405035247,2.1298844608773058,0.11602928267108231,2.5602068812066068,0.997847855091095,train
702,42,0.03681279912534721,0.18937823903205003,3.6391837368806073,0.16685494695572708,3.6475509747009793,0.9990049600601196,test
703,42,0.03300651700490274,0.1144835792919652,2.9291003011120322,0.18600970557499308,3.1324204543030807,0.9987537860870361,train
704,42,0.04815163723829155,0.15137013790102333,3.2095991023346793,0.1433670871270807,2.937640168035319,1.0002219676971436,ood_test
705,42,0.020315989779193813,0.13569828529821848,3.488263546095525,0.19957076787699446,2.8568475830750595,0.9995740652084351,test
706,42,0.03902825711313809,0.07515554829565066,3.4507024836780293,0.1622115419268788,3.2606322357816637,1.0002185106277466,train
707,42,0.03397995942708302,0.1894832826762568,3.8792963216715055,0.14188932582011832,3.487673237941684,0.9995098114013672,train
708,42,0.048439486106172804,0.09680322819345616,2.5587763131570718,0.11542279275049011,2.6953610005160633,1.001200556755066,ood_test
709,42,0.04357818852241657,0.17781009746509813,3.0275794384663337,0.17696827467607762,2.8148221599433865,1.0018280744552612,train
710,42,0.04920128378773993,0.08177671680474521,3.0467528292760413,0.08406549435126111,3.302107862568957,1.0001280307769775,ood_test
711,42,0.038531647296057,0.06958218337081287,3.5755632236993966,0.1154487601650222,2.9411420145125944,0.9990274310112,train
712,42,0.020548495460176116,0.17019980166961182,3.91473706692096,0.08957776067035168,3.9787864156658546,1.0000052452087402,test
713,42,0.022073706213633654,0.16782436207260915,3.9518455771827385,0.11434843923175012,3.5353837813476083,1.000540852546692,train
714,42,0.027634940269075526,0.18457506880035768,2.1183616533253575,0.09409273149703312,3.9202971414003773,0.9990017414093018,train
715,42,0.04905890100863483,0.1442627324805501,2.016449524160729,0.11102504180328361,3.935938807865551,0.9994593858718872,ood_test
716,42,0.04656862877109557,0.06818727029520304,3.495675140294961,0.08074566295313455,3.2018347712835693,0.9999136924743652,ood_test
717,42,0.04195953230067681,0.10786173415355065,2.80882262327128,0.12641642211302587,3.565097445020978,0.9986202716827393,train
718,42,0.0404858195625746,0.1283935717163584,2.0802675942722364,0.13654864178097803,3.7422903065012423,1.0008249282836914,test
719,42,0.03802538454164331,0.12547974611064955,2.973976510865529,0.09676627188514336,2.6979973061880904,0.9997124671936035,train
720,42,0.04061318862914655,0.10391963908009255,2.065070331146188,0.18622305984334186,2.75173892848946,1.0015970468521118,train
721,42,0.0473352964401024,0.14651549975219463,2.983193695564884,0.12116702552275149,2.6923319621997157,1.0001288652420044,ood_test
722,42,0.032095455956406074,0.11457463963935301,2.6530753788886066,0.18745648882675586,2.8634764746327033,1.0006388425827026,train
723,42,0.043529551693713725,0.09201553747973035,2.39919105687801,0.16268992889655154,3.351022422584415,0.9977521896362305,train
724,42,0.02393183315242408,0.1634738135404647,3.671540446917611,0.1515368680037693,3.112500423663872,0.9990860819816589,val
725,42,0.023211317353460263,0.1788505099180676,3.3777120442385757,0.12803563185185238,3.6122434480530847,1.001366138458252,train
726,42,0.04145227253091309,0.16051800273915962,3.0109188403375233,0.17746246454698028,3.911479695078503,1.0028213262557983,train
727,42,0.0320403503192766,0.11530750372577507,3.531085953963781,0.09293812621409103,3.712466670890697,0.9977561235427856,test
728,42,0.04451716282507078,0.12519761161166487,2.836481696572535,0.13058078803587972,3.625393867649507,0.9953501224517822,ood_test
729,42,0.0398177103606161,0.09611533796696653,3.846606467880057,0.1893440870110504,3.30040197331971,1.0003759860992432,train
730,42,0.031056589958315763,0.19296647230927072,2.473876853527243,0.12004241530511403,2.524780717832627,0.9987730979919434,train
731,42,0.0397209209771555,0.10843563694073348,2.178610960048345,0.1916524153013791,3.8579922836681897,1.0002624988555908,test
732,42,0.031525126240729166,0.08191062961732548,3.6229058669523417,0.17733401128908163,3.425711800659938,0.9988901615142822,train
733,42,0.024195203652697478,0.11563995931666536,3.806779946188212,0.09583834323925908,3.0448196949923254,0.999374270439148,train
734,42,0.0414009483331305,0.05347701696749556,3.426770563619077,0.08460885662255124,2.5714012222587392,1.0006579160690308,train
735,42,0.03303624727448115,0.19131932415941633,2.40936565997218,0.19344483490067765,2.856943438709442,0.9973329901695251,test
736,42,0.03753189431936657,0.0882137797228062,2.911330762581217,0.1571888883990751,3.944248308707028,0.9988322257995605,train
737,42,0.04546016960365823,0.09355211355284816,2.2151630427345177,0.12849290151965542,3.3540326950494768,1.0005909204483032,ood_test
738,42,0.031847731001601876,0.06077620418673098,2.965493064462432,0.11665127777606146,3.109472833474663,0.9986735582351685,train
739,42,0.034299337911976285,0.1449027592422898,3.608332479187271,0.19641383863952822,2.68381186075347,0.9991461634635925,test
740,42,0.043517858083394104,0.059226664395642434,2.074330032447925,0.181007347034969,3.539921074340361,1.001378059387207,train
741,42,0.028400541707760893,0.17881395674983191,3.4419448641541006,0.19960044293484502,3.7115922707056725,0.998437762260437,train
742,42,0.04288875859923143,0.1436234998605717,3.285840740982932,0.18465443431331013,3.313780235202771,1.0011353492736816,train
743,42,0.03350593839428369,0.18910007459772038,2.979913628084045,0.18749406316153933,3.5335400786052746,0.998479962348938,train
744,42,0.03420416604727342,0.12520209912954205,3.0426485787092172,0.1879373532095398,2.5145225834061136,0.9993683099746704,val
745,42,0.02500974536493851,0.16257911214892218,3.4854426405317387,0.15463986022791276,3.8700790979746635,0.9989103078842163,train
746,42,0.045550583418735996,0.13002271049650926,3.5665983653632147,0.19941383307421,3.1672308746504045,0.9989972710609436,ood_test
747,42,0.04162365906944328,0.09203931969585957,3.803679652434382,0.10854908601305972,2.957678127698278,1.0012056827545166,test
748,42,0.03360129127426745,0.18706944699990719,3.931574498647287,0.10955613176986123,3.3044941866189763,1.0009496212005615,train
749,42,0.034335124888079,0.1363115971956372,3.9466260871993235,0.19674568221418243,3.284812527126698,0.9991731643676758,train
750,42,0.047992986719355944,0.14712707781760528,3.7063912838476627,0.09670927879194818,3.894031766824021,1.0003212690353394,ood_test
751,42,0.029169026867443257,0.10827985530476364,3.968794259455546,0.08900429602982507,3.793386321097871,1.0001301765441895,test
752,42,0.04917088964546919,0.18438506625058626,2.3467976110598943,0.08399625606940807,3.5518325947134475,0.9960736632347107,ood_test
753,42,0.028717647115737762,0.12056342701255182,3.410755316120629,0.15155156364951827,3.5837088822847223,1.0020122528076172,test
754,42,0.04941409528193662,0.050757918479377204,3.392696401820144,0.1362305447253255,3.798730270577659,0.9971582293510437,ood_test
755,42,0.0442240704639393,0.07416713327093825,2.0056210269931958,0.1875611034344906,3.7414490535744735,1.0001842975616455,ood_test
756,42,0.0454405180274841,0.17261989198555233,3.9133553415775437,0.1887687741037756,2.932575580659467,1.001917839050293,ood_test
757,42,0.03504629583793617,0.08395738814584969,2.884699226408134,0.11957843115165695,3.175374114179626,0.9988142848014832,train
758,42,0.03884393817064027,0.05872031594585074,2.6381893135931236,0.12016010289234631,3.8384327532224463,1.0015602111816406,val
759,42,0.032012283468938044,0.14773396822226348,3.6977311750520205,0.16034876835321274,3.250165109163268,0.9989837408065796,train
760,42,0.02356110858656391,0.16102421108002,3.1264401994512045,0.08755218896545157,3.2358692025888764,0.9988611340522766,train
761,42,0.04010092490315435,0.11025024986164127,2.774600865013924,0.13757177081770175,3.2498207100825374,0.9994509220123291,train
762,42,0.04828100335224614,0.13329693188136352,2.084618400452076,0.18190266591865423,3.8045115750403617,0.9989811778068542,ood_test
763,42,0.048786004650925335,0.17438152539306725,3.709106029364888,0.09014321378297274,3.563338593268804,1.0000040531158447,ood_test
764,42,0.04344573312945797,0.083047999641922,3.3119031056384545,0.08126255105750653,3.689334210176181,0.9985970258712769,val
765,42,0.0328203559296623,0.18351479643478885,2.469111167815007,0.1289102981554176,3.2278142156302043,1.0020617246627808,test
766,42,0.02876183782462073,0.19788602041633002,3.1550046126210503,0.18361183952607144,3.5276507143237987,1.0004507303237915,test
767,42,0.048229763716649665,0.1646137308211522,2.169036458241067,0.178889468409492,3.745643748832837,0.9988884925842285,ood_test
768,42,0.04728947472224306,0.1810570669244912,3.9006680590154197,0.0987679457753292,3.351552196633672,0.9988279342651367,ood_test
769,42,0.04386238418126569,0.1448292866456058,3.9388281175293534,0.19453164333620537,3.3403486485205,1.0005418062210083,train
770,42,0.036409820153110936,0.06981969676779776,2.304783328668236,0.1794405655810904,3.4176757303606076,1.0004117488861084,train
771,42,0.047404462259590885,0.19565409332283107,3.287512567902257,0.16528995158893553,3.9549475645964174,0.9990479946136475,ood_test
772,42,0.030237623568908793,0.08541015048402997,3.230651877500474,0.1452189317992454,3.763989747304361,1.0013288259506226,train
773,42,0.029798277926892144,0.1046324234602508,3.157142282413275,0.1501658047837243,2.616293339826774,0.9994035959243774,val
774,42,0.03714179658816064,0.1267782509660339,3.164160975446552,0.17926019797120024,3.779266296724854,0.9984824657440186,train
775,42,0.027803878387048557,0.0630294487841541,2.9734327447666375,0.13737155698124984,3.5623943498050643,1.000034213066101,train
776,42,0.026922117066891117,0.16625108000118477,3.9955241282810343,0.11700249105232752,2.6243009063428175,0.9987156987190247,train
777,42,0.03819172783552874,0.11142763108422946,3.7394967990474584,0.10228525988457461,2.513714160929702,0.9995310306549072,train
778,42,0.047697785756731975,0.0720997675613338,2.0073896904930084,0.11469322988053435,3.6388021981963314,0.998701810836792,ood_test
779,42,0.029443081303190007,0.07115799923801706,3.5305477850314038,0.12978122171060041,3.9421430798188224,0.9999037384986877,test
780,42,0.03165739897748168,0.19822092335578284,3.602437645403974,0.13220242501092386,3.599477707754937,0.9997894167900085,train
781,42,0.038753569146831555,0.186831131127555,3.955414244096078,0.15403210131495537,2.720101920762471,1.0019407272338867,train
782,42,0.04148660316977427,0.12025559825968239,2.1000677977551248,0.1412988246356826,3.7387596184699587,1.0009644031524658,val
783,42,0.04317604249499719,0.08301776961409665,2.281766760636797,0.11094445797765579,2.525182665331876,0.9981451630592346,test
784,42,0.039316534683513774,0.17822259041140487,3.1754698301714432,0.1210514762815752,3.3349918546405717,0.9990167617797852,val
785,42,0.028384307142006855,0.14854211188729755,3.1158850544896994,0.10319456873964084,3.2742521235886897,1.000337839126587,val
786,42,0.044485371204674294,0.07549790929244082,3.5815923556610767,0.17946056791473242,3.287285652647843,1.0011377334594727,ood_test
787,42,0.029053467280324936,0.06955496005982378,2.791764204539847,0.09508093121034188,3.8506580699597155,0.9989569783210754,train
788,42,0.03813290316940114,0.18707383740275435,2.2784621032629553,0.14133398092471944,3.495040627241627,1.0000410079956055,train
789,42,0.04344488553928255,0.11641675167516315,2.987248228922324,0.19754446479336746,2.592992503623914,1.0002260208129883,train
790,42,0.03249822943293138,0.19284475802331952,2.5818361809717167,0.1197138327883803,2.9426675572747936,0.9995959997177124,val
791,42,0.022764018369610506,0.09854911131369351,2.5418360333188597,0.12099472916665645,2.997437707748106,1.002030611038208,train
792,42,0.034630872240020844,0.1670968103572451,3.459661870763106,0.18955620901492579,3.118562653316687,1.0023208856582642,train
793,42,0.04220322144691517,0.12480534920535623,2.3812501565668,0.18194275549922753,3.4356515981124005,1.0055536031723022,train
794,42,0.03626522744723676,0.13285302327048565,2.017964710274489,0.14812528858055776,3.9619593508834883,1.0029492378234863,train
795,42,0.04103481902359011,0.19084101066496884,3.0250497155666927,0.0899914506505364,3.9059476804402213,0.9966170191764832,train
796,42,0.030166664678647433,0.06743209454829623,2.9192831480307717,0.13203307352115223,3.470340414597037,0.9985671043395996,train
797,42,0.046628137798399305,0.1558309366643949,2.91944594875769,0.1335479019641354,2.9938291510589474,1.0005227327346802,ood_test
798,42,0.03738809802710609,0.16935514388284045,3.3174972600498793,0.16210548838823846,3.728444171299975,1.0022923946380615,train
799,42,0.03860259925710596,0.14467027159356732,2.552718589976797,0.13205273269825996,3.5090893598055883,0.998668372631073,test
800,42,0.03942521138012331,0.11459835591863844,2.52640575400378,0.1326979572896487,2.7443475626027967,1.0008591413497925,train
801,42,0.045890525133371454,0.19366809940144664,3.3065755186847934,0.08458101598054361,3.6450138621584935,1.0025559663772583,ood_test
802,42,0.040676134267598064,0.16133483874453358,2.831523259402923,0.19389658470569748,3.8627744618255218,0.9966769218444824,train
803,42,0.04369173887887429,0.15908876400435382,3.8374001743384962,0.11378749840847618,3.667937826246553,1.0022753477096558,train
804,42,0.0312521318647974,0.07885856360805543,2.4378731237424676,0.1944844773260156,3.477899006192336,0.9975102543830872,val
805,42,0.023531134729868706,0.16271945078913058,3.4096431686842052,0.12730044591485148,3.914326755698384,0.9980967044830322,train
806,42,0.04098985099360798,0.13190226474099698,3.2311880623640077,0.0995018028523866,3.787409808378164,0.9979679584503174,train
807,42,0.026554740930855227,0.1398112872153523,3.631770151867266,0.11298485603572633,2.603771606357891,0.9989763498306274,train
808,42,0.03292499529645247,0.17267229002594153,2.016381542204611,0.13713732460456637,2.554219877129422,0.9999186396598816,val
809,42,0.04696633679618503,0.1420563281586066,3.852800900075217,0.0936231808443799,2.5766494158767412,1.0007718801498413,ood_test
810,42,0.04075401735015107,0.1000032454737518,2.6398394423835745,0.14627737400634833,3.769761031763064,1.000984787940979,train
811,42,0.03957434697065166,0.09502767216021377,3.5105586407689056,0.13649764703360864,2.983050417629201,0.9992930293083191,val
812,42,0.03622783542482809,0.0903837395767507,2.826579784882792,0.1851145747223849,3.7396734575638355,0.9998985528945923,train
813,42,0.0399853326871388,0.07241083606745488,3.1494578668347177,0.19496888558283898,3.556619943876444,0.9973942637443542,train
814,42,0.040353021891329874,0.08653722069120964,3.390620091985422,0.19868408447348912,3.70775078730231,0.9956585764884949,train
815,42,0.03924253699474449,0.18291521727872556,3.9039635492021123,0.16769461303725416,2.553397809193621,1.0010745525360107,test
816,42,0.04254388370993942,0.1486379963579419,2.2120594304848584,0.12426839074753226,3.1152777056810135,0.9995603561401367,train
817,42,0.026758682703333567,0.1584200396670603,2.979933752895265,0.1751742050699088,3.2394037256022004,0.9978533983230591,train
818,42,0.02691130841819526,0.16884336026972038,3.1392248331910024,0.12148978131975907,3.301298301846947,1.003190517425537,train
819,42,0.02307791128976675,0.16865518431449628,3.0969580103661345,0.10300952090188259,2.750460049671502,1.0024137496948242,val
820,42,0.022341790743192685,0.16367552842059369,2.9782061149789465,0.17555198871602962,2.6043976308424632,1.0017541646957397,train
821,42,0.02270739756391635,0.12728196370644773,3.9611292111750798,0.1967202262946233,3.881874973036591,0.9999720454216003,train
822,42,0.03813599944981495,0.05319340840777723,2.4334238495514118,0.08614305559378677,3.5874460336017484,0.9986906051635742,train
823,42,0.02011340415897289,0.11334664044461584,3.626555141806576,0.15520997236568862,2.850015027422372,0.9996723532676697,train
824,42,0.03389104409010913,0.06645609972654404,2.8277183348694264,0.10098386172226739,3.5560806793560493,1.002340316772461,train
825,42,0.028582620559946932,0.10590288226803098,2.1551674185477174,0.14164861614415006,3.7307079053103163,0.9967955350875854,train
826,42,0.02454903321307265,0.055344357831253736,2.801539973325892,0.1510367016705775,2.9831605509383854,0.9989882707595825,train
827,42,0.03113353733230853,0.10506356658626992,3.1187700106993317,0.19997257669470164,3.021972218930209,0.9987682104110718,train
828,42,0.0349336504590621,0.1753749052571808,2.1905000041884346,0.14351228025390117,2.69339840203023,1.0008281469345093,val
829,42,0.03811950712894896,0.16759152923053394,3.1774031625112023,0.1352796038953643,2.862440438924893,0.9982169270515442,train
830,42,0.02499475163379298,0.18716468020513205,3.951952916379037,0.17400289350548093,2.874642271918233,0.9986257553100586,test
831,42,0.026478320876488937,0.11315213203579233,3.4806960361427057,0.09881101562974438,2.894280961013769,0.9996161460876465,train
832,42,0.04700223230618902,0.19178238671674702,3.141681843353303,0.08650748733633104,3.7569290292042767,0.9997717142105103,ood_test
833,42,0.04250963081040254,0.17515050927650622,3.652746809314649,0.14921664158715248,3.4123505517926445,0.9985294938087463,train
834,42,0.02484581931908179,0.11789560442761429,3.9984268232096034,0.11740880017751015,3.119287383438984,0.9986201524734497,train
835,42,0.045902265994798755,0.18255280757994602,2.5662167844883106,0.17190198489101277,2.8438368076513068,1.0021657943725586,ood_test
836,42,0.03538402683952675,0.12520274838262052,2.6449746544710777,0.16473423828233635,3.4850460603667823,1.0017598867416382,train
837,42,0.0269398714822954,0.1891749872253416,3.7699866473341856,0.15464116102065506,3.839011491490453,1.0043975114822388,train
838,42,0.04066979346923509,0.05397323805729824,3.185841916660758,0.19154407511430097,2.8935865627603867,1.0002615451812744,train
839,42,0.025795250631567537,0.05265658487827751,3.954198465147849,0.11647615585796815,2.538017624267376,0.9992514848709106,train
840,42,0.028348241207516545,0.13727533766193964,2.338446652188545,0.10067348269038873,2.7873744192030996,0.9990127682685852,train
841,42,0.02696476169210652,0.07414042336127648,3.368549522855548,0.09947463545819657,2.5862477078171566,0.9999626278877258,val
842,42,0.025326717053276975,0.09908410931989421,3.970909052255685,0.17200168314292902,2.901931885280841,1.0001130104064941,test
843,42,0.03546244240618147,0.1666862924851451,2.164857774462151,0.13195748165233487,3.897631319845841,1.0009026527404785,train
844,42,0.04138845935325608,0.10662299495086022,2.5094938109135034,0.15652276957573147,2.776207605285873,0.9999465942382812,train
845,42,0.045881548417460394,0.07949945226305427,3.613130576576723,0.17967004589493651,3.854173974950692,0.9998437166213989,ood_test
846,42,0.049219042667029506,0.16459242666184964,2.5566529716361264,0.13845426527930085,3.5101622071490857,1.0001726150512695,ood_test
847,42,0.03732395937989521,0.19705785346182775,2.3263890693428744,0.17917636125132502,2.5675115392776378,0.9991583228111267,train
848,42,0.03355821838513903,0.1788233275373891,3.2000369045109247,0.14956460260183135,3.3236276906911537,0.9986402988433838,train
849,42,0.0388867005512015,0.10460483210905801,3.9183719927430305,0.1524572806322596,3.500873399885451,1.0002038478851318,train
850,42,0.033579909633051686,0.07162294497261475,2.574854173551082,0.1846780649020268,2.657644569536915,1.002795934677124,test
851,42,0.040919643402754176,0.14482569008861737,2.893589119671467,0.16200066425498372,2.598433570256812,1.0006457567214966,train
852,42,0.03740743948034507,0.15349855096076664,3.029001480350731,0.12718545229288516,2.6588420979075664,1.0007002353668213,test
853,42,0.034656809909453454,0.060913165236624656,2.995503067182586,0.11081469745012325,3.2118248164980994,0.999549925327301,val
854,42,0.03446951872942834,0.1180144359195647,2.7274905864897843,0.1819573732859952,3.0229011641816577,1.0007741451263428,train
855,42,0.020953120797620066,0.12877099033589212,2.326344208516497,0.19088926492608416,2.647966475602514,1.0001113414764404,train
856,42,0.020086929614591947,0.088951593646906,2.3452790468290217,0.17891863893282098,3.2109429722661114,0.9976121187210083,train
857,42,0.046025726911725434,0.19524881822045764,3.3993928836665637,0.16890943087366878,3.111731898200527,0.9976077079772949,ood_test
858,42,0.029420422199496123,0.11948520808902327,2.2874264266487225,0.16693352392293798,3.8184285466661714,1.0019505023956299,val
859,42,0.04859078272388481,0.10228604317940015,3.9116561997295056,0.13337314826893124,3.0703580724406896,1.0027523040771484,ood_test
860,42,0.03456691060432095,0.08706897008212278,3.190834528187982,0.18145470933484165,3.3281693306016926,1.0010590553283691,train
861,42,0.04089384638131144,0.13485452554391536,3.856552751426452,0.09807270112379968,3.627235649357231,0.9991660118103027,train
862,42,0.030711268155220302,0.19501423677098795,2.5388700278347436,0.12285947012287377,3.5947889177837213,0.9998815059661865,val
863,42,0.020939615052014908,0.11687130221380736,3.6668574407725165,0.12990613097499093,2.5884239906465334,0.9994158148765564,train
864,42,0.03316976556059219,0.09725872011029565,3.212673939614632,0.10323928950639567,3.991177631064894,0.9953702688217163,test
865,42,0.024075311421568924,0.05761284939779839,2.3158051387713554,0.12107984877075204,3.8246138574114865,1.0020277500152588,test
866,42,0.04051934847378387,0.17731779171554302,3.5666797192610527,0.1830138909097866,2.570205369995492,1.000852108001709,train
867,42,0.021817742418621774,0.12716901762921912,3.799365886898203,0.1650646210248966,3.6380710943222514,1.0005136728286743,test
868,42,0.04762473702633812,0.17192980543920733,3.96277752083905,0.1804577969284323,3.3200467339812714,1.000120759010315,ood_test
869,42,0.02920299110816789,0.10935655555719923,2.2625537230958415,0.0883764926680061,3.3078944973333955,1.0010669231414795,train
870,42,0.03514202004809007,0.12050973510775408,2.9896219046566697,0.1850684666631362,2.8730556403626144,1.0002323389053345,val
871,42,0.026401587788399933,0.17083617496149736,3.5524417925956775,0.17835980367358278,3.143845628963718,1.0001578330993652,val
872,42,0.036917965651462784,0.09837145852765006,3.546953095260762,0.13894392691369578,3.8557358777786974,0.9977077841758728,train
873,42,0.028318265183074537,0.12061997107978292,3.1075197481259647,0.1997689179820079,3.541855149828695,1.0021755695343018,train
874,42,0.04314236228066823,0.07481307353781677,3.62918649724539,0.09479520353780432,2.5602348151130565,0.9999257922172546,train
875,42,0.0371558407159567,0.17034064283245864,2.0882593407179266,0.14095198845196907,2.725657260138541,1.0004780292510986,test
876,42,0.023991896611765876,0.16218288840084036,3.4883339654233207,0.15721375718843883,3.240675601369079,1.001776933670044,train
877,42,0.04074399146508237,0.16706863956199391,2.0766134532002907,0.15601108145003253,3.3850250984465564,1.0018988847732544,val
878,42,0.030824455094170172,0.19730955045018272,3.1064087268549643,0.17134685997600677,3.266858813663596,0.9997895359992981,train
879,42,0.030465597775633374,0.15744619075882732,3.082345273870779,0.16433549332314037,2.649274674943953,1.0011008977890015,train
880,42,0.03176594225723792,0.056303385069609,2.635406660986519,0.19299934682358105,2.9914424277659437,0.9985150098800659,train
881,42,0.025099274281036622,0.11977412155943219,3.6747665984765745,0.13028463276895413,3.0307983057646104,0.9983164072036743,val
882,42,0.04761988014392428,0.0735104144931863,2.575740875106371,0.13866889959812775,3.9886335439896046,0.9985265135765076,ood_test
883,42,0.03757749194017789,0.14490410135133946,3.492633173613105,0.09593676657713979,3.1370438443796096,1.0010724067687988,test
884,42,0.024483398363838307,0.17025417785499664,2.0914846330924126,0.08150497035918862,3.3484123644965282,1.0003905296325684,test
885,42,0.035295467402252194,0.08787083022932443,2.5383972308728118,0.09069536382872417,3.6086830739490177,0.9987631440162659,train
886,42,0.03776235260630806,0.11187350716884936,2.485206666650198,0.16604850819842107,2.801278278262527,1.0004647970199585,train
887,42,0.03698732583204377,0.13170947276121625,2.5837699701455774,0.17188067374558463,3.39927118667835,0.998957097530365,train
888,42,0.04467618155825512,0.13787633878414057,2.1987045270024677,0.08117418152177043,2.776583666595907,1.001246690750122,ood_test
889,42,0.047118289983854755,0.18756520328561732,3.325570339048034,0.11398200265338554,3.6682955603989247,0.9973483681678772,ood_test
890,42,0.023173521354512144,0.13588984060235548,2.279085469482684,0.1802987341418485,3.4227262846321045,1.0015201568603516,train
891,42,0.035388120635264406,0.13648197008073132,3.655058966516501,0.15665825211582646,3.987633927730788,0.9957742691040039,test
892,42,0.03884062499266645,0.15860009980825202,2.808949769230497,0.19241813870545665,3.6808606311485472,1.000363826751709,test
893,42,0.039549244011768805,0.13422841246040118,3.8671134294813347,0.11212236686251492,2.949877419375431,0.9985917806625366,test
894,42,0.02803306028958795,0.17994425131929942,2.583799548366033,0.12677283296789824,2.7585329557494553,0.9999678134918213,train
895,42,0.04031849172095624,0.16534125449906617,3.9394987510980037,0.12831590660913444,3.646643072850387,0.9995802640914917,test
896,42,0.037338803751132243,0.16533995375133514,3.2333079511011964,0.08729912406586882,3.8852485649856905,0.9995731115341187,train
897,42,0.04404109739026758,0.18833808005918062,2.2613246935132505,0.1722600343492742,2.671474875429842,1.0021756887435913,ood_test
898,42,0.0314981061622334,0.050841705199086526,2.2206140522905926,0.18151537848600216,3.7202839187130445,1.0007156133651733,test
899,42,0.024377518359715123,0.10983008604022562,3.034305117758465,0.18906615399255405,2.93202209576638,0.9976998567581177,train
900,42,0.028124792442125474,0.17649857222306087,3.979315537526298,0.16276128902937786,2.8205466993974992,1.0004228353500366,test
901,42,0.028471879223757053,0.11650932231232448,3.5639076057655403,0.13273030472293257,2.985912257507439,1.0006613731384277,test
902,42,0.039894285742480204,0.13038522467566815,2.81713456766982,0.14251058302196679,2.8111964439138672,1.0004229545593262,test
903,42,0.023012075271890624,0.1313071389563736,2.6919673435628577,0.16424153041969825,2.596835899280994,1.0008070468902588,train
904,42,0.03959520035605267,0.17342153070202243,3.555325604985409,0.13251777739444207,3.951002016561055,0.9997981786727905,train
905,42,0.03314634690474089,0.07609870521893984,3.8062907202874943,0.15896038352611122,3.9603691097045193,1.0025100708007812,train
906,42,0.04200173018781267,0.15863753002862785,2.3348869511562453,0.09437596494299122,2.8212218915635345,0.9988580942153931,train
907,42,0.021966957255585614,0.13544255800240082,3.5239700210493092,0.09246955289486658,3.5836454853214414,0.999566376209259,train
908,42,0.04592765310691764,0.09099986896112747,3.499485234992271,0.17283843905536628,3.872902675768219,1.001010537147522,ood_test
909,42,0.04384947146687864,0.17129362127455022,3.1410505731735117,0.08130636209382917,3.2015065355385715,1.000746726989746,test
910,42,0.04680239426636325,0.08047641147206895,3.0062551432388007,0.0982077215134116,3.103907886197449,0.9977259039878845,ood_test
911,42,0.03335018054530945,0.06524030874248862,3.7946574437416123,0.18329778719751638,3.7519447909024795,0.9988287687301636,test
912,42,0.04922579884475939,0.15228696502924505,2.3386481611249152,0.13344758660198708,2.7357250372827804,1.0005435943603516,ood_test
913,42,0.04025700264277666,0.1377128572261162,3.0381250613587296,0.15587374251744981,3.686608463861787,1.0009090900421143,val
914,42,0.048695381750584674,0.18486943740264,2.422144377449881,0.10024865593227056,2.71908486199141,0.9994813799858093,ood_test
915,42,0.03976027851053615,0.1605815002643458,2.7165010117259794,0.16949127701173738,3.803159232979862,1.000304937362671,test
916,42,0.047170241345959575,0.151774718464387,2.298329318079448,0.18818107447847915,3.970348617906585,0.9960010647773743,ood_test
917,42,0.023601526509381483,0.1316781330065006,3.9072493365987233,0.09685946052522107,2.5438025220771583,0.9986681342124939,val
918,42,0.045892694333690226,0.12164579529849005,3.939728283542465,0.1700683659352361,3.246410342716571,0.9973461627960205,ood_test
919,42,0.03231220587279718,0.06549458562585943,3.2034953890777125,0.1655383831643354,3.0113849092101805,0.9981927871704102,test
920,42,0.025577340384799085,0.0661862622977698,3.282847356180863,0.139767373994333,3.5759717692833015,1.0046451091766357,train
921,42,0.035682969032708775,0.16863026939024306,3.428908233573811,0.14674060122492166,2.8083237224804005,1.0002422332763672,test
922,42,0.034573444201471695,0.0518460495838907,2.3860311252648994,0.09550711610962383,2.957597176207716,1.0006862878799438,train
923,42,0.036274116469077196,0.09570480989990438,3.8916813610916896,0.10188692904902452,3.7790200745122626,0.9999622702598572,test
924,42,0.03989260255336959,0.18533298918853136,3.995519298172648,0.16106655709028136,3.5154435354768276,1.0023777484893799,train
925,42,0.03643121245976064,0.16030825527612025,2.802518809232258,0.09883134287820461,3.375943842489704,0.9972494840621948,train
926,42,0.04133887298631416,0.05509042940671066,3.3173820989084564,0.19775423107175666,3.183863929022169,0.9969499707221985,train
927,42,0.02961777308650753,0.139585057856302,3.0368707641502226,0.19832760674243066,3.771673018758604,1.0011005401611328,train
928,42,0.04400134057880475,0.08778633829260277,3.9440239282964877,0.09628492478351068,3.315320019494436,0.9989261031150818,ood_test
929,42,0.03891536186041268,0.0860739296185414,2.2539842176321994,0.1172968975283882,3.5600979045773444,0.9990143179893494,train
930,42,0.029744726560954816,0.10320027805614809,3.3231775644452846,0.08909022561977867,3.598796552445191,1.006371259689331,train
931,42,0.023616699228057668,0.1391002637597007,2.4179511944671783,0.12781770243154625,3.002915799913333,0.9980510473251343,train
932,42,0.03183875960092015,0.15986353883540227,2.844451930771007,0.15523755325053287,3.43026661685328,0.9989252090454102,train
933,42,0.040827145753954054,0.16813164910256984,3.9615505882950623,0.16018602517171876,2.8506323529771733,0.9982242584228516,test
934,42,0.04139024999631524,0.1931060195471752,2.7788536116888753,0.12633670034588562,2.7473583056240902,1.001595139503479,train
935,42,0.023001400739754423,0.17832937299980922,3.1146684032138348,0.14310350428524998,3.4441731231120363,1.0014193058013916,train
936,42,0.03708484247242126,0.16852075839988817,3.237326859100339,0.09071872870042061,3.84527692964662,0.9990407228469849,train
937,42,0.020081381011439584,0.12946780671377087,3.7977861791494987,0.1790089250769673,3.731319457356677,0.9973045587539673,train
938,42,0.0485608141817523,0.06669718090382667,3.879693059526713,0.1434382568381685,3.672321130149019,0.9991092681884766,ood_test
939,42,0.04092380790551707,0.09259231033000939,2.4248197556452924,0.1751638934028128,3.080238496354517,1.0014818906784058,train
940,42,0.04142884645373612,0.17348079908861824,2.6417383849703038,0.10115912673088612,2.8894537402575917,1.000412106513977,train
941,42,0.03499769672789404,0.16233393924152736,3.526927710772596,0.17228872235439313,3.623122630304167,1.0003080368041992,train
942,42,0.046653116641332384,0.13405451627486675,3.5449023639803743,0.16671904496795398,3.366240211618643,1.0010117292404175,ood_test
943,42,0.04133024860384896,0.08981385590529584,2.520133300725021,0.19636639887723062,2.884260566384766,1.000480055809021,train
944,42,0.02882510344873746,0.19331372597692176,2.734736504096138,0.11007021924145848,2.6715467603399796,0.9997305870056152,train
945,42,0.02388136880439029,0.14960633279797314,3.756029709421062,0.18191398531884062,3.9735060199629326,0.9978708624839783,train
946,42,0.02317234169615616,0.16322985576866333,3.7626829153326384,0.16750366610836356,3.357758926197713,0.9990689158439636,train
947,42,0.026946157832449216,0.15359825891014312,3.7516936991116845,0.1648896197620791,3.7348071085478947,1.0003873109817505,val
948,42,0.04132151297121138,0.07963060890593869,2.189980696771782,0.08522556415451937,3.9221587072002135,0.9993869662284851,train
949,42,0.03906236705140498,0.12369222398945845,2.8076309209618824,0.1509459083404165,2.723218624287441,1.0001368522644043,train
950,42,0.03373213044675187,0.05403005981129602,2.878242206665738,0.12214271186537894,3.2454874535891465,0.9980406165122986,train
951,42,0.027710977807909435,0.13572037528076653,3.5533704077828463,0.19687095400908527,2.663354300012462,1.0007133483886719,test
952,42,0.030308096849605348,0.19668168648678602,3.0521170396417254,0.15518386718344623,2.813850771168271,0.9982193112373352,test
953,42,0.033291954760049064,0.09051657250121664,3.8721360616187126,0.16145865761721184,2.860881374684736,0.9992091655731201,train
954,42,0.022289536943752963,0.09500411715598442,2.326848640737956,0.11527530357921077,3.761911264522449,1.0013952255249023,train
955,42,0.023181690667343175,0.14405067418535916,3.559489377432624,0.19919826565708015,3.674026167810786,0.9996825456619263,test
956,42,0.04395076085969639,0.08725445891769415,3.334072577506826,0.16061488665124404,2.8792080372391404,0.999038577079773,train
957,42,0.031124799265041837,0.13614817801794174,2.1544833971330974,0.1973194574062554,2.899225519351436,0.9994443655014038,train
958,42,0.043572505080887315,0.10938033062398317,2.094277283674212,0.08931884320126435,2.5196193626463597,0.9997686147689819,test
959,42,0.04364926638648226,0.19883803710037773,3.1443571081486716,0.12307400108754751,2.9431590961226823,0.9984126091003418,train
960,42,0.03568833954452748,0.09803013524045437,2.5912479846261265,0.1298247393312625,2.9028716216526136,0.9990860223770142,train
961,42,0.025709849487646715,0.19776160729034398,3.370372867237948,0.1604261716732968,3.9214386865351587,1.0018630027770996,test
962,42,0.02363756806616863,0.08829722831162196,3.045418757057,0.09418350904045647,3.2695264844892202,0.9990220069885254,train
963,42,0.02264578413643798,0.10752140250690105,2.2027803262887367,0.12457239299067194,2.850665881896122,1.0017083883285522,train
964,42,0.024644788020794145,0.15640754650138122,2.6445342433919548,0.10918609159546906,3.233408119560258,0.9991523623466492,test
965,42,0.03597926372177604,0.12386412519185273,3.1604238309016273,0.08047388404039271,3.9088078814571494,0.9999057650566101,train
966,42,0.020117170870937198,0.17221638477606713,2.3892285191656772,0.09578693444979208,3.78864089380673,0.996886134147644,train
967,42,0.04031184692061441,0.17189867590094463,2.963076227792019,0.1404342863489713,3.7483339085322083,1.0007573366165161,train
968,42,0.03993739530845588,0.1850052591207591,2.779197440552575,0.1857711667462088,3.8058868900243294,0.9995537400245667,train
969,42,0.03861788713600982,0.16586829772801326,2.6174819214394365,0.11721140393319321,2.7471763065400303,1.001807451248169,train
970,42,0.04019591191799783,0.07482383131393901,2.1742065180906844,0.17653754475104105,2.987722717393206,1.0001527070999146,train
971,42,0.039723000766174826,0.07600302271562624,3.857224417091433,0.16656320912869021,3.5153127847598435,1.000975251197815,train
972,42,0.03302001688302199,0.05545582986783447,3.5930916675141784,0.12426538229638724,2.5368870497002156,0.9998639822006226,train
973,42,0.036484743526567685,0.1351992928856176,2.6842218061284524,0.16835273530693884,2.682836279477452,0.9986797571182251,train
974,42,0.031016578176397115,0.18702907094872673,2.1180368262158393,0.11461244336364462,2.8602292424011346,0.9976987838745117,train
975,42,0.04272275359049543,0.0798539565249114,3.1693921544894708,0.1412231636398001,2.827202910470987,0.9986882209777832,train
976,42,0.02664625110361666,0.07193362111171689,2.2868725939676064,0.1682008249376678,3.144272217184698,0.9954604506492615,train
977,42,0.04940761596355791,0.17600102433832815,3.8991022114274942,0.13878117132030354,3.1958292443253162,0.9982661604881287,ood_test
978,42,0.02072849921394203,0.05272063175649316,3.296716227603702,0.09267001333765232,3.8488778350625967,0.999147355556488,test
979,42,0.021202933464356095,0.14326296263568997,3.637781792217079,0.14164603361555292,3.2291733701683016,1.000303030014038,train
980,42,0.02534368054002381,0.14835234010711368,2.5725183299214605,0.14296729995911073,2.6370592859559885,0.999675989151001,train
981,42,0.026508485068216455,0.1494509106475955,3.0914884316205096,0.13245842473500646,2.601140739989989,0.9986862540245056,train
982,42,0.0444304319853622,0.0932851143599924,3.1519680104519603,0.1359903615327353,2.6284055490862164,1.0001477003097534,ood_test
983,42,0.04024727304056508,0.08692584421165162,3.2110827980354717,0.08111048664287229,3.772190260051158,1.0025800466537476,train
984,42,0.022589138997118424,0.18504284636344148,2.7793420556010817,0.0953599085971916,3.5293962164268713,1.0008368492126465,train
985,42,0.04196786716292733,0.18181780199404424,3.8046639942723557,0.15635342766245186,2.929224490243718,1.0001800060272217,val
986,42,0.03725659628775535,0.11284717732616846,2.573582854743086,0.16989171369572853,3.3987286520769437,0.9994828701019287,val
987,42,0.03306732155604333,0.18418834185783978,3.359868019854045,0.1286273690840861,2.607508570764919,0.999678909778595,test
988,42,0.023522748896743856,0.06867173093277991,2.434606392369102,0.180245611356387,3.1629594052162036,1.0006015300750732,val
989,42,0.0491782798959213,0.15554012689572227,2.526582609006409,0.16379681252715844,3.407334428285727,0.9996764659881592,ood_test
990,42,0.03411282904755901,0.15809440420923976,2.691182283209164,0.11715706974560455,2.820109769286216,1.0010645389556885,test
991,42,0.02070500023876377,0.14968121647607704,3.518693440502787,0.17872104866956978,3.3141846759619606,1.0003316402435303,train
992,42,0.03685282640209498,0.15115235787728942,3.1208859494811327,0.11331177399159498,3.7404804152992246,1.0005143880844116,val
993,42,0.03766243842647471,0.07948616806459517,3.754727784202638,0.1749993860015244,3.2471463886982157,0.9990090131759644,train
994,42,0.026953436971386205,0.07833316503688488,2.452532697190384,0.1522023175932434,2.6443713879887443,0.9996397495269775,train
995,42,0.03597363188964662,0.11663961092059381,3.8645830080055523,0.12493551071618976,3.2587170158181085,0.9987013339996338,train
996,42,0.04306659868392171,0.11492333428245366,2.0247001833958094,0.18746236057090693,3.800904186496485,1.0009117126464844,val
997,42,0.02085867593362844,0.1390533179420087,2.4606900391157644,0.14649418815479986,3.249103941707234,0.9974880814552307,train
998,42,0.03630627475221206,0.08299870991690134,3.257501454248328,0.09169564087946531,3.1595025376063695,1.0015902519226074,val
999,42,0.029950080521621274,0.06020538629383551,2.175209454763425,0.1407401383823151,3.0328579261432322,1.000422477722168,train
1000,42,0.046975935793768346,0.10785077170734736,2.6783684391644815,0.14459642105324857,3.04361321264878,1.000264048576355,ood_test
1001,42,0.026996995454196253,0.1737149599362744,2.867666073700462,0.08771949477421216,3.2028723725146824,0.9988921284675598,train
1002,42,0.020648622304485057,0.07760666973922051,3.278168976198102,0.1772283622915029,2.685895073621283,1.0000141859054565,train
1003,42,0.020229573139286958,0.11405113326137489,3.7289131247257172,0.09353070408846119,3.9217568352269634,0.9989244341850281,train
1004,42,0.049614749464628904,0.17731028070879812,2.77437237476324,0.08521066928777953,2.7238460118644405,0.9997453093528748,ood_test
1005,42,0.03406197767887023,0.08460152201734572,3.2296609868918527,0.19037272212683323,3.159631950936475,0.9949888586997986,train
1006,42,0.036429412870988775,0.15971405779463593,3.6303860242984545,0.10554882731875992,2.5121212957310206,0.9997737407684326,train
1007,42,0.036399103269724335,0.18793906692522577,3.231289210026123,0.08078293335587929,3.4407630199821435,1.0030272006988525,train
1008,42,0.039809849892500165,0.1720089174897581,3.9213879430289937,0.08112271292386901,2.9281514162599165,0.9990788698196411,train
1009,42,0.039265986887001586,0.19129144875400034,2.476452783279571,0.1153896956437451,3.4831057587485565,1.0005123615264893,test
1010,42,0.029923538674005677,0.17254748509679152,3.530175020020112,0.12627687334794843,3.2806704632879566,1.0026180744171143,test
1011,42,0.02052840531383594,0.05492093036255717,2.8727198407740104,0.10779017175883882,3.4477023094598422,1.001988410949707,test
1012,42,0.03609441209845769,0.1153372841836957,2.0497582188021197,0.13997049111270154,3.1957936173341484,0.9969021081924438,test
1013,42,0.037348278288656334,0.15180465048173847,3.8525216085344094,0.1529253491218408,3.4720981118096548,0.9997034668922424,train
1014,42,0.028536366282526666,0.15166943943546005,3.802353891420239,0.1660447397351829,3.2265819013716577,0.9986339211463928,test
1015,42,0.040741982669832616,0.12798408473992903,2.39081898606113,0.15825390604494577,3.3637416470118753,0.9999381899833679,train
1016,42,0.028136838981683957,0.09469258534555494,2.0361766112761703,0.15401673379356193,3.948745108976813,0.9977881908416748,train
1017,42,0.0375546416104411,0.13298128051303304,3.9175586331861254,0.11854522611694622,2.609028816058508,0.9991061687469482,train
1018,42,0.021601172480871962,0.09578482619761328,2.0526709688303364,0.129459671689088,3.8689881349516995,0.9984827041625977,train
1019,42,0.023338250434136905,0.09209161534405982,2.7043087499279155,0.10355456954293075,3.71588878443682,0.999170184135437,test
1020,42,0.04844363570884944,0.09227600217689212,2.5531419559476123,0.13290013126287264,2.5021803210847167,1.0011513233184814,ood_test
1021,42,0.03546047120144584,0.0924687198827528,3.1874383795457213,0.1694183355525523,2.5044781596531953,0.9994332194328308,train
1022,42,0.03570510876433666,0.0865477907490389,2.070876357470277,0.19467154041068915,2.840943586035257,0.9996986389160156,train
1023,42,0.04043714269343867,0.06036658262025449,3.998006754201746,0.1682053777273463,3.9252376164111378,0.9970967173576355,train
1024,42,0.026308528452881813,0.13786549029769035,3.0606967807551793,0.09827497485038482,3.758073944226973,1.0001637935638428,train
1025,42,0.03812320381284913,0.16221083136200232,2.3462346819301905,0.09415196584428645,3.6269891578116447,0.9983876943588257,val
1026,42,0.026313462873401142,0.19442872439817505,3.073197147525189,0.08275685428553703,2.957293917256962,0.9988502264022827,val
1027,42,0.03716484635702257,0.05249669438400521,3.5042281377559714,0.08134895249045236,3.845793239213397,1.0006535053253174,test
1028,42,0.038056103674780226,0.12363913584891602,2.9262274304532587,0.08363725791257101,3.3613482612786503,0.9993900060653687,train
1029,42,0.04543494111941987,0.18709421778023733,3.183060300819234,0.11053886674827965,3.514885369669312,1.0010144710540771,ood_test
1030,42,0.04775085548669583,0.13683260514415133,3.1357097061654393,0.14262021046784273,2.8029800498536286,0.9998061656951904,ood_test
1031,42,0.023846857541114323,0.18441670592470283,2.486984492372847,0.11562655377609488,2.6971943857811698,1.0004832744598389,test
1032,42,0.037678214611275296,0.15571736490639743,2.8538784139509623,0.08487296441484476,3.615239769744414,0.9993199706077576,test
1033,42,0.03177630196456278,0.05498136539107669,3.3187735224671555,0.1353134702095894,3.3348675081034145,0.9995564818382263,val
1034,42,0.03138116028090036,0.050344430841095626,2.3464909974313755,0.09125428292656443,3.9884236348527473,1.0001286268234253,val
1035,42,0.04444707745860027,0.1738015302586651,2.615934315797079,0.15277952448374763,3.168353070877451,0.9998279213905334,ood_test
1036,42,0.046536573818235324,0.1794222008867684,3.7201295448321945,0.18943929421952943,3.4387883201530296,0.9998975992202759,ood_test
1037,42,0.029255266939544382,0.18015500210489266,3.626669547173565,0.09753699529074863,3.669965335986903,0.9995325803756714,test
1038,42,0.04179068568778327,0.11975895002365086,3.114270451593276,0.08993360901548104,3.834484809938318,1.0003477334976196,test
1039,42,0.029895266491389415,0.06708697961342053,2.9835637179163994,0.15963397335111132,3.3353292368973437,1.0041791200637817,val
1040,42,0.02314080297357632,0.09242820358246934,3.4463683886451872,0.11808970783475778,3.933108239448096,1.0032354593276978,train
1041,42,0.03355567170365631,0.11008521368780502,3.8164607997037083,0.18470204851636823,2.5929723993478393,0.9999114871025085,train
1042,42,0.03777077077562756,0.10217601046948921,3.522889443303686,0.13828280148386607,2.785019147944068,0.9995620250701904,val
1043,42,0.0458519868053856,0.10428100774647786,3.33360915443275,0.17922849543335387,3.6142049892884907,0.9970541596412659,ood_test
1044,42,0.02356660368101698,0.07618333330870572,3.0074002892451617,0.09580501731275248,3.868197611855143,0.9984041452407837,train
1045,42,0.023588032548472637,0.17651955769365574,3.6144728894555875,0.15112420270044524,3.786394340029083,1.0020332336425781,val
1046,42,0.04075869832572961,0.16857604326035136,3.362872193871653,0.14836055754398705,3.7612021115166057,0.9988070130348206,test
1047,42,0.04148708920333848,0.16696924465205581,3.6893647538809002,0.10676168838478522,3.3415954765262663,0.9991520047187805,val
1048,42,0.026847895178569132,0.17678734323811685,2.7251016345276966,0.1691083221321426,2.5824604796392068,0.9984778165817261,val
1049,42,0.02101584252599735,0.1946007223412966,3.6483932057722885,0.11395926904842046,3.7765455527246896,0.997146725654602,train
1050,42,0.02372723312328073,0.1284318893502604,2.233858783431085,0.13996821147521477,3.290692454060136,1.001766324043274,train
1051,42,0.032153742980693206,0.11893244582886398,2.7005405808253116,0.08101678123182952,2.912808826867398,0.9991389513015747,test
1052,42,0.0470790560391418,0.10002232596289054,3.4990583100369803,0.15729323032597975,3.9395620933736852,0.9994418621063232,ood_test
1053,42,0.0249826242162388,0.07151225819029301,2.3205588867107516,0.17591284090532328,3.489402804463133,1.0000783205032349,test
1054,42,0.036146531371855584,0.1686464102266501,3.8007208601110976,0.162685584944733,3.2982111335197333,0.9984521865844727,train
1055,42,0.04803646386584569,0.09209443627872799,2.2666326539314676,0.14884412395499508,2.6040169956938906,0.999966025352478,ood_test
1056,42,0.04953614350144053,0.1462255634016862,3.3969322659422625,0.11684500710820786,3.3840695151978526,0.9995803236961365,ood_test
1057,42,0.032092984592385146,0.16576640524767133,2.449643517128064,0.176816538397235,3.3928170462949265,1.0005992650985718,train
1058,42,0.030649245236318397,0.1400932315587397,3.171890123467439,0.14035173614164861,3.481197911492356,1.002608060836792,train
1059,42,0.022407416953874604,0.1942604589589102,2.013328881307462,0.14602508124400185,2.7473595596189444,0.9987832307815552,train
1060,42,0.04987829773403044,0.07067623435784157,3.9311408734403344,0.0829179976313031,3.0506075483474193,0.9995408058166504,ood_test
1061,42,0.049321628848255694,0.05580835856430763,2.1944925816941403,0.19925828998486073,3.6705323267295302,0.9986677169799805,ood_test
1062,42,0.02171073710091242,0.10869729300584947,3.6868781268771804,0.10390192273864131,3.4312557507637624,0.9999217987060547,val
1063,42,0.03616460202533096,0.07129243208415395,3.367017364123231,0.16776711290584367,3.205710521109445,1.0010545253753662,train
1064,42,0.04276429219353735,0.17056574909610112,3.4555628960614744,0.17850417508489613,2.8419646138205743,1.0000455379486084,val
1065,42,0.0372027614290405,0.05138228329338896,2.335686101403779,0.18953238439304188,2.659790377263466,0.999897837638855,train
1066,42,0.04410467288674595,0.054536712334193355,3.681363462712117,0.09215051470770351,3.9827949738320667,0.9994951486587524,ood_test
1067,42,0.04616988348235687,0.11381747398994378,2.4642158756000185,0.08440847313794701,3.521421927858946,0.9992417693138123,ood_test
1068,42,0.03936730571355465,0.18019000234240135,3.0071281561522385,0.13885004712950375,2.9965321357498285,0.9982920289039612,test
1069,42,0.04775298242595989,0.15191401816395933,3.194331519303504,0.1688126024147586,3.0035880549750544,0.9992581605911255,ood_test
1070,42,0.03304117247918194,0.1502253333709912,3.5912377812612646,0.14820497566151636,3.8655434240126856,1.0024216175079346,test
1071,42,0.03392782347147645,0.16309555221377564,3.343021175571476,0.09833270892320153,3.9940036857979377,1.000120759010315,train
1072,42,0.03697692377244822,0.1813198595959971,3.296104735230654,0.14048482506213436,3.5681808584134256,1.0006012916564941,train
1073,42,0.043254578412007846,0.13563855933541996,2.566017594135438,0.16270063336449914,2.5285160081425406,1.0009863376617432,train
1074,42,0.03624908166515894,0.18829185224918543,2.728547389984125,0.1497107434210863,2.5978465908617396,0.9990987777709961,val
1075,42,0.04318906492311232,0.14012047205250677,2.363015030386615,0.15113072453132398,3.527416060330971,1.0005476474761963,train
1076,42,0.04200532488816927,0.06710252714106499,3.2645943102436377,0.16891809747443554,2.809505657508688,1.0005130767822266,train
1077,42,0.03126280074616568,0.05839505983082023,2.707894790471399,0.10293261411738801,2.5150588307569537,0.9987478256225586,train
1078,42,0.025414933615906257,0.10815713780991154,2.916185158813524,0.08757282559690734,3.867904220048244,1.0023539066314697,val
1079,42,0.03262748291158193,0.1758989408589452,3.1052213288007127,0.14850518564868329,3.978683841655622,1.002122402191162,val
1080,42,0.049314287730612874,0.11847358713347404,2.5608354717941766,0.14493741755570966,3.889593340922305,1.0015265941619873,ood_test
1081,42,0.03806641850803193,0.12187150365220617,2.122332250668074,0.12286818117674148,3.445124188584135,0.9997562170028687,train
1082,42,0.02814454898245236,0.07357552823729147,3.0042320795421196,0.13172305479449894,3.542425247345824,0.998948335647583,test
1083,42,0.03727264059014321,0.18599103719133736,3.1307677986800337,0.16315447037000425,2.801050929156208,0.9995933771133423,train
1084,42,0.034332129322713206,0.08864721156019974,2.205151015645196,0.1403197428304481,3.0249503750493165,0.9989964962005615,val
1085,42,0.028297417385001734,0.10041461209005789,2.648983571303827,0.08010389494385528,2.9230303551037053,0.9983987212181091,train
1086,42,0.03149110583208187,0.18522182796512188,3.2115738238692595,0.08571930997330414,3.2426061835363162,0.999465823173523,train
1087,42,0.026850022187739436,0.1716944457873802,3.8528666675956327,0.13781004443718364,2.6042512502316013,1.0016138553619385,val
1088,42,0.033292999446844204,0.09233523108913262,3.434015207096552,0.09611219460501902,2.745010025297499,0.9992225766181946,train
1089,42,0.026522187672496388,0.15810275050034914,3.210138337155241,0.1330211598681287,2.578670885093301,1.001381754875183,train
1090,42,0.030480317055450165,0.10155602206175979,2.2192315367349496,0.1436915359803469,3.405014072367003,0.9971716403961182,train
1091,42,0.034139895536407,0.1769141623263385,3.461570483449017,0.12257840789013004,3.0397887694561962,1.000990390777588,train
1092,42,0.049952017918526465,0.11301503664324042,2.2086119692524777,0.10337971838794846,2.74326370059742,1.0010606050491333,ood_test
1093,42,0.04074219295401238,0.171197356058247,2.3360527275350726,0.09082703730833361,3.8243615454667372,0.9991779327392578,train
1094,42,0.02515183005702084,0.10933025239671737,3.210856021256093,0.10826626552351494,3.348688262683782,0.9998663663864136,train
1095,42,0.04072187861896817,0.15102346649534726,3.2672319817474946,0.08820695141541607,3.5915481631586186,1.000105619430542,train
1096,42,0.03225720515840607,0.16006661786653786,3.598910952671652,0.10980525526828365,3.6186265259086623,0.9989779591560364,train
1097,42,0.03814142349417862,0.11826520984852032,3.3592321029584955,0.1345536340201079,3.220865846380816,0.9981757402420044,train
1098,42,0.03748327278372079,0.1833178007350874,2.06047536925489,0.0826169438525735,2.784624460047767,0.9986525774002075,train
1099,42,0.04128192039244691,0.07589628514323075,3.5756508551995507,0.11655672428083855,3.2923262787536816,1.0002806186676025,train
1100,42,0.02543792529493057,0.15509616540833282,2.162623162550833,0.1797039280397814,2.770276693230227,0.9987215995788574,train
1101,42,0.039507149765276306,0.16209166364496164,2.545101238835184,0.18067946859417944,3.5745627780138967,1.0016710758209229,train
1102,42,0.02582902603261208,0.1725038762033359,2.904210817778114,0.11438281235036378,3.838807686241981,1.0036982297897339,test
1103,42,0.030040857000003002,0.19063926399079412,2.0663509631386905,0.19008080945043407,2.807970400308645,0.9991410970687866,val
1104,42,0.024645652276501163,0.1276448521057641,3.6831851334306522,0.10811313051809832,2.7636178502501005,0.9994898438453674,train
1105,42,0.020502994326321744,0.17222642499342009,2.3608287766160663,0.08147036590095713,2.686912044800096,0.9983546733856201,train
1106,42,0.02370701271151031,0.1306180822751506,3.3749598958672706,0.11626571217296172,3.829641933119436,1.0004096031188965,test
1107,42,0.03369476460547142,0.17801553492083255,2.390795459695838,0.11762991864611776,3.7227299318795426,0.9967904090881348,train
1108,42,0.023334388493237174,0.088379842073116,2.6269074133242163,0.1537607400942728,3.03419815541276,0.9979448914527893,train
1109,42,0.029685232234987965,0.1808033501447074,2.00820826658223,0.08145717307159539,3.4821466687450426,1.0014770030975342,train
1110,42,0.03251449674213628,0.1611408277937476,2.6289667046786303,0.1696736002202786,2.814027729723599,0.9965424537658691,val
1111,42,0.03880208068303538,0.16882410796428365,2.828905904564304,0.19305929587199894,3.936473872640402,0.9967608451843262,train
1112,42,0.03194328246680351,0.16769210504767157,2.5841948932214316,0.18627361775507909,3.5214754698539297,1.00351083278656,train
1113,42,0.04960335154395805,0.13753146520941706,3.0737019159859074,0.1379530407005457,3.355422995577546,1.0010439157485962,ood_test
1114,42,0.0210603467381906,0.14072842313548717,2.2492415071031444,0.13914376460278716,3.298149538343298,0.9998389482498169,train
1115,42,0.03181943834570172,0.1106526131545348,3.2276049847951493,0.09007298569922714,3.9424967788257064,1.000234842300415,train
1116,42,0.026099037879518547,0.19830356333614657,3.655036442697545,0.1757289664985074,3.158109994083454,0.9996466636657715,train
1117,42,0.041932147072228663,0.11738388406914897,3.3544497816839174,0.10284528356707617,2.7547927831853274,1.000402569770813,test
1118,42,0.03975866850700525,0.1368256122394253,2.455791023887234,0.18983439638342955,2.646558870320335,0.9998565912246704,val
1119,42,0.024443730323879437,0.10074994427693948,2.2834752590984833,0.15887015782156827,3.3134249619239498,1.0006029605865479,val
1120,42,0.04970899176516863,0.12235174707687023,2.8636560331608214,0.15711090248983228,3.5275639810125483,1.0016427040100098,ood_test
1121,42,0.037070825732688786,0.09195001733966973,2.5419329243569124,0.1123908362378816,3.8771359231845244,0.9983819127082825,val
1122,42,0.02410876928598278,0.07462399662951444,2.1542913877896135,0.1823689764474966,3.5486763594614796,1.0013229846954346,train
1123,42,0.024166556082606473,0.10298910734938453,3.2673650212770813,0.11002789166729135,3.901165344457171,0.9995870590209961,train
1124,42,0.03088892294650083,0.06618917129599211,2.992149382269231,0.19046292702269169,3.209673386382552,1.0034888982772827,train
1125,42,0.026541679571007434,0.08139030595882901,3.679444625838631,0.10293535448277034,2.9229104175227762,1.0000908374786377,train
1126,42,0.03559877875538854,0.0760783886627106,3.1349898610845517,0.09307540851953747,3.0890455995762256,1.0002293586730957,val
1127,42,0.03482521692901818,0.0677449618694129,3.136789496563214,0.1695585723483477,2.680906238523084,0.9985864162445068,train
1128,42,0.04552282041842179,0.11425318071396635,2.5336537399097914,0.1859130845876135,3.7064130073241297,1.0053479671478271,ood_test
1129,42,0.04275557890512749,0.0694552648132638,3.329984398280058,0.12454648095993384,3.5466717774320173,1.0006763935089111,train
1130,42,0.02701301293920845,0.1645394041620153,2.495017734935028,0.08345037226815781,3.976006822665436,1.0001405477523804,test
1131,42,0.03249216221112743,0.19342711758276776,3.0692028911696783,0.12060293400798419,2.891745170476542,1.0006279945373535,train
1132,42,0.04008295287183903,0.09643965245131797,3.834912750301495,0.15791272896184116,3.8112152963103743,0.998772144317627,train
1133,42,0.02679206282741518,0.06539978015942272,2.386173127229543,0.16812295684612794,2.6596565540478747,1.000054121017456,train
1134,42,0.022441195617774575,0.05630572276050667,3.413468255615438,0.1746808661065486,3.140514271572445,1.0021533966064453,val
1135,42,0.045954756764413,0.19551006186986358,2.6451670028965433,0.08661011536673208,3.280190695679016,1.0009498596191406,ood_test
1136,42,0.03371446424507809,0.0916987852912936,3.6916590861740723,0.19369059370564862,3.961862200873017,0.9985167980194092,train
1137,42,0.04597415656956423,0.09182378957345003,3.830790013368836,0.13881749204987393,2.708737944660494,0.999874472618103,ood_test
1138,42,0.020379317153957223,0.07347182688023081,3.422179579283295,0.1855602649446756,3.542908233789451,0.9973007440567017,train
1139,42,0.043127429233512246,0.07613900343174337,2.155442726385486,0.08510414277689864,3.6567342056885863,1.0002224445343018,train
1140,42,0.03252435677302389,0.18652962429621467,3.3860841738567853,0.10695266754788396,3.2452375548485306,1.0011110305786133,train
1141,42,0.03469196015114526,0.14068736485868744,2.7094578446992603,0.19584324887822066,2.9571451280586114,1.0014876127243042,train
1142,42,0.04881394292544424,0.09538004846385559,2.2695412686630703,0.15566943437712052,2.969463206202408,1.0011882781982422,ood_test
1143,42,0.03046194470999499,0.10565042082100798,3.0178601574213184,0.08044793384568297,2.9784689714310795,1.0009689331054688,train
1144,42,0.04599986332893824,0.1562065017708026,2.386995700670921,0.11594706381447241,3.94278838482605,0.9993753433227539,ood_test
1145,42,0.03717664573296418,0.07712403627778347,3.07597119294976,0.13842419945572387,3.1977723150269384,1.000596523284912,train
1146,42,0.04151730335678823,0.19444598618166847,3.690047115304314,0.14143972114686354,3.026873346046212,0.9991364479064941,train
1147,42,0.03990476264237197,0.05892326669567734,2.743341967706939,0.1454481300546887,3.419485545807213,0.9945852756500244,train
1148,42,0.03771116748105717,0.14270347717252813,2.7000984158160937,0.12213778840276646,2.8118440334260693,1.000119686126709,train
1149,42,0.04171810172064922,0.17982500941974017,2.5977609405200797,0.15624918942655158,2.9743100249128114,0.9988541603088379,train
1150,42,0.023992282845691194,0.1971445158282431,3.704900993445761,0.13844745831415514,2.7597298171189393,0.99824059009552,train
1151,42,0.04762855717501951,0.0852837168059343,3.036186184678929,0.17187077182165444,2.75665876471605,1.0000200271606445,ood_test
1152,42,0.04064853613785523,0.16411815247840883,3.3930177550271408,0.1851029115518184,2.92054731365471,0.9993653297424316,train
1153,42,0.024144284055469086,0.116733157552432,3.326595978109647,0.15316511615325246,3.1638184595363885,0.9997727870941162,train
1154,42,0.038840933784921976,0.19707228092770507,2.356729936091689,0.09564853710944513,3.991021775185358,0.9979826807975769,train
1155,42,0.021425104893471048,0.07226737205426291,2.3838071052138536,0.1305736621202515,2.9249939342686586,1.0016050338745117,train
1156,42,0.04158780826661308,0.07531880527965203,3.990384247373785,0.11297557349445178,2.7694437949385557,0.9992834329605103,train
1157,42,0.03396974796245309,0.15387496456829186,3.90864602505084,0.16213665382094083,3.985276955488969,1.0026543140411377,train
1158,42,0.047424732530513145,0.15964408576707423,2.71702145469719,0.08233072421475647,3.2165013448244864,0.999923825263977,ood_test
1159,42,0.022038464658732725,0.07485449557008887,2.974375189867083,0.1723427020988598,3.4283635943715742,0.998659610748291,train
1160,42,0.028880498497585286,0.08788073782982386,2.7748315308727696,0.08106523376929284,3.0027354704264644,0.9996136426925659,train
1161,42,0.043378850777285496,0.14169617784955402,3.724518315263161,0.1932590051324754,3.0468749662624006,1.001226782798767,train
1162,42,0.04729294507272566,0.10120246528170238,2.0592669732695943,0.17455792295520994,3.648350240650097,0.9976131916046143,ood_test
1163,42,0.029023024782648676,0.13696504409218768,3.807670809117411,0.19180674825960856,3.195736430327309,0.9973796010017395,train
1164,42,0.025736638196817745,0.06352662770991487,3.1649124522788927,0.11992210494815297,2.625262319536806,0.999901294708252,train
1165,42,0.026341761325995815,0.05137219492514108,3.2356595689246723,0.16748608342898175,3.68000462269761,1.0009516477584839,val
1166,42,0.045934340233878136,0.12029723872156188,3.7816971826447574,0.1971374516912131,3.8247243561050164,0.9983028769493103,ood_test
1167,42,0.03827133242915414,0.11383349372767572,3.1293884500176006,0.14160215062405984,2.506526667137018,1.0002639293670654,train
1168,42,0.020663889705192916,0.11680071003218023,2.469446654447953,0.10347958683251386,2.5761551193680776,1.0004702806472778,val
1169,42,0.038640103176404414,0.18512533692769323,2.553224055098897,0.10849699722314472,2.5996950996954777,0.9990383386611938,train
1170,42,0.04691698877059619,0.06944298604101687,2.7332722529946505,0.11620310815730883,3.7490083513937917,0.995795488357544,ood_test
1171,42,0.02496494242432108,0.08108847994137643,3.3516083232840694,0.16280490248870266,3.7375549251596185,1.0008480548858643,test
1172,42,0.02382357863561901,0.10728974487080482,2.180835620762436,0.12652264247992911,2.819812224366693,1.000375747680664,val
1173,42,0.041441132163097374,0.05822420281044591,3.1897835675180053,0.14131799940831033,2.7147735621536624,0.9997344017028809,test
1174,42,0.03099657642070659,0.1831510739671337,3.4883994755999357,0.1089093346007321,2.559622954241523,1.0006072521209717,val
1175,42,0.03219787954681347,0.08665459959553912,3.9378781298364784,0.09589203412324418,3.3515101129326426,0.9982776641845703,val
1176,42,0.03324325870103492,0.18212566247242157,2.5385371988354564,0.09377154277481214,3.7862555892110707,1.0013926029205322,train
1177,42,0.025753358992167904,0.10252787825558596,3.9497327608295674,0.19775303846437436,3.9119037039349944,0.9979667067527771,val
1178,42,0.04513768780295671,0.1766478563671387,3.118451491558032,0.13999709880906908,2.678723533013598,0.9994485974311829,ood_test
1179,42,0.03228573717590937,0.0644597012734196,3.156185093863,0.18191601520227935,3.581202744507935,0.9985247850418091,val
1180,42,0.03811536585658762,0.06419222097468572,3.829330151051269,0.18689604438462404,3.278171311562481,1.001401662826538,val
1181,42,0.03094544190682013,0.1730397255565801,2.401357137801451,0.19984128525914457,3.00234021536885,1.0000981092453003,test
1182,42,0.047800254827024366,0.18581111333777983,2.365692714601951,0.17695795578880671,3.1379554116506574,1.0027445554733276,ood_test
1183,42,0.036665357885398986,0.06970576139450912,2.589975919059934,0.09164220025071503,2.5575030931443328,0.9990618228912354,train
1184,42,0.049164047523428206,0.06292737758756646,3.9668623390085225,0.08606773311641869,3.229409935114516,0.9993118047714233,ood_test
1185,42,0.04503372514725775,0.09997034632333528,3.0639080372782566,0.15600733493136454,3.0858874291617644,0.9984821081161499,ood_test
1186,42,0.030197969526267143,0.12834862875779007,3.875659224943874,0.11536564205080588,3.456314802203398,1.0005202293395996,train
1187,42,0.0412873216635232,0.14107518182420942,3.3756677184896144,0.16385345695616838,3.253452637102001,1.0016262531280518,val
1188,42,0.03890936681375211,0.05317176636548901,2.0149082241643206,0.1527731526431832,2.5406817895187523,0.9966368675231934,test
1189,42,0.03121035000742594,0.13213960771602443,3.5832042675452795,0.19118727266735266,2.7161733404512534,1.0006837844848633,train
1190,42,0.04623737574895338,0.08829770374639656,2.765776350741687,0.09733334686836115,3.619757628387476,0.9984371662139893,ood_test
1191,42,0.045613275168933196,0.16851553518519563,3.166724679867656,0.09703925723103807,3.1649598378244037,1.000591516494751,ood_test
1192,42,0.021488240907102534,0.15337459028840228,2.9752128435072094,0.09121930514126232,2.626019697687719,0.9994621276855469,train
1193,42,0.020991668121920548,0.10583076573672186,2.8681201732689603,0.10435776086180563,3.2844781960920453,0.9983741044998169,train
1194,42,0.021431188564954507,0.06748895440776297,2.3038875584616783,0.18265992184890367,3.3877311600002944,1.0012232065200806,val
1195,42,0.03374353007470144,0.14611487572917498,3.296200981449795,0.1799430379284711,2.504680936257908,1.0003669261932373,train
1196,42,0.0498656315706029,0.1454766005928219,3.7397642262367174,0.16515613235083473,2.595631738341896,0.9974323511123657,ood_test
1197,42,0.04708562489145501,0.10472531182547885,3.453924829280684,0.08805705814627451,2.532437375409084,1.000187873840332,ood_test
1198,42,0.0329282034591659,0.1355833423730617,2.8020732659224876,0.13208987424139346,3.7438715739662274,0.9986922740936279,train
1199,42,0.041438128023063736,0.15581872854469886,3.4098374112107317,0.15314827801109365,2.707042924311736,0.9989745616912842,train
1200,42,0.037498062097589546,0.058240836115787786,2.796996789280618,0.08704411311071995,2.8114632133482553,1.0009371042251587,train
1201,42,0.04116775549231054,0.17954753651797184,3.64362811470509,0.16344270260515104,3.6928607110961478,0.998948335647583,train
1202,42,0.04105327640820915,0.1270389653734691,3.7539230883319243,0.12392129096424234,3.343027933673161,1.000504732131958,train
1203,42,0.041813268221976216,0.18306854398141398,2.669855853932975,0.170330108836661,3.575218674560479,1.0006284713745117,train
1204,42,0.03802446338219159,0.14627417371968632,2.6121118911485066,0.17707819981836206,2.508007115097576,0.999768853187561,train
1205,42,0.044363248181092094,0.16451975112423126,2.0484856511596137,0.17964820053124902,3.7472635242208163,0.9976985454559326,ood_test
1206,42,0.04367145404159639,0.05915320666451237,2.6754383747322095,0.11660221672068888,2.889424293464531,1.0018805265426636,train
1207,42,0.02199229033952109,0.10355293416697528,3.3055013276487717,0.12740070253210128,3.98960851418168,1.0003113746643066,test
1208,42,0.02023438596439874,0.09159614979846384,3.2032118070561415,0.1257294048217078,3.9296375460142126,0.9986688494682312,train
1209,42,0.031012193735524586,0.07578890963233792,2.6322963586396155,0.17943391075126702,2.837745465170491,1.000065565109253,train
1210,42,0.03946268851151159,0.07506344779038089,3.9000845607114774,0.08790004813771998,3.944728169954584,1.0031867027282715,test
1211,42,0.042942825217403495,0.0858745219576145,3.7807263615877034,0.17670302786424608,3.0347591569240606,0.9999682903289795,train
1212,42,0.02269645904371197,0.16093057845180203,3.1224304941141363,0.1403623307099279,3.148530917012483,0.9983201026916504,train
1213,42,0.03907500976988119,0.1593588704887871,3.5848232381646596,0.16792793627901648,3.16126119983211,1.0007117986679077,train
1214,42,0.030411051414259677,0.10764971510612106,3.461912004510962,0.0952527082708751,3.5175567205368936,1.0022066831588745,val
1215,42,0.04130287056696937,0.1572145572430456,3.1292469987245966,0.13338195563020422,2.5030538636832413,0.9997712969779968,train
1216,42,0.029998386891771388,0.15881774440449736,3.177026665600219,0.09837205329011059,3.35599364678119,0.9994698166847229,train
1217,42,0.035203868530204296,0.17806966885668812,2.934613032583984,0.14778646220438335,2.5565476508509994,0.9983419179916382,train
1218,42,0.03783606969053643,0.07377743659722705,3.9641808543738444,0.18100871780326197,2.6375559128453876,0.9980543851852417,test
1219,42,0.02980152142176682,0.06055149976553059,2.404190091823229,0.11988772784304882,2.6080280234763866,0.9999635815620422,train
1220,42,0.02316798456943782,0.08246152486487275,3.6450744717372325,0.16172279135981313,3.451594474362868,0.9988166093826294,test
1221,42,0.04323273772299559,0.10202253079778463,2.3732899916041204,0.16958981154549194,3.542043933007863,0.9992594122886658,train
1222,42,0.029063940461805382,0.1343938729915314,3.706799867874902,0.12751916562632162,3.9008994072332723,0.9982399940490723,train
1223,42,0.025350844856956857,0.17395610490927255,3.8521609517568702,0.1649034035808613,2.5236066008632436,0.9982683658599854,train
1224,42,0.03585245040117144,0.1884084307456929,3.3461133524773423,0.1287851196605151,3.7026552630578164,0.9995520710945129,train
1225,42,0.030898496680591952,0.1933536771545633,3.0605074090021853,0.15537121700353834,2.849082956722512,1.0013933181762695,train
1226,42,0.021645793896404468,0.13772900709643457,2.26537714778441,0.1467130297948167,3.383152274032803,1.0004334449768066,train
1227,42,0.03599299879952711,0.1742587368253817,2.6469679581193244,0.18998757261429447,2.7855484223517615,1.0011982917785645,train
1228,42,0.03151222256558583,0.1463901229235844,2.6330533804171665,0.10701112661768655,3.5830616855575554,0.9988917708396912,train
1229,42,0.027811377921569,0.1590091135646147,3.4622897931791647,0.14569582844828455,3.949331206332115,0.9968559145927429,train
1230,42,0.04958582427956504,0.1749524702013293,2.6442794953411557,0.18692608191719243,2.5802198591903402,0.9987991452217102,ood_test
1231,42,0.040998400962718645,0.06990084220655429,3.4744797729898593,0.10260215145015253,3.193456041776444,1.0013638734817505,val
1232,42,0.03031519192528198,0.09788059298359666,3.57626305013716,0.18506263294200453,3.451264315642819,0.9993103742599487,train
1233,42,0.038443425018133984,0.10639908237484524,3.1610843263863977,0.10314870888515829,3.960403135785636,1.0003204345703125,test
1234,42,0.04524365736977448,0.17963583361797564,3.3306312772106663,0.13747293641445046,3.459106631847812,1.0008857250213623,ood_test
1235,42,0.0496876415687047,0.19243440795316563,3.025653802102564,0.08033300855416244,3.607238670242038,0.9977357983589172,ood_test
1236,42,0.03919986674042339,0.12012515226348247,2.2698849493825186,0.10566176658346482,2.571696968025182,1.0000231266021729,train
1237,42,0.03790805406545113,0.08231184092100295,2.8779481031828973,0.18518841400307612,3.2881617329083648,0.9993317127227783,train
1238,42,0.0274675425646429,0.1280738932157427,3.452890218595191,0.14437258184894858,3.927027470788214,1.0039163827896118,train
1239,42,0.040479603620576676,0.13661322221829353,2.0252110352751513,0.1363136651812144,3.687144463435383,0.9985501766204834,train
1240,42,0.04343116915112103,0.06816723915268796,3.646814244552335,0.10316403151864804,2.6903665697851333,0.998175323009491,train
1241,42,0.03408023221016895,0.1480565418398631,2.106145336700515,0.09191828130079324,3.900340489122116,0.998597264289856,train
1242,42,0.02118181619337665,0.07662812540100114,2.196976066543569,0.08924855572053571,2.758163737398952,0.999060869216919,train
1243,42,0.03572222784266897,0.13567676592680344,3.695257695179362,0.12861494947137406,3.2244075656828564,0.9998441934585571,train
1244,42,0.02242764649482771,0.13087102187929628,2.6689018270886526,0.188444803047788,2.9952414773031,1.0012273788452148,train
1245,42,0.037697720668545445,0.132279133499962,2.555793697154597,0.16302905676351614,3.7483742326823255,1.001612663269043,test
1246,42,0.028454368306619814,0.1633831971059894,3.2351505996445447,0.10301025239872563,2.936064689393812,0.9986389875411987,train
1247,42,0.0315287430062421,0.18565889651281753,2.662310881430711,0.16634826963398597,3.2233331752021654,1.0009993314743042,train
1248,42,0.023523148507378584,0.14394503869331143,3.1258024438285648,0.11777476174493587,3.895772525742049,0.9981505870819092,train
1249,42,0.03430361392089566,0.06961238304448614,2.6468429027576432,0.10467113657015362,3.4044421163644096,1.0016608238220215,train
1250,42,0.04926677725761905,0.12330020256909296,3.75530886978294,0.16317164157419067,2.9528379816721313,1.0015602111816406,ood_test
1251,42,0.029898207192233822,0.16973237397342888,2.8545647835989683,0.1953729559561228,3.9932556912436534,0.9970093965530396,train
1252,42,0.02081586180227365,0.1179787059734371,3.420038764964462,0.11009689954976257,3.1517391577612495,0.9993183016777039,train
1253,42,0.025556505218887034,0.0836282606166885,3.7789646609085192,0.11238103895380352,2.6135451138102948,0.9991904497146606,train
1254,42,0.02602003589991051,0.14411340553839008,3.227199589021234,0.10700120495226811,3.2605473288973634,1.0009067058563232,val
1255,42,0.03975967939548205,0.07834559702933366,3.3579785299965774,0.14243739999145089,3.1157642860618004,0.9987579584121704,train
1256,42,0.02187385026373451,0.07761146426215934,2.5186467593748505,0.09570699345939901,3.4803979264561105,0.9978635311126709,train
1257,42,0.04247880037982886,0.09101389236580923,2.710734231996267,0.110211505873087,3.389462031464654,1.0000523328781128,train
1258,42,0.03128960095325088,0.09947082292319487,3.927927408518717,0.17434719951528022,3.623543705521839,0.999940037727356,train
1259,42,0.025816744407544598,0.054619066357394885,2.906780655294905,0.19896858403718737,3.172493371433254,1.0020575523376465,train
1260,42,0.03407284384952505,0.09863795853007581,2.722792223587042,0.17007507078900413,3.2704542103385945,1.001297950744629,train
1261,42,0.02571240307948022,0.17505318894717242,2.5233158613056728,0.12694802299347888,2.5227260191812957,1.0001094341278076,train
1262,42,0.04107242346974571,0.13003194949498692,2.211611298465151,0.08287405113439594,2.8220549410513005,0.9987424612045288,train
1263,42,0.028052014587388596,0.10777871385749968,3.788380966991223,0.10809585413678577,3.9861877998630972,1.0000478029251099,val
1264,42,0.03872298495537961,0.09781295544673894,3.9609671001483053,0.17242340080463103,2.600990365436117,1.0013738870620728,test
1265,42,0.03795433886712561,0.05082885724136144,2.764561429368346,0.09698245687462602,3.4463338225619013,1.0008466243743896,train
1266,42,0.040778133940799675,0.0725570119148094,2.290209328390219,0.18408102163893197,2.539055485527668,0.9998292326927185,val
1267,42,0.02645849518883707,0.10637820114320182,2.8938068502438385,0.11661365470661575,2.5148477689046578,0.9999735355377197,train
1268,42,0.0433705274781573,0.08760761404226028,2.6549430867097117,0.17254251311936047,3.3900511858120446,0.9985215663909912,test
1269,42,0.03092801506307114,0.07104542912982471,2.438129354476872,0.1768653170649893,2.6760394679514174,0.998367428779602,train
1270,42,0.02216614942509648,0.09881571697069422,3.348556708018279,0.1991360988115185,3.0980024515718387,1.0012006759643555,val
1271,42,0.04939563422385765,0.0832676381341595,3.1123171937178298,0.19402232639983025,2.677359492137335,0.9999068379402161,ood_test
1272,42,0.034699188195006905,0.12480390360048675,2.4920546666170824,0.10797988046602723,2.5131588913329295,0.9986906051635742,train
1273,42,0.03342634141803254,0.13609056410754394,2.2390130705851536,0.1796196282827906,2.797854252373381,1.000685453414917,test
1274,42,0.041538904060289775,0.11899154422086612,2.117673551611392,0.10499496871639248,2.8459696565542907,0.9999785423278809,train
1275,42,0.02923503993837854,0.13773205952331893,3.889437116107729,0.08417673340194888,2.814984125573287,0.9992939829826355,train
1276,42,0.03634394455802742,0.167058156048093,2.067498863623829,0.13404292711662208,3.996505609513521,0.9981679916381836,train
1277,42,0.041873841380441694,0.14077855249593518,2.428709725182687,0.10211188926182746,3.926504726730002,1.0010119676589966,test
1278,42,0.030218944601288624,0.08647789756432378,3.5908280054651147,0.1785504597664767,2.50236809252255,0.9996747970581055,test
1279,42,0.026542720860631874,0.10585935614409529,2.5231876442015158,0.18887312976964277,3.253649464258303,0.9990696310997009,train
1280,42,0.025153827915348183,0.1315883947587916,2.5278510970143566,0.19254396614932684,2.9284767982118276,1.00108003616333,train
1281,42,0.022258263581883164,0.12559808819078727,2.8227928783981695,0.08708909665473712,2.9228966012204807,0.998894453048706,train
1282,42,0.021671088430537458,0.06493082394029343,2.317641990672072,0.1196404509579381,3.7417697326957358,1.0017282962799072,train
1283,42,0.04846252576252583,0.1453728675665406,3.275505382784895,0.08116983537233034,3.9545531849911413,0.9998816847801208,ood_test
1284,42,0.03493936093387118,0.1645086911347542,2.344015402322645,0.1059252023537077,2.8645933364970255,0.9995300769805908,train
1285,42,0.04167067219101111,0.056027784722488906,3.7235133411496264,0.14064529487790653,3.847352619113156,0.9989392161369324,test
1286,42,0.021987734782338106,0.13877929506491035,3.0166791132004187,0.141108430243027,3.6204898967135986,1.0059014558792114,train
1287,42,0.03285164599634717,0.06565509105753542,2.270012630290292,0.08631886963943228,2.9114911277912308,0.9998894333839417,train
1288,42,0.024747636259585405,0.056130286458759476,3.3527235035578338,0.13390782910019206,3.0891229827162636,0.9998373985290527,train
1289,42,0.028977040099967315,0.167279465200618,3.1692490304815544,0.1344220204079849,3.0276710802904043,0.9995434880256653,test
1290,42,0.043873470554534263,0.06480109453523628,3.3390497319263304,0.19307266053788302,3.9187750019539944,1.0009002685546875,train
1291,42,0.031229944796484166,0.11730729166363782,2.978504718868476,0.11020895520650392,2.901746510260938,0.9992033839225769,train
1292,42,0.04809103956204296,0.16956880475015967,2.8210533949711722,0.1997579326379555,2.807220396716502,0.9998103976249695,ood_test
1293,42,0.045732266454341516,0.1428516794087651,2.8754287882204173,0.1151381138468113,3.9781781579764344,1.0016556978225708,ood_test
1294,42,0.030762917640877532,0.11598237661133433,3.7186123676314513,0.13329758161083455,3.858943187193926,0.9988381266593933,train
1295,42,0.038971796491014926,0.08422082839937126,3.5855389558852284,0.16054837393120827,2.7175377727225625,0.9992461204528809,val
1296,42,0.038787280291278856,0.09060943428308313,3.676943143566863,0.11045670840118281,3.4282701559260653,1.0005605220794678,train
1297,42,0.03738938243846035,0.08668019524164489,3.3341306930994845,0.1875712107571054,3.19104244465863,0.9985832571983337,val
1298,42,0.034542507044479295,0.18739559651737514,2.765884367091813,0.16571065256084996,3.851538064660456,0.9984182119369507,test
1299,42,0.03838382185438037,0.05789586292182258,3.1676297569138754,0.1397586521750116,3.401562752412373,1.0021971464157104,val
1300,42,0.04514442872309442,0.05740750838787537,3.5996278656637672,0.10035434150877295,3.6437509859011934,0.9988299012184143,ood_test
1301,42,0.04035098432456394,0.09873915086201193,2.0974655982992125,0.14876412914368592,3.199602376921283,1.000376582145691,train
1302,42,0.047536203006780575,0.1425660877809132,3.8469879076322457,0.12248140270267441,3.973846610412198,0.9957013130187988,ood_test
1303,42,0.0305753407951801,0.14971538995194286,2.509781293239267,0.18159050875446492,3.2756371171936998,1.001695156097412,train
1304,42,0.04443306385775689,0.05994800407396189,2.0567080878627286,0.09181651838197263,3.3304445509832927,1.0014183521270752,ood_test
1305,42,0.04366716338490452,0.13869430422502088,3.3723938911638545,0.13807160292565682,2.8768974527976963,1.0011160373687744,test
1306,42,0.03178398692491896,0.1461543415703084,3.5656601610407495,0.10453033983733048,2.6104051943332025,1.0004620552062988,train
1307,42,0.033299850684851584,0.11585492926771312,2.610208166157782,0.1253117782502816,3.04983080309123,0.9985346794128418,train
1308,42,0.03710943585782513,0.16878286218094424,3.8354758036166725,0.1695492484259277,2.904907194656805,0.9988004565238953,test
1309,42,0.030319918990117913,0.19578153860639813,2.143633678235452,0.16078698874417208,3.286268416753419,0.9986255168914795,train
1310,42,0.04565244981814565,0.17469849215821948,3.8748135339107748,0.10772032804770898,3.565801910650938,1.0020568370819092,ood_test
1311,42,0.04206445171461014,0.1720799279297296,3.0678145700635997,0.1089490710683355,3.2340934494462314,1.0018079280853271,train
1312,42,0.020486629366622107,0.15820526301834636,3.0692838924965056,0.15407766001604356,3.929516336235909,0.9987775087356567,train
1313,42,0.023802041149737475,0.12503131582257576,2.0035883573461644,0.15172139027786555,2.7184311758077793,0.9989724159240723,val
1314,42,0.04284480047279238,0.05787939059054635,2.7158824868992824,0.17388217257653127,3.451805939770084,0.9983471632003784,test
1315,42,0.048935685681351065,0.14308805342878483,2.6687674325720643,0.15417351856311445,3.3494737927137237,1.0033708810806274,ood_test
1316,42,0.0490804771524713,0.10784314101627279,3.6448472540994796,0.1809389756124883,3.932312915108451,0.9998981952667236,ood_test
1317,42,0.03616512998869853,0.09138770933812407,2.3729366633528493,0.09308835220044161,2.983698786858241,0.9999276399612427,train
1318,42,0.03975725176008975,0.1328108276734914,2.99243024726855,0.10343444220195362,3.975859242205105,1.0000849962234497,train
1319,42,0.0407789283449772,0.09654597111257007,3.0658483834094374,0.10297207756314852,2.8660498465648763,1.0002353191375732,train
1320,42,0.045514797749457596,0.1881525642080833,3.904258067842765,0.1090543231904839,3.353305345858405,0.9980805516242981,ood_test
1321,42,0.025980011193357744,0.0920446383523845,3.710180306467712,0.19818370046097034,3.4793423855587746,1.0001378059387207,train
1322,42,0.04801149447505993,0.06152332523161559,3.342520773910663,0.17604787180585746,2.950447032578722,0.9999631643295288,ood_test
1323,42,0.03623138312384978,0.14200943023964163,3.5549677341003836,0.13514901025485876,3.337254931892153,1.0002096891403198,train
1324,42,0.028951590099949093,0.08777333183827048,2.928173832022562,0.19155075631224538,3.4354217083874845,0.9981428980827332,train
1325,42,0.04230118077846519,0.15397648021494492,2.263059609705377,0.13411139991045437,3.3463003094861277,0.9985352754592896,val
1326,42,0.042510975784244065,0.07763079443009172,3.8542743553705443,0.17790544550042797,3.063274229162716,1.0015803575515747,test
1327,42,0.02616518815108869,0.06085597905815629,2.267597908857197,0.11012686860857752,3.9323907155069406,1.0047338008880615,val
1328,42,0.031815563322230324,0.1878256602561293,2.829356242615888,0.14438733676427212,3.26552050826961,0.9981331825256348,train
1329,42,0.045106463165780306,0.15611793088748027,2.447989113129564,0.11348216891628124,2.6784085587419115,0.9996534585952759,ood_test
1330,42,0.023696173049557533,0.15433196189553844,2.3082943936539935,0.12304779017869225,3.0855913396806143,0.99859219789505,test
1331,42,0.0260228395838605,0.08792964182995028,2.6843703387074824,0.11880133665199075,3.567506422958088,0.9967641830444336,train
1332,42,0.03646004014654852,0.15187921873755467,2.2666615994635864,0.14400608008405497,3.2961657949879273,0.9975497126579285,train
1333,42,0.036471801262839824,0.19175901606548285,2.4827283867346983,0.18077709685088345,2.773154067568829,1.0007524490356445,train
1334,42,0.03228497997011852,0.13772282482824422,2.638783436079743,0.12820867940186445,3.531303789058571,1.000004768371582,test
1335,42,0.0382274862526574,0.1169305450585572,2.197451757498693,0.14502386604467057,3.6800786021420397,1.0019367933273315,train
1336,42,0.025644300502125756,0.051891688361329874,3.1330732579857354,0.1952984315297412,3.132420644866731,1.0007174015045166,train
1337,42,0.024694009845262935,0.19184159839287424,2.1421379310854434,0.18587836701651178,3.368485570132597,1.0019495487213135,train
1338,42,0.020487729600443132,0.06495445626351479,2.8170824358889885,0.16724574623988842,3.194538273767229,0.9996764659881592,train
1339,42,0.026193036437744788,0.19015767684203044,2.619595034994338,0.19930629640714936,3.1403402811820764,0.9994825720787048,train
1340,42,0.0494304119735985,0.11889435397064865,3.22125284952502,0.12331584822162893,3.917519260936812,1.0006153583526611,ood_test
1341,42,0.03980179800330831,0.09202754004097274,3.76591901813511,0.19129845503626067,2.6546987941944145,0.9986401796340942,train
1342,42,0.0329042753821635,0.1356039819378871,3.259984888487877,0.09439763496793192,3.7971087020071588,0.9984501600265503,train
1343,42,0.03094247801083761,0.07445875894096382,2.7062076889193314,0.18153394869664358,2.893746947863819,1.000410556793213,val
1344,42,0.04522914858226096,0.07069879784172156,3.4018356558996743,0.11169674518474033,2.848798247453448,1.0003414154052734,ood_test
1345,42,0.043400261663943104,0.17184717840055816,3.4979584092084464,0.14911152438973363,3.1011884679849615,1.000281572341919,train
1346,42,0.021463453747014666,0.13235990079627724,2.384947504688128,0.10587561364475925,3.1199837230818117,1.000327467918396,train
1347,42,0.03765747391747125,0.16276587338383675,2.0357711150382904,0.15784771018551483,3.2799982091746243,0.9984879493713379,train
1348,42,0.029591829353244857,0.1569092030247066,2.6407030480537124,0.10647201159390529,2.9309195444680407,0.9992569088935852,train
1349,42,0.048770561247468314,0.13892943291137608,2.067698425505026,0.1050676124299722,2.752011746624255,1.0010148286819458,ood_test
1350,42,0.04692950506766376,0.18701247749662248,2.472760801600283,0.1791897715245438,3.809137849118146,1.0056519508361816,ood_test
1351,42,0.04199148204491351,0.16955549311925427,3.3647423063905184,0.17107552492084513,2.5858834030749476,1.0012000799179077,train
1352,42,0.025034334360843263,0.14766151483757067,2.184287558660964,0.10682385915300496,3.3663412883938553,1.0000346899032593,train
1353,42,0.029520279980846824,0.10219288745835944,3.043920962250475,0.14545703751632522,2.5769128358477738,0.9985135793685913,train
1354,42,0.039184676198880476,0.1183429359087994,3.653902795371115,0.10065763709855763,3.391464566989452,0.9995089173316956,val
1355,42,0.020731381144419313,0.06455185356919918,3.7591290195597695,0.09842757236030489,3.191008515647927,0.9976949691772461,train
1356,42,0.048260998683989226,0.16044249237307373,2.067147744481327,0.1428124149963103,3.738025456628068,0.9968065023422241,ood_test
1357,42,0.0271383296177735,0.1537900104255368,2.343850256385384,0.10359938682781789,2.5121717065805194,0.9995094537734985,train
1358,42,0.021736164880344497,0.11518085415583885,3.9203003475338853,0.11976517712931264,2.6205801263291226,0.9993616342544556,train
1359,42,0.0448116639814429,0.07945948757141623,2.103379656582155,0.15737865129125994,3.1602305814420677,0.99896240234375,ood_test
1360,42,0.033254194776811644,0.19008955526440402,2.3268198354142373,0.100449521635295,3.8337836440838164,0.9978224039077759,train
1361,42,0.04898536098424201,0.15684121814343832,3.5309794611909577,0.08393930406129003,3.903237975341881,0.9997211694717407,ood_test
1362,42,0.022255933999757515,0.06102013033695079,3.08580476619616,0.1671911363126683,3.772715737672216,1.0004853010177612,train
1363,42,0.032721818904858896,0.15759570833572034,3.9474756674078337,0.13728634015333996,3.8362643059433426,0.9991754293441772,train
1364,42,0.02736618493696099,0.14278193461362687,2.3900214743618617,0.1527086402443475,3.7542754376678706,0.996675968170166,train
1365,42,0.03582124908444363,0.16942702400281154,2.7130038118646564,0.12229534273629919,3.1159085737197976,1.0025686025619507,train
1366,42,0.038434035579328577,0.1988380761508965,3.9132975109519847,0.1439706876327735,3.509999751578418,0.9977630376815796,train
1367,42,0.03384113071056964,0.1579925795641341,3.954667993143179,0.1353343400685461,2.65811829588626,0.9984666109085083,train
1368,42,0.04921003134318333,0.06913318746701638,3.3677968979903827,0.17956041501651937,3.3888663509699843,0.9989524483680725,ood_test
1369,42,0.04977203662299744,0.1279391287202959,2.8193502545195437,0.09967034838980161,2.9086855673197753,0.9997993111610413,ood_test
1370,42,0.04495678106964221,0.13604015305779746,2.066418834151397,0.11661663413568946,3.0931047243211185,1.0003149509429932,ood_test
1371,42,0.028842869468361128,0.08535641443107755,3.0211126979660587,0.0896264286972794,2.639910793986192,0.9997879266738892,train
1372,42,0.03541080601024078,0.0880642706550651,3.4249626432524787,0.0870760169180645,3.398539472713415,0.9976034164428711,test
1373,42,0.021811951344986612,0.12805327013407047,3.112261435109496,0.18668293680441905,2.755376219028485,0.998485803604126,train
1374,42,0.02651404330704388,0.11114259487438605,2.014629492080683,0.1327600838492649,3.331804721994759,0.9967421889305115,train
1375,42,0.02955869736407365,0.06320998398916118,3.106618473192068,0.12929696154779913,3.1105005717694825,0.9996775984764099,train
1376,42,0.0377439998768736,0.09163097881906984,3.2439068768405046,0.15670521448827085,2.9975675215074973,0.999222457408905,train
1377,42,0.03712303471869235,0.11030184201323015,2.6680586803798407,0.1312949698614848,2.5332647345450714,0.9985023736953735,train
1378,42,0.029112882329195365,0.0893396209947998,2.336576150068124,0.14917227910097203,2.5854504721029334,1.001218318939209,train
1379,42,0.043477314161383056,0.14280301528957473,2.641338145860744,0.11215121066436406,3.76838122005461,0.9975942373275757,train
1380,42,0.03892569496332254,0.14627570918774652,2.444745540063587,0.14773154086720675,3.535955208797443,0.9979010820388794,train
1381,42,0.042480646386026624,0.0601262908931483,2.9552979458658926,0.1809635324381046,2.611226169021032,0.9992589950561523,train
1382,42,0.024503373123105663,0.15894162406117435,3.0805258974490277,0.13944403855410448,3.8661123606036023,1.0032744407653809,train
1383,42,0.024531351253832847,0.18944820492407666,2.4268221158896477,0.1685020093694246,2.9772316994761567,0.9989475011825562,train
1384,42,0.02797522399916965,0.11430434552146396,2.9122325923008905,0.08997296603279098,3.681812498266013,1.0000470876693726,train
1385,42,0.0478371182509449,0.17961601087056056,2.4102381346713373,0.17427433805685455,2.728355411837095,1.00101900100708,ood_test
1386,42,0.03710250545199689,0.17647570109310018,2.6019119883505715,0.11773923115695188,3.259497377043589,1.0001254081726074,train
1387,42,0.043127078330286464,0.0968004159524872,3.00097338571952,0.14595182744735,3.0293226629044323,0.9982576966285706,train
1388,42,0.029144534605485797,0.19980276707744,2.9650649301403247,0.1949488042091197,3.9249332850523313,0.9979598522186279,train
1389,42,0.046381901261226426,0.17491795538015226,3.623840994131611,0.13391132866285904,2.789288552053582,1.0011121034622192,ood_test
1390,42,0.046024961809932916,0.11594827388451695,2.954323927577488,0.15515527833096193,3.9593684611540065,0.997642993927002,ood_test
1391,42,0.033026555724964074,0.16470981374301547,2.9860485831695662,0.12998367633312602,3.620188661318725,1.0001381635665894,train
1392,42,0.021347463479142195,0.08368395804880596,2.3529861284281233,0.1476849470745244,3.339271687759265,0.9981217384338379,test
1393,42,0.02909194607555323,0.10866764678895127,2.7144761191844613,0.11246397594428174,3.852448592777346,1.0014605522155762,test
1394,42,0.048143457715293186,0.05664417199847086,3.286512890084479,0.1246747072050366,3.259183983857705,0.9995312094688416,ood_test
1395,42,0.032684963807413314,0.19204789591646199,3.083900550375837,0.1647761635267815,2.5446391178640786,0.9996400475502014,train
1396,42,0.022199875475984805,0.11026996935229925,2.1450551653581,0.12959835760949112,3.929485058149069,1.0019482374191284,val
1397,42,0.03601787292436563,0.05365827423564961,3.7958056040000305,0.11913031557482626,3.322879051969915,0.998430609703064,train
1398,42,0.030197836393863645,0.09045373617596045,3.5471269081334547,0.17873274152750315,3.7689782481557574,0.9978856444358826,val
1399,42,0.03859331621530099,0.16101910207213227,2.3646335185211953,0.10869385393374337,3.5851631922810485,0.999710738658905,train
1400,42,0.04477934737305596,0.1994030651605464,3.573559621751432,0.09219641427410684,3.4390510416826814,1.0003681182861328,ood_test
1401,42,0.03273436261763549,0.17606002199074283,2.7293302330595215,0.13472998583000526,3.2531926968575755,0.999049723148346,train
1402,42,0.03247394075012979,0.12537559064513104,3.156785451616393,0.18365959054123893,3.7162851516549984,0.9990867972373962,train
1403,42,0.036465728504679266,0.11982632474373786,2.9544544083264057,0.138115741605778,3.555468973205117,1.0003232955932617,val
1404,42,0.02700968056758287,0.07491816283003527,3.1805331607614757,0.16947449934198244,3.377872704220688,0.9955177307128906,train
1405,42,0.03971102870691653,0.16351286393791462,3.841996077128651,0.08581810778629627,3.309692531433076,0.9983049631118774,train
1406,42,0.020360767299702275,0.11552371516906115,3.6635090731499673,0.11598265395627061,3.481073333207495,1.0000028610229492,train
1407,42,0.026185159825884506,0.0601785513073992,3.4603575462785603,0.15964659996843694,3.357614327011461,0.9999451637268066,test
1408,42,0.04408051958608385,0.07661941836015465,2.4203369388707423,0.08226663846442465,3.859935207461538,1.0011711120605469,ood_test
1409,42,0.022606692154139248,0.15141374171622635,3.8762211252993373,0.17510865585175278,3.4296015193708875,0.9972396492958069,train
1410,42,0.027469689261793877,0.16498921970410513,2.621497555560803,0.1980302500661737,3.7832917644134536,0.998415470123291,train
1411,42,0.02037784045966812,0.1450798121901491,2.541601210161587,0.11028369531205245,3.3696564007356256,1.0014519691467285,train
1412,42,0.040546627686254666,0.13708593085819626,3.237619850053998,0.162643928779653,3.2250536014692566,1.001466989517212,train
1413,42,0.03709356819077657,0.19780119643086552,3.3986427784083206,0.167909265374046,3.1212661199272373,1.0006747245788574,train
1414,42,0.04055710343599525,0.13979490444479625,3.5187153612965756,0.178280961863576,2.786118290400359,0.9988567233085632,train
1415,42,0.03031772196168751,0.1317963645001497,2.6862716219037037,0.1871540187621324,3.1350008358178902,1.0017986297607422,train
1416,42,0.049286629495752084,0.169840226477469,2.2278419950526853,0.10135457428986035,2.8636991862524934,1.0017344951629639,ood_test
1417,42,0.04563482230123239,0.10596145452895274,2.6142020007883273,0.19097223248704442,3.556028305557879,1.000571370124817,ood_test
1418,42,0.024765231872307183,0.14452402033455491,2.4233171782306364,0.15954386862746311,3.87005358446103,0.9989187121391296,val
1419,42,0.03489676392360597,0.06426185258494684,3.5282323272294343,0.16823651081876473,3.316094118035802,0.9982232451438904,train
1420,42,0.024433210172272735,0.14227226966906686,2.117107902386861,0.169019997370912,3.205547905782695,0.9984075427055359,train
1421,42,0.040628582843486194,0.08858265674505156,2.2803932747828277,0.15442685337781478,2.5924038615117095,1.0008057355880737,train
1422,42,0.022909195182854964,0.12915393517979135,3.194447691697567,0.10910497589566626,3.3023065459963874,1.0001249313354492,train
1423,42,0.02311233661476384,0.10379798605093536,3.0339045719359627,0.0932435507342634,2.6096047909133624,1.0006121397018433,val
1424,42,0.04487688317095521,0.17356015809886924,3.4410940364869216,0.19042779427917342,3.6595071032433943,0.9983254671096802,ood_test
1425,42,0.0497996730309114,0.09976033069035686,3.327399220823396,0.1759498845413725,3.3637421153182516,1.0006451606750488,ood_test
1426,42,0.036339830446042956,0.1879482789817425,2.296801206578335,0.19780771245165724,3.3178218493693743,1.001136064529419,train
1427,42,0.035210477846540994,0.19344222307745984,3.3680402781107506,0.13300727010276664,3.092173197538565,0.9976418614387512,train
1428,42,0.029965809778213524,0.09933980619501129,2.002556917810059,0.08556474902142462,2.5129859721130217,0.9988120794296265,train
1429,42,0.029392999890531867,0.17418799513952946,3.88968228985098,0.08815795158647764,3.6238502626830473,1.0026785135269165,train
1430,42,0.03464291222572186,0.1128628474729117,2.135878584270181,0.09166380903877702,3.7453566337850885,0.9990006685256958,train
1431,42,0.042285852626765846,0.11770010078894934,3.235783636689468,0.0914192480652968,3.658776477020104,1.003149151802063,test
1432,42,0.0262400853654161,0.15733144821465425,3.477385797983439,0.14676673068717808,3.3937170970395143,0.9983323812484741,train
1433,42,0.04191909322244725,0.056279684663860394,3.592298861364898,0.14806273328416814,3.5048078369211186,0.9954930543899536,train
1434,42,0.021037377625393042,0.10816890540954402,2.4174475590533873,0.1385939503282668,3.0748957403224186,1.0027738809585571,test
1435,42,0.03525950077725624,0.173699211756571,2.6897374739403315,0.1657879116297304,3.223083860618075,1.0006592273712158,train
1436,42,0.03393713446123544,0.15790109473408281,2.07176768601519,0.19267928438220555,3.679704639266418,1.004265546798706,train
1437,42,0.0460194442758235,0.1378824035867253,3.116689156199114,0.19919891544294704,3.6187349769399946,1.0018234252929688,ood_test
1438,42,0.02953267073762223,0.11124633188851679,3.324361005971058,0.16990603297966153,3.2424157474761155,1.0000228881835938,test
1439,42,0.020668647283302553,0.08590310930629108,3.2513975178218475,0.09708486436262863,2.652706386424511,1.000927448272705,train
1440,42,0.0446823194920193,0.057742126432007414,2.1350070909435193,0.10639821631211763,3.9599233840819226,0.9992265105247498,ood_test
1441,42,0.03985311478255292,0.08372000670984292,3.6875211890949267,0.1700915330647629,3.7598447050911643,0.9967691898345947,train
1442,42,0.03578910534554989,0.13813912605339299,3.3982169035202627,0.13757813280518078,3.58241738804143,0.9973882436752319,val
1443,42,0.039928378798583394,0.14427786394726277,3.2034098526485186,0.1341703679695384,3.265643764985227,0.9996228814125061,val
1444,42,0.042517363912392525,0.1887017087753875,3.5002344318430936,0.1753455555878064,2.645108299791301,0.9987781643867493,val
1445,42,0.042635621684512945,0.0506046005630286,3.646489809494021,0.0869745878277337,3.785839812905618,0.9968289732933044,train
1446,42,0.04917610610718019,0.07951942945595952,3.4622959006250875,0.11878892732640597,3.098624352685862,0.9994157552719116,ood_test
1447,42,0.02504525484926434,0.07214636731746685,3.2576097374790858,0.16092092392590732,2.5639946411257957,1.0006623268127441,train
1448,42,0.02352454630025965,0.15480850708190227,3.4540358149436274,0.1750710952778628,3.7057303910023967,1.0002433061599731,train
1449,42,0.04072965024111902,0.09712769131503703,3.645479225252398,0.09245333569447889,3.963805006443673,1.0028842687606812,train
1450,42,0.02374168872025427,0.1389098375531628,3.4916404010255464,0.1285337386549376,3.1665997861822177,0.9998360872268677,val
1451,42,0.036967949365335595,0.15915652408841546,2.2488831193834518,0.1938306594734996,3.0075378288060386,0.9993054270744324,train
1452,42,0.04257453812502347,0.13642328528615644,3.685461122969553,0.10247129558272336,2.672297176168008,1.0003756284713745,val
1453,42,0.04598206128518753,0.09819065657954112,3.7311100829646575,0.12326231410490074,2.5638658488624326,1.0011155605316162,ood_test
1454,42,0.03373547656512543,0.15096557244174796,3.716346374336375,0.09583215266942764,3.462825126049503,0.9992275834083557,train
1455,42,0.03139641799028332,0.17308661016761429,3.6216067926363555,0.19846352103551979,3.113108618988629,0.9978921413421631,train
1456,42,0.04422262839962528,0.12042882676543595,3.3102063792736813,0.11623337761055118,3.6671006230082615,0.9980465173721313,ood_test
1457,42,0.03906920475440727,0.1282310279920389,3.0275792675646542,0.08826693706023198,3.21605249335871,1.000460147857666,train
1458,42,0.029901744291159757,0.1745400711454526,3.5134728532312995,0.14984080567985852,3.297048498340857,1.0002546310424805,val
1459,42,0.03256166666376608,0.16457178328595,3.795849874006689,0.1403286187372446,2.810594697383896,0.9984651803970337,train
1460,42,0.03219215178143364,0.07873692280014738,2.828494951442117,0.16694861680231565,3.65737342490222,0.9997939467430115,train
1461,42,0.022069543679987088,0.09814664779731763,2.1692907107287334,0.08027986896301985,2.59818261182454,0.9998165965080261,train
1462,42,0.03799211204659301,0.14362444884592515,2.0762482424146524,0.10414694551310825,2.811430229025026,0.9998480677604675,val
1463,42,0.041875206182976486,0.18341637459130106,2.5365393741791173,0.1348017304265195,3.375888660571077,1.002838134765625,train
1464,42,0.0328286700943713,0.09687138217233807,2.6905108218058897,0.13264613116045212,3.9697315583108543,1.0010039806365967,train
1465,42,0.04215948244840766,0.07564702649251503,3.8553439727216126,0.19027374837119815,2.636395296177101,1.001710057258606,train
1466,42,0.025403990361223202,0.11446947782085512,2.607028723001435,0.11342638611892408,2.5106989451743473,0.9988296031951904,test
1467,42,0.02448752121615188,0.08689745930837331,2.3443072718438245,0.11242120196038474,3.0258069407920742,1.0002801418304443,train
1468,42,0.042668804513785075,0.13777656396081361,2.880895427448075,0.1681680957805532,3.5689817796914496,0.998070478439331,train
1469,42,0.04588247712938516,0.19595252030866572,3.472918925044959,0.1861755573438566,3.3631547092732688,0.999415934085846,ood_test
1470,42,0.03872339644709365,0.11178682835451056,3.3963239595737464,0.10941678841514318,2.732979205907127,0.9996935725212097,test
1471,42,0.021706061966472234,0.07624299192772252,3.634481908911459,0.1188326105041789,3.699595130646789,0.9992693662643433,train
1472,42,0.023604052940253934,0.17355115740112542,3.3009436472023284,0.13529668596058675,3.1261964076706277,0.9975792765617371,train
1473,42,0.03100711113710189,0.07510314148506084,3.4280392077634447,0.18972525554782727,3.9730432127866715,0.9993753433227539,train
1474,42,0.029687982926319516,0.15660809102938256,3.777233417584042,0.15900059580089965,3.8464447998070805,1.001856803894043,train
1475,42,0.04819271363003962,0.13799638929779118,2.166292703293643,0.0997004620350644,2.5721928090306623,0.9994009733200073,ood_test
1476,42,0.03125237798648607,0.08281104945112092,3.011849895233953,0.14886135229433986,3.370611017029705,0.9978671073913574,train
1477,42,0.049973424196019814,0.056168331881334174,2.335277992078786,0.08016477126198784,3.0393665182639,0.9980257749557495,ood_test
1478,42,0.03551049728421177,0.052584924327994005,2.276307270371689,0.08183969636094154,3.06014140931744,1.0014750957489014,train
1479,42,0.04327157178250908,0.16025616162228978,3.072717690222775,0.17505406232491838,3.388889135296906,0.9985401034355164,train
1480,42,0.04492931877710954,0.07233989047424276,3.6679349640445023,0.13565916715590276,3.351116713159455,1.0015203952789307,ood_test
1481,42,0.04170187329926059,0.11715556874183115,3.435073421606924,0.19239566831159205,3.3201059201833054,0.9987442493438721,train
1482,42,0.04771702019406823,0.17713923385925123,3.250767969561041,0.1634106713581856,3.771136474622084,0.9992154836654663,ood_test
1483,42,0.03518593203560766,0.17462941787388486,3.464958011846261,0.12963358684794382,2.5406117994326674,0.9998139142990112,train
1484,42,0.04128937178064205,0.07311980762321951,2.1641153805884352,0.08582833452750696,2.5816171435852824,1.000749111175537,train
1485,42,0.028680105264710924,0.15628850848183384,2.1794514635120734,0.1019165121887057,3.1114526912745344,1.0003433227539062,train
1486,42,0.021109387181605675,0.18468488919977832,2.8974853777536063,0.08493771356566687,3.8124147450365635,1.0017399787902832,train
1487,42,0.030168780500007954,0.12217090555092877,3.7786633587220253,0.08994074668498796,3.1404178515759664,0.9994714856147766,test
1488,42,0.03758705134566717,0.1949861974580771,2.2415978355907455,0.14207395471531528,3.6317152099313073,1.0007506608963013,val
1489,42,0.02948548565850029,0.06363715770533462,2.954744795762351,0.16017174202899848,2.546313717218813,1.0006412267684937,test
1490,42,0.032694186907682395,0.09786234449368553,2.484810951672336,0.11428268746731288,3.4162716301423783,1.0000123977661133,train
1491,42,0.04317724392735982,0.0577917692171437,2.6459912159938472,0.09849354284569442,3.449293100876064,1.0035784244537354,train
1492,42,0.029277846402748046,0.14253471822937108,3.8459037222806103,0.10445104678298486,3.8780564150057266,0.9993106722831726,train
1493,42,0.03137853082692561,0.1584226013920118,2.335953242822391,0.184223850230668,3.7501082560038395,0.9982056021690369,train
1494,42,0.025923255586448535,0.06354153028474976,2.839965559256521,0.12219883191260567,3.5564477553368743,0.9996086359024048,train
1495,42,0.04085066715128591,0.0742357368015449,3.7591900458065037,0.13884876936985507,2.836956152775607,1.000006914138794,train
1496,42,0.02482883369488235,0.0670568373982062,2.6530114389548176,0.18379234482741202,3.8349767729437034,1.000832200050354,test
1497,42,0.04150303091904796,0.1863255280128981,2.0909204918765587,0.17363049125198732,3.0826378098279044,1.0010887384414673,train
1498,42,0.02036778914748362,0.09773154384651106,3.2441747910159,0.16140129165395214,3.421846746056353,1.0001863241195679,test
1499,42,0.033742385450348716,0.08505453587582698,3.74701527601895,0.1810949866060762,3.963933345770384,1.0006072521209717,test
1500,42,0.04810510126277829,0.0932320833820037,2.745435279460469,0.09679973782242983,3.006002255338955,1.0003364086151123,ood_test
1501,42,0.04359284689828692,0.08208288078349547,2.044694953837644,0.16443332005632938,2.6816192755940227,1.000974416732788,train
1502,42,0.042538146097175,0.12778673852998285,3.0640275372962424,0.14943304592912576,3.3089604570868563,0.9975204467773438,val
1503,42,0.025937689143658012,0.054116899904160846,2.297763960140344,0.1507162244019588,2.8134555266536023,1.0016288757324219,train
1504,42,0.028675110268486743,0.0684065170491921,3.799424397080077,0.17254101347820078,3.274672297516912,0.9991024732589722,train
1505,42,0.02849527874347875,0.1362252396568528,3.5021925677172026,0.19949784490039546,2.675974412161045,1.0002732276916504,val
1506,42,0.031353432633165514,0.10265330839969786,3.2799304387007293,0.13296266834578002,3.0808960492713484,0.9990673065185547,train
1507,42,0.03763790341621995,0.05669097719746531,3.919974460571822,0.19570884552057566,3.0138575221800705,0.9993438124656677,val
1508,42,0.04490406417937025,0.07927813779382509,2.2808798205839214,0.12805626993715485,2.813099503082931,0.9983093738555908,ood_test
1509,42,0.026219494983053912,0.16135968703209327,2.4875016055345647,0.18559407486494922,2.9727311463351764,1.001526951789856,val
1510,42,0.04523532308378027,0.18775231391317387,3.951618691008508,0.15876240171543832,3.521076440508937,1.0044798851013184,ood_test
1511,42,0.03089816696323281,0.09492157646255753,2.8894717118614106,0.15899604168681755,3.2029188435468976,1.001218557357788,train
1512,42,0.024341920714917496,0.1457408843423062,3.4571796398364207,0.12397106774048697,3.8938616343631094,1.0012768507003784,train
1513,42,0.038942094533566785,0.18069787805648901,2.6374178941396043,0.14514214549564297,2.6430034660492074,1.0013794898986816,train
1514,42,0.04900073182053371,0.08165279646689008,2.5534955676393696,0.14842832146275914,2.766550898148242,1.0006293058395386,ood_test
1515,42,0.031719295101804504,0.13885290436146058,2.7054382066273064,0.10413446853808882,3.8223974074554725,0.9970515966415405,train
1516,42,0.03224773633811866,0.1138678988480507,2.6070134603256228,0.14031024338776496,3.2433357506100324,1.0016300678253174,train
1517,42,0.037876309270971256,0.1409793092565333,3.4422976154285907,0.12394519126039578,2.6999399931222707,0.9994403719902039,train
1518,42,0.03519817178561613,0.19597540569846372,2.177998625824562,0.1435669139111801,3.518156144752215,0.9993194937705994,val
1519,42,0.03906171430769488,0.11031708675511047,2.4012768722094426,0.08175822504244021,3.5827832948412164,0.9979526400566101,test
1520,42,0.04329729221888193,0.16229684005864387,2.920194852383951,0.17695902787490228,3.781151764361487,1.004622459411621,val
1521,42,0.02879778136972702,0.15641598105165322,3.520184181667836,0.09243475844717886,2.99815442823189,0.9976615905761719,train
1522,42,0.03504110881240747,0.09870186717828935,3.265340781208269,0.14104669628516076,2.6604881832465788,0.999110221862793,train
1523,42,0.027177892746445075,0.10562942393629227,3.2519562837743976,0.08003040966542177,2.8075322601889323,0.9995294213294983,train
1524,42,0.03700421776245165,0.16745071336552964,2.445427995533895,0.14861174721714862,2.6513849693296834,1.002880334854126,train
1525,42,0.022478007418072488,0.13681602760362455,2.4462785727858116,0.17862480592550473,3.81930247697055,0.9998530745506287,train
1526,42,0.03667213629654825,0.08609540395303392,3.5356923352877727,0.12752378822579016,2.7606266132845194,0.9995632171630859,train
1527,42,0.020790086404143725,0.1006723849010704,3.316474622481623,0.14603266189486175,2.9335152323717324,1.00010347366333,val
1528,42,0.024466062863542345,0.16529285177765007,2.299430418019884,0.18881824816351084,3.2580392758437204,0.9994930028915405,train
1529,42,0.02914947710962404,0.1872332712505318,3.9340976554791465,0.11165013607479231,3.819766381186839,0.9995059370994568,train
1530,42,0.024223458690054177,0.11850623073504407,3.7540010805259625,0.19472494172159938,3.6200070119384176,0.9997014999389648,train
1531,42,0.036907647717620944,0.14612049894012952,3.207838727194484,0.19987914358429862,3.7114434749171257,1.001267671585083,test
1532,42,0.02089932318909898,0.09296257806448899,2.402598585323655,0.11495300664148939,3.645356554161419,1.0010011196136475,train
1533,42,0.03375375633022947,0.05713151371127184,3.0328787992309056,0.18001635724686288,3.533784788668042,0.9973766207695007,train
1534,42,0.03658060538202218,0.16262370506642254,3.8197459546609602,0.11314372914795981,3.573082278466373,1.0014294385910034,val
1535,42,0.03227651638982999,0.053925596570818635,2.42779132214125,0.18123154478368997,3.9863564965946496,1.0033397674560547,train
1536,42,0.021423447440210908,0.17924291641108575,2.9143291900962964,0.1184508363645767,3.528862071507477,0.9995737075805664,train
1537,42,0.027286127170019738,0.10650554969277874,3.9966578085481848,0.12049610485468072,3.4020693558591333,0.9999029040336609,train
1538,42,0.02221657197269171,0.1632402980579719,2.677864877355651,0.17210319366966534,3.821772782983714,0.997887372970581,train
1539,42,0.020151981377925798,0.19813531137271811,3.9610732665949633,0.08802128797791475,3.318350558487245,1.0000001192092896,train
1540,42,0.02476127204351427,0.16416452338634985,2.671887632747895,0.1596306242986854,3.4428816434582625,1.00065279006958,val
1541,42,0.03879041430354731,0.10940861736397037,2.6174988420139256,0.11246714763105423,3.735881629439999,0.9991855621337891,train
1542,42,0.02573298556566981,0.1852131031746887,3.72401148901812,0.14298061331927336,3.458815699140282,0.9993959069252014,train
1543,42,0.04510010634138245,0.1878504855829144,3.896639620474573,0.16273274969872814,3.1907850025051827,1.0009101629257202,ood_test
1544,42,0.0377218586671786,0.10051908722250204,3.5652453373582795,0.1331950376036948,3.010827265614003,1.001084804534912,train
1545,42,0.02987931569248297,0.172109908706232,2.691760103778628,0.14278873544680754,2.6418875629775145,1.0025569200515747,val
1546,42,0.04978685488018267,0.19405518929918647,3.4658679828967256,0.1879776694398851,3.449992146240472,0.9999136328697205,ood_test
1547,42,0.04467113660275433,0.13171545754181518,2.2978257366457013,0.09871791597622816,3.4946793462026395,0.9977613091468811,ood_test
1548,42,0.049086195724265716,0.1828020734109947,2.2997067692516207,0.12011145684095366,2.9807353319271988,1.0005161762237549,ood_test
1549,42,0.037521855557438574,0.13201745919519547,3.2429907751183444,0.11201098622432762,3.9867344618432483,1.0015405416488647,train
1550,42,0.022545792445436644,0.11433335564835419,2.15992391748841,0.15623222805635228,2.754428974832508,1.0015263557434082,val
1551,42,0.044478373295405264,0.13778302652292393,3.5415872217729163,0.1244296127529892,3.4169744261098263,0.998080849647522,ood_test
1552,42,0.02885078662264824,0.17446459180814783,3.859262964458048,0.1131522005503326,3.852076019009901,1.0024842023849487,test
1553,42,0.03824054147917735,0.18130133078014082,2.2598822651376085,0.15132836428022264,3.0402225972212555,0.999893307685852,train
1554,42,0.0467159532006936,0.1780114369944647,2.79025148870745,0.19051313434325956,3.474738669606412,1.0023281574249268,ood_test
1555,42,0.04768625296422466,0.09307573819409823,3.5882864707618594,0.17175828333967336,2.685810592793281,0.9999423027038574,ood_test
1556,42,0.02376104907192611,0.16606754368047327,3.514943353216112,0.18957622693621345,3.7039718252996234,0.9996529817581177,val
1557,42,0.033157790445287355,0.15096328073998835,2.271716120076598,0.1138253743060007,3.2135745625155576,0.9997302293777466,train
1558,42,0.02332227212429248,0.10568402376999762,3.3781939703339328,0.08680958994301577,3.09488572822124,0.9994254112243652,train
1559,42,0.03527046663308144,0.11477631735259308,3.190619036572819,0.0805045848282832,3.0321276240855957,0.9994603991508484,train
1560,42,0.03786769162743012,0.18275940961791987,3.096552355361077,0.17662235385492792,3.9454735359740423,1.0006192922592163,train
1561,42,0.039339043458785604,0.06752373212859288,2.3787908336307853,0.15125281718995212,3.1821513674153925,0.9991502165794373,train
1562,42,0.029907758143887804,0.08294535714770189,3.2112275477967396,0.15645371769176242,3.0840347991496477,0.9990184903144836,train
1563,42,0.049743231421848444,0.10796096754442791,3.969257418726273,0.10666652387336947,2.9112208348325916,1.001144289970398,ood_test
1564,42,0.027035731627872886,0.12801336799743662,3.8243165411428777,0.16714438362983952,3.6044261246010576,1.0000054836273193,val
1565,42,0.02907920142470803,0.10075180323849381,3.654588695513934,0.17784885798440148,3.8281380107736327,0.9991889595985413,val
1566,42,0.028137435705097108,0.1419559049823138,2.4882504280375257,0.13745860193851292,3.0994146361796746,0.9991630911827087,train
1567,42,0.03005360932985835,0.1422780004926666,2.782281684589052,0.11138904328558269,3.216265479829867,1.0008060932159424,train
1568,42,0.04627588541236032,0.09887854264952849,2.053839616917715,0.1585462045716607,3.3907966574733313,0.9980308413505554,ood_test
1569,42,0.025362341341188085,0.059244868758843564,2.721194545593379,0.08908290790778198,2.7509993049218813,1.0013660192489624,train
1570,42,0.033711070907122186,0.12683667001720395,3.2530461356165996,0.11310294280376923,2.624653846661524,0.9997661113739014,train
1571,42,0.03738534725355121,0.08476730620060616,3.8854816530990073,0.13345576448447652,3.7699498419880966,0.9985721111297607,train
1572,42,0.03724806595065634,0.12521445082077948,2.7683129829495954,0.1579876406846529,3.3392995717853338,1.0001782178878784,train
1573,42,0.038852337137766126,0.1569160225572214,2.5062368722877695,0.18279396152845667,2.63897414525011,1.000553846359253,val
1574,42,0.031218564232009048,0.1739821026223191,2.2495385525010114,0.16162866826388453,3.6957216811330085,0.9988555312156677,train
1575,42,0.03233186118781839,0.17527631902302798,3.6183132979728008,0.14035014024402653,3.8382010547686027,0.9973791837692261,train
1576,42,0.04861850643522786,0.18150925270014268,2.2306610412482564,0.08279839955566426,2.941923692384327,1.0000523328781128,ood_test
1577,42,0.04962480654629785,0.09268481586125013,3.3348494912393765,0.171082277069968,3.9172753639960707,1.0005598068237305,ood_test
1578,42,0.04046836472795524,0.16243164573532454,3.5044208039103655,0.1970938917952293,2.574814281891907,0.9988292455673218,test
1579,42,0.028038100647596993,0.18633691187059814,3.396296963248761,0.11931822177238503,3.516642407132917,0.999501645565033,train
1580,42,0.025128623929323746,0.05685657252822821,2.4520066806585317,0.18274705665673843,2.5523147293026844,1.0013368129730225,test
1581,42,0.03800171750289692,0.08342201705958438,2.0853919400400405,0.18843272358667085,3.931289342973586,0.9992811679840088,test
1582,42,0.02097690070708559,0.1884707670846758,3.9770135458189237,0.1867081376673266,3.605719283338961,0.9995893239974976,train
1583,42,0.045177881786093416,0.08458289352231632,2.226734598792947,0.18623119635283542,3.1987259309808573,1.0012059211730957,ood_test
1584,42,0.03089957544639913,0.10363538372208032,2.862711061714037,0.12336267071470704,2.8370442538940215,0.9978868961334229,train
1585,42,0.03203186124442054,0.12783178296960068,3.646319867723954,0.16931122506830618,3.4629414968450325,1.0007432699203491,test
1586,42,0.03755794815971644,0.07960805388122202,3.1108276106999213,0.10347874497767272,3.6600524546263307,1.0033342838287354,train
1587,42,0.02430383972927409,0.19359005420646352,3.0632185826873677,0.18989148916965937,3.0647456604261882,0.9971420764923096,train
1588,42,0.03192078070129155,0.07781676174778186,2.9478165490116672,0.19822777901457883,3.031686476845472,1.0027425289154053,train
1589,42,0.022455408310375496,0.11689909748620371,3.5546727830208003,0.10525791964240012,3.10226297288491,1.0014731884002686,train
1590,42,0.025996604525098832,0.07454685110938203,3.5298812901435297,0.08479533754798042,2.5173440950349097,1.0004210472106934,train
1591,42,0.025514909117854895,0.050630568982855895,2.05668794398056,0.1706533061754591,2.9619656614977,1.0004117488861084,train
1592,42,0.04219217178408362,0.09851173581029243,2.051085703008064,0.1625251977166005,3.556260210731256,1.000288963317871,test
1593,42,0.034729212398727866,0.15919809641599142,2.379530845671259,0.1944026348047043,3.7096448321080127,1.0019947290420532,test
1594,42,0.029484801801117337,0.08534818691460896,3.672914681541479,0.17484982403421467,3.4446892101761994,1.0016236305236816,train
1595,42,0.03117844051866376,0.05400608730941563,2.1403134802189534,0.19256938753834535,3.6577672179124825,1.0011744499206543,train
1596,42,0.03127476652376487,0.06343740172217671,2.5248334522502454,0.14755224863603156,2.8089438067379255,0.9994872212409973,train
1597,42,0.02785887546621536,0.17565776626028434,2.815614436339701,0.17020000494411391,3.849834728139693,1.0003615617752075,val
1598,42,0.02101708672803601,0.16688128294497956,3.43897474949763,0.1523170516328997,3.1330632297345895,1.0005173683166504,train
1599,42,0.04196197238903447,0.1990427724579667,3.975244945518245,0.16605397800207072,3.5443778648621587,0.9998193979263306,train
1600,42,0.04332246052861992,0.18055429711010684,2.647564760156497,0.14297631789769044,2.5831882001539,0.9994674324989319,train
1601,42,0.02396463656083492,0.18758399828584837,3.322637499914088,0.10976493037354004,2.651466052767317,1.0006623268127441,val
1602,42,0.04026137123047461,0.1125654373094242,2.270590956264293,0.14828149584567285,2.657919228976645,0.9987633228302002,train
1603,42,0.04615798002962199,0.16378618433486544,2.227583783139018,0.14960817666722862,3.699217126714864,1.0025780200958252,ood_test
1604,42,0.025494120664994763,0.06843771957794073,2.8258469090107647,0.08062623214582684,2.7811330197444306,1.0016906261444092,test
1605,42,0.029427633636176086,0.16383670524402744,2.5973430724260074,0.12683121170663186,3.319725110843291,1.004838466644287,train
1606,42,0.03425964107049733,0.16635171213945332,3.0931735117773527,0.19132737754725496,3.588156616710893,0.9961180686950684,test
1607,42,0.030269000094214377,0.059973802449024366,2.1244423456300314,0.12557799565600278,3.134897853867247,1.002230167388916,train
1608,42,0.029320859423772955,0.12600180973832248,3.907082928624565,0.10860757352443619,3.06977754133749,0.9999468326568604,train
1609,42,0.042214060769497144,0.054151999296189364,3.961794452908248,0.10124976204370584,2.92169053227511,1.0011042356491089,train
1610,42,0.02274617186411972,0.14143624149023398,3.738691308574632,0.09449081092519984,3.422837387025432,1.0022103786468506,train
1611,42,0.025521398468720858,0.052131784753167106,2.163131434237226,0.09656370275844474,2.9584774827673765,1.0007987022399902,train
1612,42,0.020363524900743307,0.13693319663339099,2.500220329685386,0.18309099129698703,3.8822301767436462,0.9991539120674133,train
1613,42,0.04947692877284847,0.07698794161489582,3.11430240236116,0.13677114092890577,3.4473633547728317,0.9981672167778015,ood_test
1614,42,0.03774562050387151,0.12360683384789016,2.4541032505743834,0.1349344633832051,2.707730170814968,0.9991702437400818,val
1615,42,0.0448135544658123,0.18295091614418563,3.1488933920275057,0.13315632739299793,3.8174716001335542,1.0001561641693115,ood_test
1616,42,0.04330962299312354,0.12765283155762763,3.156687607463928,0.14722395343203679,3.7513472302953295,0.9990765452384949,train
1617,42,0.024135618322734427,0.18439674038871706,2.4981290798456977,0.1655726719686264,3.8702577735476,0.9984780550003052,train
1618,42,0.024391433442649203,0.11473491067869486,3.0532048695992478,0.17714345087617567,2.9988471186702843,0.9997720718383789,train
1619,42,0.0343446284439756,0.13490694986070212,3.887918697287949,0.09999859880699347,2.854934768156483,1.0001541376113892,train
1620,42,0.026509112855380275,0.1766300037094033,3.418207603076257,0.1788894436125893,3.3836401842007278,1.0011088848114014,train
1621,42,0.02187174522716913,0.15692223861424634,3.248292677012185,0.18795479003583032,2.8062706853687387,1.0001369714736938,train
1622,42,0.029435005939089598,0.1827073771705372,2.81791999440137,0.1101840398858239,2.712558577553895,1.000378966331482,train
1623,42,0.02786453901538688,0.051715840668010986,3.6053273735509777,0.17341917883840577,3.16081898623451,1.0012145042419434,train
1624,42,0.0376606481475447,0.19240979663521396,2.1235223110241206,0.13950674880461506,2.964157579025498,0.9985514879226685,train
1625,42,0.020259647119149127,0.18899647024454908,2.8773495265252294,0.09965416896149588,3.161132130658469,0.9983893632888794,test
1626,42,0.040127051379972134,0.19211843865961392,3.6339823290417432,0.09511342863204696,3.7086543013801276,0.9993274211883545,train
1627,42,0.02738155988825329,0.05486771364332891,3.151339287985708,0.09223432674194898,3.564835262995452,1.004568099975586,train
1628,42,0.04265468524296115,0.14750879790545068,2.432887253130282,0.1178906750197646,2.750813881122061,1.0005663633346558,train
1629,42,0.03913510332419065,0.17138084696388867,3.541408967617392,0.11251280444376119,2.902588082747194,1.0001733303070068,train
1630,42,0.032365308423370195,0.05522236791741191,2.7618871578750266,0.13935456885553962,2.5566162654429774,1.0014111995697021,train
1631,42,0.026065866938897647,0.08942351371755297,2.898749539315859,0.18219496806863836,2.816915392482019,0.9985181093215942,train
1632,42,0.02279259800381969,0.17909388991783143,3.539949625777222,0.1606967874909479,2.571345095911177,0.9989204406738281,train
1633,42,0.020033228318460633,0.10036444037451431,3.9140495798989834,0.1262784541621646,2.639838209026479,0.9995151162147522,train
1634,42,0.041785701812870155,0.13535483081388375,2.2374085274234616,0.1197809176618809,2.7099308263705977,1.0005671977996826,test
1635,42,0.020830786883786652,0.07788547704732549,2.3222343579127767,0.18422520677577942,2.6223705341317736,0.997615396976471,train
1636,42,0.028601187165774686,0.15430479137351946,3.616556271799834,0.11841870730818424,3.0814499309942223,1.0000557899475098,val
1637,42,0.027261716971793748,0.13718933061225033,2.4359113939294943,0.13983649351277663,2.990275208482475,1.0006687641143799,test
1638,42,0.03914863506778172,0.14912872451736392,2.476687990131608,0.1597865303827761,3.701653974405159,0.9990853667259216,test
1639,42,0.04964693669675753,0.16547924901754718,2.464168851936244,0.1889806640206515,3.949108280157117,0.9997431039810181,ood_test
1640,42,0.0334706157333072,0.1766781221024002,3.509331750162363,0.15995162966319437,2.8700082055434697,1.000954031944275,train
1641,42,0.021982948336171135,0.11012774093286266,3.8125790688689314,0.1533618905219769,3.3384412458988058,1.0005555152893066,train
1642,42,0.04895027149920382,0.16145579448915398,3.3979072825134162,0.12057005351123187,3.659562735641206,0.9979294538497925,ood_test
1643,42,0.040599966508143126,0.057618634434415304,2.854615890171214,0.10147493989866356,3.517201071718798,0.9988422393798828,train
1644,42,0.02083611481717671,0.15476843154309472,3.144861631655986,0.14783591621021136,3.9180528296949033,0.9974451065063477,train
1645,42,0.04590369965207453,0.10715072549854573,2.2502919861033193,0.1744300448890388,3.458710309915209,0.9978775382041931,ood_test
1646,42,0.047493533934082316,0.09687205226595708,2.3438858468323835,0.13358988863869192,2.691238270204624,1.0011794567108154,ood_test
1647,42,0.04591289911433291,0.12457016936321859,3.057019474547977,0.13168568175403667,3.32752061620895,0.9998680353164673,ood_test
1648,42,0.048998409779950326,0.07914429482181708,3.621279840083686,0.10438646554105327,3.3703555467971484,0.9966681003570557,ood_test
1649,42,0.04825618324444121,0.14654488601471355,3.78523924810044,0.1818075695227046,3.7337307781549467,0.9988505840301514,ood_test
1650,42,0.03233896193818585,0.11763346063992892,2.5895074695441904,0.13207495986320822,3.6699016603818633,1.000207543373108,test
1651,42,0.03361563674840768,0.12114250703094524,3.857576231629782,0.14557194657069558,3.8800911123349504,1.0014822483062744,train
1652,42,0.03351208977160698,0.14916383214725523,2.4130186944914183,0.16280548141176698,2.535017477270715,0.9989643096923828,train
1653,42,0.04428606677919894,0.13518202474464056,2.3379741046647715,0.19125211266871592,2.914590742698605,1.0004029273986816,ood_test
1654,42,0.041309688761267026,0.17432074297463374,2.242670250876176,0.10504434020829359,2.664289725103548,0.9994533658027649,train
1655,42,0.04058493806505016,0.15052390540562113,2.0187675683557815,0.1724157979933268,2.9358902002134153,0.9973900318145752,train
1656,42,0.04685585614642236,0.07156991881355945,2.120967378710925,0.18600323224772836,3.852253573270313,0.9978921413421631,ood_test
1657,42,0.04009327597342331,0.14057266120750433,3.2891097784942493,0.17021932463846018,2.573565725610331,1.0004241466522217,test
1658,42,0.02537879576466883,0.06146177332821581,3.3174062472459473,0.16392297808049988,3.985488460898094,0.994591236114502,train
1659,42,0.03903978943866185,0.1952441348567776,2.8095494660163216,0.17833537796084165,3.3693790252586804,1.002615213394165,train
1660,42,0.020340868132913584,0.13813726962936906,3.1092477898819677,0.11051468365815274,2.554121031048826,0.9996333122253418,train
1661,42,0.038056957539424216,0.06378649798861317,3.7598782079477693,0.11287579058494335,3.8473588174585553,0.9986490607261658,test
1662,42,0.023943744925950344,0.1784469321299616,3.915282729249128,0.12839878961528994,3.20014076803999,1.000856637954712,train
1663,42,0.02552756762634029,0.07250972405010678,3.638038470732025,0.13276501992666645,2.832331542945505,1.0019025802612305,train
1664,42,0.03785675172292392,0.06803517980607017,2.8788704808498626,0.13899529199391597,3.640256395795443,1.000568151473999,train
1665,42,0.04448502962787491,0.12087626567580172,2.670528743984465,0.16371958878059625,3.320144769645864,1.0008383989334106,ood_test
1666,42,0.03621379721737114,0.0832458475262281,3.795022791275536,0.19800679448859093,2.6318298417190467,1.0009688138961792,train
1667,42,0.04414893431704429,0.15036217535374008,3.0462186152789164,0.17478911647731085,3.474980835441745,1.0007632970809937,ood_test
1668,42,0.02122208746312848,0.08047376137551929,2.5796147847515396,0.08679004748352444,3.4810928420740384,0.997654378414154,train
1669,42,0.02113714586112909,0.15720754127148648,2.175643061091952,0.10894850395556299,3.832776385108791,1.0024527311325073,train
1670,42,0.04564265247615512,0.05145502177904346,2.1089925672103993,0.12750180693555127,3.611005137961288,0.998741865158081,ood_test
1671,42,0.024239132753371303,0.11044506398284511,3.7665688006220677,0.16832445681723895,2.7296293944587937,0.999435544013977,train
1672,42,0.04601550864107941,0.18381538371602268,3.2834654887543007,0.19912072981192608,3.7325876427824105,0.9996252059936523,ood_test
1673,42,0.027636494317778787,0.07716592482078524,3.5260715501858835,0.10654526459501441,3.2562798098899157,1.0020267963409424,train
1674,42,0.020405746128011847,0.17168009958145153,3.749248820941327,0.1986291885384709,3.613119888839684,1.0017693042755127,train
1675,42,0.03284875208901389,0.13994520136419814,3.2891408895027148,0.16491643368301254,2.6187167839778414,1.0003713369369507,val
1676,42,0.04779894681558759,0.13541190356983912,2.421876002817217,0.1766589609965718,3.336529502759439,1.00157630443573,ood_test
1677,42,0.023066389402027116,0.19391359593406043,2.2200742145151366,0.13790999606491094,3.988176045322832,1.0012210607528687,train
1678,42,0.04166794944742993,0.16271785557056695,3.489390881906178,0.12933227142473103,3.1280513638518963,1.0000402927398682,train
1679,42,0.02900820948205924,0.12240296485544223,2.2633277683807522,0.15768229712052206,3.0147266265249058,0.9995315670967102,train
1680,42,0.04834183359225894,0.1594643909392019,2.0801475414162343,0.08229402761889593,2.978209914344167,1.0000560283660889,ood_test
1681,42,0.03544932272476352,0.12749754965933396,2.004651786221782,0.10340240676363438,2.6130289929106225,1.0008163452148438,test
1682,42,0.03816371058413652,0.10295748113162691,2.724207367139718,0.10414832643215284,3.7715645318306867,0.9989597797393799,test
1683,42,0.0447717577151107,0.1938072497034799,2.8536801810756085,0.1529715666321435,2.752060670689821,0.9992085695266724,ood_test
1684,42,0.020658506523109837,0.0995996771787217,2.9299417808088513,0.16970505190065194,3.5050467132418053,0.9998332262039185,train
1685,42,0.026232916015016646,0.10252567203751292,2.4324927519757558,0.18957777923584918,3.7081380808547797,0.9980543255805969,train
1686,42,0.036903908865805184,0.15929116193486337,2.634944007951355,0.13032017296349616,3.3156566454766514,1.000683307647705,train
1687,42,0.02543145171714637,0.12196634897641552,3.043915528145269,0.10446095890703,3.9766055733777015,1.0006227493286133,train
1688,42,0.04942286277920771,0.175201542138271,3.7015589134482543,0.09701128897954853,2.5926926823045378,0.9993656873703003,ood_test
1689,42,0.0348307501113273,0.19781403494696848,2.7870544468894254,0.09408531209489811,2.8807052018775714,0.998738706111908,train
1690,42,0.03505567704668472,0.12493080495387023,3.242980795744449,0.1551950157566951,2.5351860433043205,1.0010156631469727,train
1691,42,0.020470409305348075,0.13699268532228756,2.300315719294918,0.10618019017433533,2.651238598426766,0.9996232986450195,train
1692,42,0.04911035630853583,0.13969618441909923,3.8042008781069585,0.13297288371253918,2.507560571114883,0.9995045065879822,ood_test
1693,42,0.037432346884744463,0.11735713841236058,2.8677124602892294,0.1953270571498163,3.463654001234837,1.0022618770599365,train
1694,42,0.030872214791286205,0.13855670514005075,2.712703736329259,0.11725995801667513,2.771300923597557,0.999621570110321,train
1695,42,0.0352057097761356,0.10079398120270715,2.213021332214553,0.10284482561733212,3.05120453906385,0.999056339263916,train
1696,42,0.030415200535627403,0.09091978506670968,3.1918227778916313,0.1886532223296295,3.368436792812853,0.9973548650741577,train
1697,42,0.027660605935654288,0.11838767000480092,3.1864318708533617,0.0892338653808521,3.796750648603461,0.9980796575546265,train
1698,42,0.02424224983162675,0.052641791348088746,3.135763014453537,0.17073418057170042,3.1694655421888784,1.000846028327942,train
1699,42,0.032752008521572055,0.10559716716563558,3.354222211292915,0.12588495535567226,3.1378769877424038,1.0007829666137695,train
1700,42,0.023665178048352848,0.19643660557702847,2.0012727747089514,0.1221943167456517,2.8802694313201678,0.9998769760131836,test
1701,42,0.029545431783439872,0.16911247525122264,3.709376014354548,0.1126460017261672,3.83867569070306,0.9986982345581055,val
1702,42,0.03903366900422306,0.12671544134087825,3.589320558833988,0.08046545498710675,3.7619727441379256,0.9986112117767334,test
1703,42,0.03857306130677007,0.13392544038462556,2.895203853963205,0.17548675625836407,2.7682081988264526,0.9993362426757812,train
1704,42,0.04801392035088997,0.07093554261842797,3.471192046019386,0.15223305750290883,3.556804393961455,0.9999961853027344,ood_test
1705,42,0.0319944836674764,0.07606172049945586,3.466257125383546,0.09660740869918628,3.2448590219137357,1.0006109476089478,train
1706,42,0.03430424776329591,0.1951690504761679,2.396922297663651,0.1605504648030266,3.0087674537467466,1.0009081363677979,val
1707,42,0.037146862287141175,0.08258546649806703,2.247860113621832,0.11732422858753236,2.7002091321995736,0.9996603727340698,test
1708,42,0.04539433235845135,0.05340468117342426,2.9848316581890364,0.18338412131211332,3.028180526840594,0.9997458457946777,ood_test
1709,42,0.04103478063615125,0.07086094926070488,2.7827505395656735,0.10354815307730027,2.6029758841617405,1.0000730752944946,train
1710,42,0.03284615445971984,0.17643557738566834,3.117142107589041,0.14553259218551212,3.251392095746047,0.9984869360923767,train
1711,42,0.044999410840120053,0.0906258844145223,2.9986855403087898,0.1896372643735773,3.788991757978563,0.9992765188217163,ood_test
1712,42,0.02041552399328508,0.19080254202208746,2.51315470831331,0.09807952847404867,3.4659178626765925,1.0013564825057983,train
1713,42,0.027231479889918524,0.13571945075580227,2.8308251013450487,0.17360773748505165,2.878556087300739,1.0004727840423584,train
1714,42,0.04890449811233796,0.08681721694193867,2.225282430304095,0.11879757480903225,2.919669969576156,0.9993189573287964,ood_test
1715,42,0.029450887653057478,0.12069906314404254,2.056804437587219,0.10291828757919995,3.6096512716029685,0.9999009966850281,val
1716,42,0.03944378197022796,0.08358543905360083,3.2529991176539,0.19788793843672448,2.6720967381275647,1.0015795230865479,train
1717,42,0.0414309854268792,0.16072461150233402,2.2714220726231513,0.19099291046053168,3.2719342402910385,1.0004122257232666,train
1718,42,0.02970367727785702,0.13613149710490757,3.01199115395465,0.1692695160126147,2.8202135148699177,0.9997007846832275,test
1719,42,0.042727855628423905,0.06887316673847989,3.6049084379987297,0.08028290206295327,3.5429623244350363,0.999821662902832,train
1720,42,0.04513842163574276,0.06523495190155146,2.6849957371707527,0.12889684821675695,3.66962833885759,0.9952758550643921,ood_test
1721,42,0.02251735461113471,0.16551894048522625,3.0224340461664965,0.092908828634117,3.6385552214799466,1.0010443925857544,train
1722,42,0.039998734952191486,0.09847984575842234,2.399840695721151,0.19876818795411294,3.9869356054884633,1.0006530284881592,val
1723,42,0.03794627703754501,0.06545353368678215,3.204218115212124,0.1277171050207942,2.5294405451002917,0.9981849789619446,val
1724,42,0.033611747856156844,0.07387755414378422,3.4759630579356937,0.19758244525976182,2.603102501957292,1.0000379085540771,test
1725,42,0.021832536740589718,0.12026906483294254,3.7330556193252784,0.08537110780455552,3.6263356251710412,1.0019091367721558,train
1726,42,0.04243064668692909,0.08622097201003937,3.836011865999476,0.11276935182576867,3.466501170059989,1.0019848346710205,train
1727,42,0.021286669328167297,0.19532735403983614,3.723817144261666,0.1496054322209366,3.1203799669126715,1.0003794431686401,train
1728,42,0.037293265879107015,0.1322249514129452,3.729710434356906,0.15512464490249964,3.1682054032833387,0.9990805983543396,train
1729,42,0.023341082449211414,0.06643315175910523,2.8474407824262267,0.19759097747679705,3.0230686292072324,1.0016705989837646,train
1730,42,0.032403254223624556,0.0667928925381341,3.86979046134396,0.09884102418273674,3.382759234563547,1.0006263256072998,train
1731,42,0.02489505927103447,0.12709232876769866,3.1840681018039305,0.19600027984814136,2.6094303873395153,1.0015549659729004,test
1732,42,0.022275576944802217,0.0819444061098417,3.2532211517426575,0.12205073505411304,3.5168884531866174,1.0019874572753906,train
1733,42,0.046357902118501215,0.0930187740193471,2.993499245660395,0.1028915351846364,2.559353829252496,1.0009037256240845,ood_test
1734,42,0.03179910610740035,0.10889132895750481,2.982794229645424,0.17711585275462485,3.665298796204599,1.0014400482177734,test
1735,42,0.04589048530792252,0.1434909596435751,3.250104558214267,0.12643395634892676,2.9779996060975247,0.9987667202949524,ood_test
1736,42,0.02106521239822635,0.12084479236425481,3.091296840332778,0.16774165241314087,3.540642649797986,1.0023651123046875,train
1737,42,0.02812154324770628,0.1819904712560157,2.8442383715112913,0.1868196959619376,3.0217964351552786,0.998588502407074,train
1738,42,0.0382256425933382,0.08858975144796888,2.525125827798422,0.1058427029466963,2.936577867466956,1.0004533529281616,train
1739,42,0.038123057533940435,0.09222102034166338,3.0513270109920114,0.14700898330114925,3.459181659379249,0.9981745481491089,test
1740,42,0.03271468846819314,0.1492468088606167,2.4982830223616856,0.15772235814389984,3.6117590106251907,0.997748613357544,train
1741,42,0.03660079922039495,0.17155556501082303,2.018891616878411,0.1434188433503923,3.01720220573648,1.000407338142395,train
1742,42,0.028446522473157335,0.13479743118045817,2.6655461630514328,0.08364233438677979,3.363823863277781,1.000340461730957,test
1743,42,0.048382945996394644,0.09571050850564536,2.9929735702057876,0.1100204950884443,3.8809692968348104,1.0015802383422852,ood_test
1744,42,0.03463844781186635,0.12179871962481882,3.2675308334344573,0.08131960942141067,2.773437853218644,0.9997286200523376,val
1745,42,0.03913894222719748,0.07836804154813803,2.8823841156891437,0.09118702861130319,2.737121739045572,0.9994004964828491,val
1746,42,0.028759363849339338,0.06648665299461974,3.9202024090583563,0.17993377137284117,3.5013898693516117,1.001957893371582,val
1747,42,0.03916445961399824,0.14650485453228762,2.5320151786982863,0.10011434764962135,2.8115273252116424,0.9982075095176697,train
1748,42,0.02577902894390494,0.05930524288996017,2.280912493960562,0.14458897418754593,3.121718636618568,0.9970325231552124,train
1749,42,0.03724276048450363,0.1210768996837716,2.0102424454858907,0.1077441711536852,3.079217318890384,0.9993005990982056,train
1750,42,0.021866731090858814,0.13415376576203036,3.7722673298217746,0.15825860999042807,2.509465293408031,0.999428927898407,train
1751,42,0.028106531187738926,0.05877775610042862,2.1447110025573357,0.18151869922927383,3.591544229627975,1.002792477607727,train
1752,42,0.028165885862460625,0.169546320439546,2.2687880674766703,0.18404683427736224,2.763968714712714,0.9994058609008789,val
1753,42,0.034603138285256504,0.18269543344914124,2.5123778340363354,0.1979774118188622,3.8066948206183717,0.9995370507240295,train
1754,42,0.028693750988289343,0.12926050735603697,3.9456186921003615,0.18020300291412905,3.0023637912951395,0.9965647459030151,train
1755,42,0.020569654313242442,0.07719096590436361,2.153290521667679,0.13786809765986963,3.782794413409027,1.0029449462890625,train
1756,42,0.020325027721091963,0.13028013553001452,3.3303353424955864,0.1742578216810413,2.68466710970248,1.0005699396133423,val
1757,42,0.040983745959559614,0.07751267128012622,3.1266992566843297,0.18173978634568116,2.9652675525841055,1.0024833679199219,train
1758,42,0.034664704061380135,0.06980769457429038,2.3921036226671197,0.1675844055491686,3.458797557190043,1.000295877456665,train
1759,42,0.02290679747134694,0.12889645453948334,2.1280642244616734,0.19832064432728724,3.8063796046117235,1.0019137859344482,train
1760,42,0.037236348414893046,0.18657795645188552,2.6123279313989096,0.1330352542904448,3.5783679281560437,1.001351237297058,train
1761,42,0.03759981541208754,0.13697444118496838,2.4654636309090625,0.08254509049188759,3.000416577349601,0.9995909333229065,train
1762,42,0.04404214802458184,0.1604156236124037,3.628750960827987,0.1527221057957748,2.8956087433210236,0.9999265670776367,ood_test
1763,42,0.04221884468764764,0.051923722802388585,2.8981656379588037,0.14398736570719495,3.3714472753769247,0.9995791912078857,train
1764,42,0.029146798171959455,0.09931252394229861,3.504188337315157,0.16990619134349766,3.439481621405143,1.001107096672058,train
1765,42,0.048468549770299386,0.17430022711460896,3.7595512163336995,0.14081453906857527,2.501809690584284,0.9985747933387756,ood_test
1766,42,0.03616144370214751,0.16610818530592003,3.356433972869512,0.12793921198760122,3.083517759770933,0.9993497133255005,train
1767,42,0.03454294441838014,0.17754483500227947,2.7205875500906176,0.14702331875801322,3.3414946790259905,0.9990595579147339,test
1768,42,0.031137956281017187,0.07664777569446314,3.918830914606625,0.1995797886910634,2.608069622509071,0.9995415210723877,train
1769,42,0.027236746241133817,0.09162263120702319,2.932495465047449,0.18263331099001612,2.917570816347678,0.9984622001647949,train
1770,42,0.026970137527331975,0.13068184445984113,3.443362826781768,0.0890145835484312,3.181766929020052,1.0002131462097168,train
1771,42,0.023598284174974782,0.1542748455315587,3.1627604238669065,0.1363135236391937,2.5775061870292055,1.0006319284439087,train
1772,42,0.044291211277172324,0.17928923230627053,3.312075793079205,0.10538903948331813,3.681577388972134,1.0012998580932617,ood_test
1773,42,0.03276964722283246,0.09474375109458442,2.5621414359353136,0.1091941253558673,3.833082122010166,0.9995434284210205,val
1774,42,0.03486212226505459,0.18746851704056539,3.9640219900000835,0.08939324357586653,3.733175015515683,1.0004469156265259,train
1775,42,0.03961529247069347,0.17523284010276124,3.778595966155243,0.1979367232738782,2.558814111924465,1.0012295246124268,train
1776,42,0.04200664966511189,0.1734546195615269,3.5810730827507227,0.13467750775385973,3.8978026218788298,1.0000693798065186,val
1777,42,0.021134110594181493,0.06940069196610804,2.26896951756099,0.08732170609766698,3.792124639056599,1.0005815029144287,train
1778,42,0.036562990264011434,0.05246447177959463,3.9711459376668605,0.1457644157400133,3.248010102860234,0.9993959665298462,test
1779,42,0.04388491668429341,0.08565979487065295,3.065333998107098,0.1686444241286586,2.8613037591488983,1.0004503726959229,test
1780,42,0.028733925558837886,0.09046858575139026,3.235545812084858,0.1472306661629059,3.92516589312976,0.9976420998573303,train
1781,42,0.039538799799065535,0.14758402833365836,2.7160254746068526,0.15808839694270233,3.7857943200652335,0.9994223713874817,train
1782,42,0.03517445838025112,0.13787618901635296,3.456201327795895,0.12158083585660134,3.0785278776898073,1.000077247619629,train
1783,42,0.02588386645094054,0.0650000494852614,2.204040086307271,0.14984410760817474,2.614802302454836,1.0005178451538086,train
1784,42,0.021543670186558363,0.08740715008713748,2.954812340727556,0.14854836135255078,3.0104550000862833,1.0020467042922974,test
1785,42,0.03212521922556162,0.1438748512782615,3.324723455189499,0.11092237495233093,3.5990452549651364,0.9960179328918457,train
1786,42,0.048462938713267664,0.1850892707103184,3.385681947789469,0.12298869251993563,2.7990438336840437,0.9990655779838562,ood_test
1787,42,0.022083452368218688,0.11317793049965302,3.8103084925029744,0.18913390548933814,2.552892414994601,0.9998974204063416,train
1788,42,0.02046809142234015,0.079696933641378,2.9794633402911113,0.1701848574068488,2.531328542388332,0.9993915557861328,train
1789,42,0.026922977942678956,0.13875173324960766,2.74588818178668,0.1383319363121995,3.3151501553723426,1.0013494491577148,test
1790,42,0.04883365013618797,0.052670944376208076,3.7298403865289966,0.18177483241347908,2.8168212546122344,0.9987132549285889,ood_test
1791,42,0.0493531145544121,0.1624925858923359,3.367579033009013,0.11570760490198395,3.078924483230433,0.9967829585075378,ood_test
1792,42,0.02790870946818788,0.14299143207889914,2.6535578824793533,0.10857981656275544,2.7400909111444887,0.9988175630569458,train
1793,42,0.0476847468030505,0.19485140437881437,3.8693812934338143,0.0898683060191082,3.7905687178639305,1.0006144046783447,ood_test
1794,42,0.03796278788202245,0.1558714883197266,3.7115257949508917,0.10094649012862057,2.553863715950142,0.9997464418411255,test
1795,42,0.043739959654302565,0.16473322635187854,3.993182707783138,0.159663680743734,2.529555322724573,1.0001411437988281,val
1796,42,0.021757299894812836,0.07439863108339696,2.2386980766170352,0.1213325357059033,2.624191204283201,0.9995328187942505,train
1797,42,0.029159483353347115,0.07223785518634182,3.9368052574236008,0.16641210243484666,3.543073006710718,1.0007431507110596,train
1798,42,0.03350879923617582,0.18996842280696302,3.574401187339555,0.10597925556873958,2.510958736957168,0.9986944794654846,train
1799,42,0.023868519875009785,0.0722866125780446,3.9228126463601516,0.1017764190315743,2.90113843364084,1.0015623569488525,test
1800,42,0.02604435372799862,0.08516595048403101,3.1706995266180624,0.15070858785251595,2.8429772528827044,0.9997364282608032,train
1801,42,0.03659895483801778,0.12538964326046864,3.3421084102899403,0.10408359803725896,3.7523148586530084,1.001204490661621,train
1802,42,0.041393931345665734,0.11438798307510636,3.9115363953155065,0.13833174610907034,3.3293661395204666,0.9966945648193359,val
1803,42,0.0288381665302025,0.15458627585663148,3.706415717665901,0.12289336692991357,3.758664155387644,1.000093698501587,train
1804,42,0.0342602289201262,0.14713731565891283,2.8016073031758673,0.14726392031661795,2.836890478466794,1.0009560585021973,val
1805,42,0.04492782760601416,0.05428611467742341,2.828174731447641,0.1946919685968156,3.2395004568968786,1.0001657009124756,ood_test
1806,42,0.03341210547872285,0.09327649302590182,3.3641866399322278,0.14000403828865926,3.817687721432832,1.0014283657073975,val
1807,42,0.03343015934163068,0.1652091463228743,2.6874853571744532,0.19706506933703533,3.775778307193742,0.9965739250183105,test
1808,42,0.02224935068681228,0.11322469122460192,3.9701258314509276,0.09751993390019295,2.5891173892292807,1.000121831893921,test
1809,42,0.04258355085684045,0.0969409413168684,3.051208497894934,0.16287751863186484,3.59801606327422,1.003076434135437,train
1810,42,0.023866654605046077,0.14258640700345615,3.8743135020252857,0.1265350734982899,3.9394268942136113,1.0019941329956055,train
1811,42,0.02100319959951044,0.17644226488115305,2.462877664197516,0.08796534704566074,3.0048720116494065,0.9989739656448364,train
1812,42,0.045157973625345876,0.1366028200704189,3.0519002882301702,0.11770389150406763,2.5226876889409535,0.9992656707763672,ood_test
1813,42,0.024974018958406535,0.1529454600770414,3.351045051213821,0.1349839664923116,3.7868562722732575,0.9983999133110046,test
1814,42,0.04757642240094475,0.15230582331289277,3.851104396012982,0.11275383026537442,3.983279840574197,1.000847578048706,ood_test
1815,42,0.02700825063425008,0.10903232108360911,2.908132951849861,0.1357407746706615,3.2380461201281907,1.0015783309936523,test
1816,42,0.0423607223798302,0.09281862961884838,3.272251454535482,0.12345318375046338,3.0330590100458514,0.9988957643508911,train
1817,42,0.0286743677601728,0.0593358026961978,2.481681329021527,0.08058260284216355,3.175481686248212,1.0023109912872314,val
1818,42,0.02844971116701054,0.06665458640780059,3.2207930989500406,0.16461703290746393,3.5091262253870297,0.9967869520187378,train
1819,42,0.03810659883970352,0.10433617107358606,3.7015626552266347,0.1072211322804433,3.679193794648513,0.9997563362121582,train
1820,42,0.03737322786133741,0.12697748718793972,3.1777712395428823,0.18578249999598273,3.1485355231123844,1.0025137662887573,train
1821,42,0.024203627365854973,0.0743873053092253,3.751445214742672,0.19666780686210578,2.8582038529828493,1.0021698474884033,train
1822,42,0.04994695574245704,0.19871551153766065,3.470527189845719,0.1473597248464021,3.4907516407964634,1.0000779628753662,ood_test
1823,42,0.04935386246896712,0.10929342884634713,2.7241858344331176,0.1815585325945645,3.9172016968690677,0.9975020289421082,ood_test
1824,42,0.021275196958879514,0.09475923346530724,3.2129677211873826,0.12166075639178997,3.9252008441994635,1.0018632411956787,val
1825,42,0.02769476311736036,0.1668395698489724,3.0628403486788134,0.1273692160388923,2.7191367339825065,1.0015461444854736,train
1826,42,0.033691481249020515,0.05820586019970482,3.331349368368718,0.17899435064116412,2.5475788294528097,0.9976574182510376,train
1827,42,0.04097752227535535,0.07566702896754751,2.26788231517473,0.14687671967259297,3.5001368464723486,1.0015225410461426,val
1828,42,0.037830926765446984,0.09905726725770028,2.2478792019709077,0.18680859612138062,3.0588012480438835,0.9998043775558472,train
1829,42,0.02015112660333358,0.18612103864908364,2.6714629437260653,0.113604231014983,3.0648239473190397,1.0006076097488403,train
1830,42,0.022036419390040297,0.19880012183932472,2.4910299682174046,0.12007375520972233,3.8301185730141842,1.0023071765899658,train
1831,42,0.04359026145330995,0.1553607678893052,3.273958068454454,0.12406550696354737,2.7784395787426415,0.9994489550590515,train
1832,42,0.0485667833552683,0.168387227597886,3.08614062329477,0.18625001562847898,2.559747121519209,1.0014046430587769,ood_test
1833,42,0.03032044560379246,0.08274718201776023,2.0697881975996544,0.10639088084340761,3.0450257270597767,1.0010197162628174,train
1834,42,0.022437333006558483,0.06775530052213,3.990472943149078,0.1833147591184483,3.1329943997282403,1.0019670724868774,val
1835,42,0.04526920078746516,0.13705640535727842,3.578081093266218,0.18389412141897954,3.153776248307066,1.0015134811401367,ood_test
1836,42,0.03427629514334269,0.10006947334883426,2.6296634432691306,0.16964400252838616,3.3534024137601466,1.0012248754501343,train
1837,42,0.024171259200459462,0.05114650007592775,2.6816190086426364,0.11872022345154704,3.3947409681800815,1.0000426769256592,train
1838,42,0.03495396873158306,0.15450009109473206,3.4694118603442172,0.12622693014369074,3.100438587061476,1.0007481575012207,train
1839,42,0.024320772944607813,0.11152542290018641,2.4354663928999103,0.08036454006188386,3.4515869193460578,1.0003870725631714,train
1840,42,0.020277692926393674,0.10163257681465089,3.561866404489016,0.18776634947393311,3.30817196677055,0.9962847232818604,val
1841,42,0.03038117666702391,0.1656254040842463,2.636588326888596,0.15106112053822823,3.1918369664794795,0.9993966221809387,test
1842,42,0.020107538706591887,0.051643057740488885,3.090573984555454,0.09937820658864735,3.1804864273264526,0.9982732534408569,val
1843,42,0.0404755724794812,0.16827632382191093,3.6669423004002293,0.1409565565158605,3.0708208883628014,1.000631332397461,train
1844,42,0.02244191817494807,0.11055606630701352,2.9525613993652504,0.1894892697721371,3.0939854405695906,0.9998254776000977,train
1845,42,0.04171884603480999,0.1281847100861962,3.7307708765485685,0.1678641693806136,3.458347757078885,1.000472068786621,train
1846,42,0.03303769129099246,0.12412494722800481,2.50497009233636,0.16889218925381072,3.9311003920430116,1.0006096363067627,train
1847,42,0.026787803961924497,0.17700250260450073,2.1790143515282976,0.09586715396847711,3.465832386514636,1.001147985458374,train
1848,42,0.04801668331715075,0.1271577919274399,3.840113076489745,0.17659169687791104,3.3941625223148684,0.9995066523551941,ood_test
1849,42,0.020595468124264882,0.10896060884951432,2.730200369661678,0.0864251154392092,2.8061084282228523,0.9998807907104492,train
1850,42,0.028522235865123074,0.07155378723460434,3.267588660188013,0.19857533702229802,2.8041833434213643,0.9995258450508118,train
1851,42,0.034040803490524976,0.15436442204642878,2.98990530089094,0.11300518544667812,3.754863184955417,0.9996827244758606,train
1852,42,0.04253494168677424,0.09146738057485829,2.880874408896525,0.13495788747729404,3.7168655621439246,1.0001697540283203,train
1853,42,0.047867096323584726,0.10442126063892504,2.2402177962069545,0.11226238175312506,2.9383536466244284,0.9988870620727539,ood_test
1854,42,0.04823833456298681,0.18967153831724465,2.2673291702211134,0.187722527390945,2.931059710031658,0.9963610172271729,ood_test
1855,42,0.03594406180755609,0.07576138296142476,2.375656275793844,0.11371813898819774,2.6906057603115974,0.9985836744308472,train
1856,42,0.04833145902007803,0.17677281419575347,2.509437679094415,0.13111720217167222,2.5851221180275927,1.0000691413879395,ood_test
1857,42,0.04091949424431425,0.08919598594368167,3.264992300605568,0.12377252037660215,3.896966581266656,1.0008043050765991,train
1858,42,0.027931382235004694,0.05786614171952692,3.5596876665949884,0.1216892409046488,3.997114354962939,0.9957431554794312,train
1859,42,0.021588400886038184,0.0680952377624451,3.8004076444011243,0.15899042349585593,2.9713213785499177,0.99983811378479,train
1860,42,0.0356693884083243,0.06713312695040599,3.587143740938771,0.1863508146949845,3.7297574673786107,0.9988404512405396,train
1861,42,0.03432411501379,0.17297387935526026,2.115019317537553,0.16397581388236382,2.7304029205613207,0.9986692667007446,train
1862,42,0.025960023180193872,0.13065902894266795,3.672971626025232,0.10538537958610053,3.991774208246369,0.9988932609558105,train
1863,42,0.02049477966018459,0.08419784404418987,3.693630712568831,0.14439851385596947,3.129350394653547,0.9986564517021179,train
1864,42,0.03824467268705371,0.12978495158028314,3.3795505682364597,0.08999771367312995,3.262046841186418,0.9986259341239929,test
1865,42,0.03235758941687459,0.05831324847028687,3.904354411437848,0.14444771559972497,2.7097343240215928,1.0021884441375732,test
1866,42,0.02929814112915035,0.13067524617997583,3.9193914976736517,0.09358803558938357,3.3165193612696604,0.998685359954834,train
1867,42,0.02700659044648176,0.15710775870712135,3.8327397740558866,0.0967980304599663,3.496426011055643,1.0004183053970337,train
1868,42,0.03930050019883459,0.13798156021516125,2.1699357383447735,0.15793145003659853,3.7405825637715338,0.9992715120315552,train
1869,42,0.043947297036333946,0.133467051641804,2.867011092584053,0.17790541064796322,3.4857748911821735,0.9984925985336304,train
1870,42,0.03515228718882558,0.0967361314069899,3.9079907554136732,0.10019889582110528,3.424178155955268,0.9978018999099731,train
1871,42,0.039615488995746184,0.11386625090234676,3.068310813098978,0.11309287221045747,3.2364235075253402,1.0009468793869019,test
1872,42,0.03760280073442569,0.05787213638948292,3.0578181943745477,0.17664694899917666,3.3243936512391774,1.0007603168487549,train
1873,42,0.025795196572425877,0.13692525927941723,2.5407536326963998,0.16911157946117142,3.8775809898185583,1.0001837015151978,train
1874,42,0.041819718679926926,0.18197023566407544,2.839012078411874,0.18867469597954462,2.9495635346495495,1.000596046447754,train
1875,42,0.021589221485393856,0.06648730280304518,2.164006574343004,0.12518593728462493,2.84727343116983,0.9996646642684937,train
1876,42,0.03627667311071241,0.11675479326047732,3.0301093548255604,0.0995140969699315,3.6582065335462333,1.001330018043518,train
1877,42,0.039248009648018584,0.056295783900453276,2.0744070506035714,0.17470130395878686,3.023525154020596,0.9992190599441528,train
1878,42,0.023782388814066534,0.05982404632387636,3.1018205829476906,0.08630067930658286,2.9620352300959505,1.000481367111206,train
1879,42,0.026157810966172434,0.1604661986912027,3.9094061358918353,0.10322141711290783,3.770891365424588,1.003172755241394,train
1880,42,0.04391997843755012,0.15281492100536476,2.833977417474982,0.12230993436429101,3.0479134887040544,1.0009872913360596,train
1881,42,0.04548005950341634,0.19140105035482163,3.7883706195413804,0.10243359691448278,3.5347302803737524,0.9965203404426575,ood_test
1882,42,0.03160993177112968,0.09962869498583955,2.4965840924058735,0.08322319123248438,2.525334633138367,0.999690592288971,train
1883,42,0.028385645328127082,0.07676826706276797,2.8885348878917547,0.11096621942008568,2.724427858175222,1.0000163316726685,train
1884,42,0.03993973271888242,0.18323173160419942,2.718568077813949,0.19664106510046814,3.2054267465142035,0.9971553087234497,val
1885,42,0.038421507577902796,0.1502484044291555,3.9523268863023775,0.19908027038527704,3.557118454160162,0.9976597428321838,train
1886,42,0.021376691309231994,0.10093703849859577,3.3656787902213936,0.08446792976882679,2.896867364212056,0.9996746778488159,train
1887,42,0.039521828693610685,0.11042456738614097,2.071503002202852,0.09545446864022356,3.8396171628436724,0.9984018802642822,train
1888,42,0.042788239306082575,0.09494299245330345,2.01782092447222,0.10227850832298407,3.8086244683787633,0.9998528957366943,test
1889,42,0.029282030404881282,0.16739990208966016,2.4832852134317847,0.1498852992229875,3.1049930355401405,1.0006235837936401,train
1890,42,0.041375147132599106,0.08665786625230573,3.730608179421771,0.18270716683014887,2.562270757039077,0.9985526204109192,train
1891,42,0.04707938009492682,0.10445197464800737,3.4373600818061565,0.13688595198766412,3.628580340031947,1.0001232624053955,ood_test
1892,42,0.03062350469406303,0.11517992784831751,2.5779992345688827,0.1956489966423935,2.838966424571103,0.9987174272537231,train
1893,42,0.0494679428055248,0.13351825354129296,2.6731314062461364,0.1141406872743379,2.531473508482897,1.0007779598236084,ood_test
1894,42,0.021356028098519764,0.11094873799503738,3.9244117624910424,0.19425003452637235,3.0787144723260926,0.9989544153213501,train
1895,42,0.03610678802869063,0.052902292221640564,2.574419840883343,0.17844211116294575,3.4771455874653827,0.9989961385726929,train
1896,42,0.04373511330363465,0.1594977450153721,2.097477010273976,0.18781616901816,2.5925042376972476,1.0004326105117798,val
1897,42,0.04637836072727519,0.08644174858662668,2.8186196819961147,0.16384667040493428,3.3518419332411056,0.9997778534889221,ood_test
1898,42,0.0383285153941659,0.06831218048282874,2.9294189027526114,0.18408362813793108,3.6884299748576588,0.9999842047691345,train
1899,42,0.020090424169713496,0.1122938807033049,2.189052657532893,0.16862143688486145,3.791171536661068,1.0012191534042358,train
1900,42,0.04741964019238795,0.15726496977429108,2.231416566202313,0.1575726147068363,3.33913045977708,0.9990347623825073,ood_test
1901,42,0.028087955242050225,0.14685498516514683,3.041217113457234,0.19010016665847423,3.2924163462733493,1.000969409942627,val
1902,42,0.02155426643245726,0.1914766448516172,2.011783514092487,0.16363467221522,2.6644944709904452,1.0002621412277222,val
1903,42,0.033335036530135094,0.05747371785967667,3.873763652158015,0.17612437321799562,3.403711655765302,0.999882698059082,val
1904,42,0.020354030011877845,0.08441750572530876,3.9443711859158928,0.1565103041191559,3.649701420387189,0.9984849691390991,train
1905,42,0.0331333960509607,0.12175766788185102,2.8933715735538588,0.18929276712670115,2.875535137504782,0.9998291730880737,val
1906,42,0.029108592441274644,0.15766879963670155,3.467186532928466,0.1425971678528272,3.573775451150221,1.0020452737808228,train
1907,42,0.023536710717990662,0.09856259882748286,2.3190420858284555,0.17156630741793363,3.4819535778989157,1.0073490142822266,val
1908,42,0.047251244227056066,0.15640123488838675,2.3536085351127323,0.17624119248614545,3.156536684457878,1.0024549961090088,ood_test
1909,42,0.04577679327747692,0.07810750308316881,2.502344182162536,0.08548322794039838,2.5385433121870546,0.9999901652336121,ood_test
1910,42,0.034238822017064297,0.11801457233699718,2.4430550875116346,0.08424830280990178,2.8497237745583552,0.9996674656867981,val
1911,42,0.049851491179536446,0.08533384641918398,2.5633325943795953,0.1389064014570836,3.8433051821321924,0.9992660284042358,ood_test
1912,42,0.022232824784844812,0.13982877710281538,2.352056720551234,0.16293493203391102,3.321496869082491,0.9991205334663391,test
1913,42,0.02104324973200144,0.13463013763789639,2.798047772534293,0.09838094755227493,3.3906391067769013,1.0002615451812744,train
1914,42,0.030771226006973115,0.10555769934626977,2.7104186544320683,0.1848485826529358,3.8640707705754362,1.0014514923095703,val
1915,42,0.039205414826690196,0.11103666795269904,2.8903310104383944,0.19515219724858035,3.8361153936819696,0.9990886449813843,test
1916,42,0.024366604751077294,0.05460227594416917,2.075410873511394,0.19260529346559063,3.8099723486104007,1.0014779567718506,train
1917,42,0.04377361754686854,0.07386411018386052,2.511979781841991,0.11214242508859801,2.5388969140693893,0.9983843564987183,test
1918,42,0.03828339356133528,0.1129621106279246,2.5419137010709063,0.13392019027017193,3.221031266770732,0.9962212443351746,train
1919,42,0.04872227391917787,0.12360968830151971,2.444787478687134,0.08597802905391716,3.7162850787547077,0.9998283982276917,ood_test
1920,42,0.02167877524191536,0.08027688250273776,3.212053544197854,0.08373312253815322,3.3605765467039364,1.0004836320877075,train
1921,42,0.02577827269812937,0.1774479460334994,3.0508067544158757,0.08292431448914264,2.579060918524118,0.9988770484924316,train
1922,42,0.02158393920635131,0.07131517708293261,2.2937136358270136,0.0807225268319216,3.2720723987130125,0.9982267022132874,train
1923,42,0.030658185967376805,0.1892817951209504,2.9984397745570925,0.17713799320651638,3.822780714235495,0.9977836608886719,train
1924,42,0.03795566590995874,0.11550406490031442,2.2044617978039662,0.19230877139652225,3.2339434545324157,1.0018433332443237,train
1925,42,0.049430266678114454,0.1197711947781366,2.25679699746939,0.09552524188718994,3.379942117630727,0.9991570115089417,ood_test
1926,42,0.03191004649497266,0.16552103592629047,2.1547008708672113,0.08788317198229804,2.9483687682049684,1.000145435333252,val
1927,42,0.027253757988283903,0.08639153751651632,3.502343336882316,0.1907014146197989,3.549909817884314,1.0012258291244507,train
1928,42,0.025960242409539334,0.0697958232095929,2.1007698034218634,0.15117303807978838,3.9719404226033785,0.9997549653053284,train
1929,42,0.04976372837219445,0.1434116409445776,2.7372582669095618,0.11538871284438654,3.0106348723537755,0.998622715473175,ood_test
1930,42,0.027222773862865035,0.07379234690098803,2.7762101178574987,0.08533542906351026,2.889319650702675,0.9994227886199951,test
1931,42,0.031146995079847414,0.1277970918440019,2.2204053301891085,0.13274592304477115,3.402475253356962,0.9999316930770874,test
1932,42,0.03720377719407026,0.19914012276711357,3.9789346098595972,0.17310669787534116,3.681024301622971,0.9997162818908691,train
1933,42,0.02350187650437672,0.1929384235732508,3.1778503882739173,0.0849937572201367,3.053715281855079,1.0010170936584473,train
1934,42,0.03679431579561146,0.1426762912796764,3.1286733752117604,0.10285358306029438,3.7181838069304973,1.0000132322311401,train
1935,42,0.029670623815217928,0.06323725089926756,2.415987577993371,0.1348397959728599,3.288432512561923,0.9998682737350464,train
1936,42,0.03590576753831279,0.18130640018926075,3.311790622464816,0.08755236904372071,2.809636695031795,0.9997890591621399,val
1937,42,0.040772344390558095,0.08947022277693333,2.3746050687805695,0.14715671657274332,3.663405573206288,0.9984523057937622,train
1938,42,0.048771705909618546,0.17366715633565044,3.7788454385452397,0.17843450512192077,3.899691088993855,0.9978962540626526,ood_test
1939,42,0.02531245498021276,0.05471349684397084,3.0317966559619416,0.17293205946843582,2.6797518437105827,1.0002130270004272,train
1940,42,0.028749627604547454,0.1690062863475142,2.284075632106741,0.19630406443642584,3.5005926541674537,1.0013387203216553,train
1941,42,0.02992268084299487,0.08100629086966651,2.8831116710452385,0.18912064631033854,2.7849606800380813,0.9984142780303955,train
1942,42,0.035187173712662806,0.12140343703455504,2.9185726050757284,0.16668872368126203,2.9668856905290624,1.0003504753112793,test
1943,42,0.03852122540859958,0.1363038229867351,2.095796975050533,0.18181505576497858,2.5703565248726847,0.9983419179916382,train
1944,42,0.03102494112692253,0.10353181064478406,2.957196233456306,0.15018317719127047,3.5310468957143484,1.0009689331054688,test
1945,42,0.024504727750379485,0.06219394649749645,2.1538420643680753,0.177377893336727,3.4825359461338774,1.0035767555236816,train
1946,42,0.03281855275988585,0.15655845010100233,3.7321710157253882,0.09000422649677783,2.994538355930643,1.0000324249267578,train
1947,42,0.04695371646813117,0.055480152265887116,2.347726672682028,0.10350940169324134,3.4111710133409137,1.0013198852539062,ood_test
1948,42,0.04214655350458103,0.15411671698537832,3.002417700620529,0.1534797116184272,3.167225915152049,1.0011276006698608,train
1949,42,0.04591159266430157,0.18078751428944134,3.431379335928199,0.12765947013822854,2.96488528034434,0.9997816681861877,ood_test
1950,42,0.047351734516927216,0.10493062796800355,2.433712406451014,0.18001923115719604,3.7055355570274506,0.9996739625930786,ood_test
1951,42,0.036702436587042975,0.12060162068743012,2.8937402003942356,0.11493412716356752,2.6725175379067174,1.0000667572021484,test
1952,42,0.02485540873540243,0.1536223217992456,2.229186453914704,0.18819821119836536,2.5809826929130564,1.0008320808410645,train
1953,42,0.037379706086003495,0.1933911743523148,2.4897282341534375,0.10307406760546643,2.7638253436020133,1.0001436471939087,train
1954,42,0.03958056459653947,0.1806352001201869,3.66380971023141,0.14367581208162386,2.6899817244713513,0.9995712041854858,train
1955,42,0.023406512903805125,0.16173710091201982,2.01840060076687,0.17062597202740765,2.5596332024558497,0.9982175230979919,train
1956,42,0.028687313122292064,0.07623196341949652,3.249355573575155,0.09705069116086246,3.626952741225316,1.0019193887710571,train
1957,42,0.03137320852101122,0.09130241555430234,2.6470198239130713,0.15860524059632278,3.12379424172281,1.0005079507827759,train
1958,42,0.02301029966719125,0.09236805430737001,2.4671806239297904,0.10905794498835975,3.5087290594177354,1.0005189180374146,train
1959,42,0.04772845621373862,0.1095947051787431,2.4633642485550227,0.11042371471990343,3.5709782327973114,0.9990307092666626,ood_test
1960,42,0.02923292179105349,0.13524703691623685,3.0291661676682997,0.08065087376994166,3.785877366354284,1.0000975131988525,train
1961,42,0.03431133533951505,0.1645946619627799,3.745974080753011,0.1726944395261517,3.5314712607437726,0.9964896440505981,train
1962,42,0.04032221418617541,0.07635751977117318,3.2253452928726083,0.08983376883295822,3.097192329738192,0.9988439083099365,val
1963,42,0.04597360165941353,0.1772999654690129,2.6997486664058505,0.08294456399203601,3.9812174802908507,1.0021111965179443,ood_test
1964,42,0.029808913736232578,0.15477223349045743,3.588191255016691,0.17781608438346813,3.5383699370132016,0.9969428777694702,train
1965,42,0.03275844680221221,0.10710441613708249,2.1949598219738284,0.18975385537182182,3.628532638190035,0.9968520402908325,train
1966,42,0.04193509741072132,0.14282900484846767,3.201598122791117,0.12614902946052048,3.2147703760544744,0.9995284080505371,train
1967,42,0.03476429574329432,0.16546875280103657,2.5359186142117753,0.18585356691088994,2.8807512063328398,1.001035451889038,val
1968,42,0.047395432329906347,0.14143162667713832,3.5738613118061835,0.12671962546189097,3.688666635783923,1.000612497329712,ood_test
1969,42,0.0487222349101123,0.05598949888848398,3.183009880115841,0.14080825227250432,3.042479291549715,1.0001294612884521,ood_test
1970,42,0.048287256273609025,0.16393437995305143,2.1884193661218077,0.12334543236328768,2.766939935629049,1.00005304813385,ood_test
1971,42,0.03702252853431158,0.06583295863667159,3.2473851047869062,0.18896899282601728,2.9800775210378423,0.9988108277320862,train
1972,42,0.042429090208746294,0.14040425354198538,3.303201327856276,0.09724357230523101,3.500595786100926,1.0011262893676758,train
1973,42,0.0492857553799849,0.0790521189264333,2.7612286055910022,0.1174591504635475,2.514599924394589,0.9999874234199524,ood_test
1974,42,0.03726990005616641,0.08991508694675987,2.6253789423168628,0.19595767837923156,2.8195302346822007,1.0031107664108276,val
1975,42,0.03068916203805817,0.10168209929112124,2.7388768094674125,0.08512212735331964,3.58798828121789,0.9982683658599854,val
1976,42,0.03594826765434521,0.0973917303591223,2.1503085445195893,0.15522323368016366,3.7361052398845582,0.9982070922851562,test
1977,42,0.03032754806919708,0.12429440934372042,2.0496141230688925,0.09548591462762614,2.798446430676579,1.001194715499878,train
1978,42,0.039556586686483555,0.07224379334560693,2.779771478385105,0.08970210580414366,3.0655048727345795,0.9996354579925537,train
1979,42,0.03278282691318776,0.1307716293103658,3.124135872654885,0.1012916201627707,3.8939622723921143,1.0025014877319336,train
1980,42,0.043812542482203606,0.1581633522944188,3.3924460029503036,0.16465073613955272,2.7821119284368163,0.998487114906311,test
1981,42,0.02341353655754449,0.1497731169635611,3.4707847588897547,0.1518433400168238,2.637461028432949,1.0013997554779053,train
1982,42,0.0422965550988737,0.08644333524909883,3.585706183123258,0.18703949536996586,3.9228542908955975,1.0046286582946777,train
1983,42,0.045136955891383806,0.16076921939116207,2.940288113100482,0.127854884912047,3.900622045077667,0.9988504648208618,ood_test
1984,42,0.028642447525738683,0.14018069121720902,3.4198021084098364,0.1646520115235406,3.2567994945634546,1.0042812824249268,val
1985,42,0.021960367207500303,0.19330449617950574,2.984439878385612,0.1661970116284437,3.2973931827377347,1.0000343322753906,train
1986,42,0.021274240833066328,0.07083602963025618,2.6272600468228937,0.09991490484278773,3.6634555389773658,0.9986097812652588,train
1987,42,0.023031346064159842,0.08161438564217449,3.943166231977318,0.11541848336366695,3.4320957163618218,0.9993893504142761,train
1988,42,0.04998437204568938,0.19042192934562624,3.2750148340997622,0.13478136686614137,3.2272727390610516,0.9997653365135193,ood_test
1989,42,0.02642453825051902,0.15051284883737256,3.8015698670028035,0.11667921373461884,2.5190244457274074,1.0007498264312744,test
1990,42,0.027488686597353026,0.13128801837042625,3.4586287350379394,0.1465544992410937,3.6237254557624903,1.002087116241455,test
1991,42,0.04912640217061226,0.06594634559948653,2.272323922045463,0.10709154083372413,3.5234929398354624,0.995688796043396,ood_test
1992,42,0.045988699778005876,0.17125186683548824,3.0564782638882146,0.12813286445799363,2.5558592817545,0.9996317028999329,ood_test
1993,42,0.03643443915312172,0.08369123690369429,2.393887260315241,0.1455934778976087,2.841618449992406,0.9987167119979858,train
1994,42,0.026916408838247037,0.12963715068098886,2.7491350957086738,0.1494287209338131,2.779640797243199,1.0001881122589111,train
1995,42,0.02525923345107744,0.19567200189505674,3.292268067897905,0.08092197739782925,2.9502716553886312,0.9982764720916748,train
1996,42,0.026861642625497707,0.16732446253411393,2.8517609076452803,0.18356282557558212,3.133906192944361,0.9991732835769653,train
1997,42,0.03893986036596883,0.11874307609425888,2.8395828983576363,0.10621720283813625,3.6533630330411837,0.9966846704483032,train
1998,42,0.02367578857331994,0.13504301478798034,2.6871420204930896,0.19851333874316926,2.606061033464871,1.000650405883789,test
1999,42,0.020736678523944722,0.1632426196384107,3.4929429287642986,0.10457508824671509,3.5883584937461386,1.001291275024414,train
2000,42,0.04733392441621072,0.12242895802382035,2.9747354722764117,0.12954110063115232,3.1784937540002804,0.9995034337043762,ood_test
2001,42,0.029769950943077238,0.18294217677619962,3.5203248295289855,0.1701812343451472,3.700463210386504,0.9985630512237549,train
2002,42,0.04225531496059823,0.05656322204183711,3.3311431112784406,0.1419750007667685,3.9222991470571933,1.0010969638824463,train
2003,42,0.02173558208774658,0.1331786773973675,3.5808482130642956,0.1783578206074239,3.16902320940916,1.0012025833129883,train
2004,42,0.04807451970328479,0.13148323922202804,2.6125886777271754,0.13434418847674684,2.7548892340783353,0.9978867769241333,ood_test
2005,42,0.027078412408145944,0.06601357775948204,2.6610696791493775,0.18323925703825333,2.536148024408163,1.0000193119049072,train
2006,42,0.039532279455925745,0.06761686056572366,2.544727472445448,0.1408781146653576,2.7241502443866525,0.9978932738304138,test
2007,42,0.04094753786739566,0.06761393318634562,2.528626131792034,0.08287778209956193,2.7471788666121557,0.9995583891868591,train
2008,42,0.022289318026371775,0.1305959886463241,3.9163481270660574,0.17559147488521548,2.6881071091059305,0.9998605251312256,train
2009,42,0.021859288048327173,0.14905839863271747,3.012316623411925,0.18982388051215687,3.8919384024629133,1.0005717277526855,train
2010,42,0.049982607092215206,0.07225917015427348,3.5266099775151982,0.17817214747488092,3.0999360240223357,1.0008010864257812,ood_test
2011,42,0.0479868293229699,0.1710665815660165,2.9340152912221487,0.1972813666125936,2.8045488170514887,0.9995445013046265,ood_test
2012,42,0.04552369149961209,0.19744743461520525,3.6681535531086156,0.1413467939435813,3.885948009928817,0.9929192662239075,ood_test
2013,42,0.03674525327686017,0.09903101980247014,2.1200948108838777,0.11936452590883093,2.73944787302953,0.9992073774337769,train
2014,42,0.04801214152400518,0.17833161972643952,3.5205190398557766,0.14607391755765387,2.926861242274811,0.999109148979187,ood_test
2015,42,0.038683082775741645,0.060375973296998744,2.1902957795942193,0.15944567070480792,3.143225933585163,1.0003383159637451,train
2016,42,0.04431504207724579,0.18813452232114652,2.3000659357824094,0.11048748602069314,3.945579719518117,0.9973161220550537,ood_test
2017,42,0.023977039936118192,0.10127469507080869,2.9212086199662797,0.15647276684395922,3.794405518472289,1.0018566846847534,train
2018,42,0.04449576348591701,0.07791189923364597,3.9191788372354583,0.14435056934976542,2.837155604685705,1.0002925395965576,ood_test
2019,42,0.03964939529304734,0.07490323626407333,2.4863688417762653,0.18515712993414532,3.194954672906463,1.0035030841827393,train
2020,42,0.043875142605975574,0.16404796474549727,2.561158106866127,0.12685411526348322,3.2283334847756553,1.0002331733703613,train
2021,42,0.030594376691983394,0.11221974043101979,3.064105317089054,0.16709824064451909,2.7346037562570524,0.9984556436538696,train
2022,42,0.02208898977410095,0.08135086905588199,2.747220426363861,0.13400245780823933,3.7333984560116127,0.9989699125289917,test
2023,42,0.03760120228396362,0.16641834608564887,2.4309384724407823,0.1994373506906792,3.7578059496875955,0.9975513219833374,test
2024,42,0.04672486159508349,0.1057918624404163,2.1145957386275986,0.17483917196759952,2.5217385016814116,1.0001723766326904,ood_test
2025,42,0.028369663819165912,0.18534260751114445,3.008824273973745,0.10080741062768522,2.681292225155433,0.9997801184654236,train
2026,42,0.023693895866154387,0.09158668284426372,2.0445132373342925,0.1385712128116817,3.6682670646528006,0.9995701313018799,train
2027,42,0.021268616575030107,0.1663033617071788,3.032458720740398,0.1675680217915087,3.67912342852936,0.9962866306304932,train
2028,42,0.04635982830156042,0.11366491322540276,2.2517575532591643,0.10939495904119871,2.840178440313635,1.000410795211792,ood_test
2029,42,0.048026121494077395,0.09900513215297976,3.3132530599892864,0.1472943877331609,2.9043473242812126,0.9995543360710144,ood_test
2030,42,0.02455736647850564,0.14358318784632346,2.762119006544502,0.166822901071645,3.7112704045294906,1.000683069229126,train
2031,42,0.029721440529305164,0.11948584499005728,3.2455780163942736,0.11120820671950846,3.040324077652706,0.9975503087043762,train
2032,42,0.0203151342874226,0.08560690251847905,3.24822794828727,0.14122405417706568,3.337042003638485,1.0000301599502563,train
2033,42,0.04428977919437224,0.14685192633951982,2.375252625439716,0.1016601977324628,3.047824749877168,0.9992989897727966,ood_test
2034,42,0.021962507837336283,0.15821073121594761,2.3897538406859518,0.16611589419833073,3.573996366564125,0.9969694018363953,train
2035,42,0.026591891983648495,0.09781128718802662,3.3616680207351153,0.12056114831168016,3.005968785973195,0.9992653131484985,train
2036,42,0.04135084407009865,0.10621913774419459,2.247582467526395,0.11778054454886275,3.5307628746880306,1.0014982223510742,train
2037,42,0.022497518612409284,0.18616854024806367,2.609199804678612,0.15473932410842456,2.6492504658229237,1.0009996891021729,train
2038,42,0.02720212057444653,0.11519056896331525,3.9034803591268785,0.18148294834648795,3.8313610193180687,1.0003407001495361,train
2039,42,0.031030359918961296,0.1841318963995457,3.238546114147309,0.18767426247042918,3.1361236067288463,1.0019794702529907,train
2040,42,0.03616568080036789,0.17468004215432498,2.177938235337832,0.10930222997505117,3.3462392029323498,0.998878002166748,val
2041,42,0.04095819588196009,0.08046746137963552,3.0117588828412645,0.1778363404234387,3.55924755221636,1.0009615421295166,val
2042,42,0.0498959885862483,0.15947097125627033,2.2343233491731977,0.19522610060607196,3.8782112917651648,1.0015171766281128,ood_test
2043,42,0.02066458474227141,0.14715268741331777,3.2758271118341105,0.11681846325572832,3.1843685680456186,0.9987533092498779,train
2044,42,0.020593573078806677,0.16373266126600894,2.636074428753443,0.1876386014192028,3.352290557731473,0.9964202046394348,train
2045,42,0.022833342371848673,0.11483052858491767,2.7394908246287333,0.18986157195293013,2.877498492589552,0.9990804195404053,train
2046,42,0.04185995834947701,0.15697272391158296,2.2198180876231746,0.10890308951287955,2.6753985969897243,1.0030951499938965,train
2047,42,0.028727337931863953,0.09415924284892017,3.036107666780814,0.17123770013830375,3.6511428498261016,1.001983642578125,test
2048,42,0.030020338574229012,0.14427707327881137,2.698624410726473,0.14985422327869155,3.2119422638342865,0.9989414215087891,val
2049,42,0.02089198160337812,0.1338202093149313,3.738158449100402,0.19258698706981342,3.305356385563292,0.9996423721313477,val
2050,42,0.031757664679505984,0.07063165471718072,3.583530694700443,0.1349196698261858,3.8817960150516617,0.9979010224342346,train
2051,42,0.022766054351090095,0.1672830076452747,2.107782369539395,0.1136990826974533,2.894735624263874,1.001368761062622,train
2052,42,0.033439279224502946,0.10304380264871081,3.772576139153916,0.15034264700342598,2.7069851120753956,1.0006049871444702,train
2053,42,0.02501647260700584,0.108356886599517,2.9810818445590326,0.14641310627228926,3.876048647578093,1.0036869049072266,train
2054,42,0.048838623732242625,0.11505210741350047,2.923304630159154,0.1671475672767247,3.335452772071413,1.0000327825546265,ood_test
2055,42,0.03380850781476141,0.06896213752689495,3.2591978481359787,0.08672680991274928,2.8797302429710876,0.9993414878845215,train
2056,42,0.028129853922226153,0.17803183575431786,2.385963628884719,0.11920502575976484,2.9083084274906357,1.000022292137146,test
2057,42,0.02684649028743518,0.10870883491799965,2.7045197746315397,0.13437581538316007,3.9493878022060924,1.0016698837280273,train
2058,42,0.026014955747664905,0.10938271986040729,2.1835806128148976,0.121607222920156,3.8265156490494325,0.9974695444107056,test
2059,42,0.04725827627420276,0.12771177414903667,3.0490559558498815,0.17730238708168675,3.189803977363848,0.9998627305030823,ood_test
2060,42,0.037213546468765984,0.07796556603380132,2.9711812054637416,0.18804389968157895,3.9250285684632416,0.9985368847846985,train
2061,42,0.04147406834955519,0.1744217039068405,2.4218410965241306,0.1924212417218852,2.968984719061749,0.9989899396896362,test
2062,42,0.028558291157854986,0.0822545859785808,3.8015590005601823,0.09315891702652082,2.770824921109383,1.0000457763671875,train
2063,42,0.03399065241314518,0.19631037048150451,3.0134322026185822,0.15946441375524503,3.944358929617641,0.9995079040527344,train
2064,42,0.045473385061562045,0.12309881369076604,2.3517997825659713,0.12138327131852514,3.6439083962014305,1.0003693103790283,ood_test
2065,42,0.020834775627953713,0.13085515160216837,3.6195184304613406,0.08014193416293762,3.139302518215764,0.9994947910308838,train
2066,42,0.028338600084222947,0.1576665523476565,3.6641293993287025,0.13865403465614906,2.954700498881181,1.0030020475387573,train
2067,42,0.03814410248333555,0.14340974629454525,2.022419873033804,0.16222278661078848,2.750896267275972,0.9994643926620483,train
2068,42,0.03771845181141766,0.17373718459679438,3.596766929869397,0.1017788279910405,3.135260550836523,0.9997674822807312,train
2069,42,0.03716237171007002,0.19116312512748257,3.5672449896070244,0.16498383908112962,3.5198563371342533,0.9976853728294373,train
2070,42,0.03789965612102314,0.16504264392972479,3.1846459141405665,0.14678668520824006,3.820945457029909,1.001777172088623,train
2071,42,0.044315290230111964,0.1781039499612042,2.9803921157728417,0.09694935740382774,2.814292719516204,1.0007869005203247,ood_test
2072,42,0.04217033476283849,0.11554632274252961,2.1040945185583766,0.1272503069709407,3.852215981847153,0.9974807500839233,train
2073,42,0.023486734889521882,0.0813173893501224,3.6569567080813896,0.16588856505428606,2.5002600444518936,0.9997007250785828,train
2074,42,0.029055764508372675,0.14228731060501265,3.489293940655772,0.12785167379895573,3.25757227661023,0.998738169670105,train
2075,42,0.03242318031663498,0.12252341303080667,3.0079996601780685,0.1103717435740145,3.8560066737359815,0.9968334436416626,test
2076,42,0.033108539355744225,0.10127456028102647,2.4364360563230862,0.18945333018949984,3.4545858694604967,1.0022711753845215,train
2077,42,0.03853665583892916,0.1716063835685452,3.205332796764128,0.17479080132616637,2.9213934136017015,1.0026121139526367,train
2078,42,0.025649230764362003,0.1407803336040444,3.741263300066019,0.08637872832866517,3.1495659860358916,0.9997278451919556,test
2079,42,0.04370295733831513,0.19091015103993492,2.591824445531298,0.09539481476235531,3.2114634138620257,1.0005861520767212,train
2080,42,0.028891496978041525,0.11047277245942158,3.110130877165056,0.18430297563342862,2.8139421500933772,0.9984419941902161,train
2081,42,0.025959323654152218,0.053840133802175755,3.90223640798997,0.08497391451748382,2.6783062275776177,1.0006598234176636,test
2082,42,0.025101802954783977,0.17496750885957726,2.1192110085902027,0.18010599536903393,2.5161502642168445,0.9999663233757019,train
2083,42,0.04497760709227618,0.059013190348272404,3.540067231821279,0.1084750555714395,2.8941833038212286,0.9994907975196838,ood_test
2084,42,0.036085391014620584,0.1795855805811969,3.0082370029993095,0.13662886630395013,3.9635607624757796,0.9972807765007019,val
2085,42,0.028779542687292374,0.1485676889829734,2.2038281189897693,0.09667429829277933,2.739107848614143,0.9998651146888733,train
2086,42,0.038273400531186295,0.11650640195752694,3.760255835896335,0.17927811515712194,3.738593786931755,0.9962981939315796,train
2087,42,0.030493920794863995,0.18302021764911897,2.9076970617935354,0.19074892106066602,3.1437927760468307,0.9960242509841919,train
2088,42,0.04782965380142981,0.1572238553122723,2.49010175106587,0.12390754316396424,3.476059344743901,0.9968173503875732,ood_test
2089,42,0.043140962924650667,0.0752083652444993,3.1029215423330774,0.16480289103298323,2.501379840319188,0.9984288215637207,val
2090,42,0.04860277359436421,0.06728864027342116,3.2449713880209567,0.10505973940293702,2.787591703781635,1.0006053447723389,ood_test
2091,42,0.04076550387946855,0.07494259844868323,2.086790679135044,0.13371563475992704,2.5340738640981395,1.0008344650268555,val
2092,42,0.027995196098697675,0.12216072965413752,3.913549167162931,0.15313403227329236,2.982223650656063,0.9986704587936401,test
2093,42,0.02846305595083039,0.054574338178935096,2.858951538452378,0.12212190644162765,2.5588221635136383,1.0022956132888794,train
2094,42,0.03769820694440659,0.14105375341154544,3.8192459611592984,0.1882057612822558,3.524387204428751,1.0014184713363647,train
2095,42,0.037665834402294276,0.07224568414880018,3.7586711273679585,0.15786775672962344,3.122257485903336,1.0008147954940796,val
2096,42,0.031058586017504407,0.14202422790514574,2.6092657197656877,0.18590880175391894,2.765598893635155,1.000745177268982,train
2097,42,0.021351402544439596,0.19381995043325062,3.4799234455340544,0.09428333949016833,2.789790328572286,1.0002264976501465,train
2098,42,0.025985620915328234,0.1764663798880471,2.0928672262662196,0.16661558349068004,2.686622168577793,1.0001667737960815,train
2099,42,0.04632968483454387,0.11093832496552963,3.6632398581141183,0.17299838490536767,3.6896028978592166,1.0027275085449219,ood_test
2100,42,0.02389841291773046,0.16110805467962852,3.100880637412504,0.11250649546752338,3.095120482209274,1.0007500648498535,test
2101,42,0.03717068419424016,0.08200191669846393,2.035836955945795,0.12271275791198992,2.716323972536733,1.0010721683502197,test
2102,42,0.029144797869190484,0.07595021827112332,3.430498690504331,0.1317705156386324,3.391784808081967,0.9983171224594116,test
2103,42,0.0479619892656014,0.07058860630289032,2.3637265763595487,0.1959880759934386,3.886651796360238,1.0026969909667969,ood_test
2104,42,0.027641793012118412,0.0992858644187536,2.6051473714919697,0.08537383371833446,3.000316257666227,0.9984080791473389,train
2105,42,0.02173693364221821,0.13358478972899385,3.262053198245127,0.16671435688438946,3.7263105274067643,0.9986859560012817,test
2106,42,0.04085467368818365,0.12601533044984364,2.802554327074808,0.16166242590055913,3.025304102909238,1.0004884004592896,train
2107,42,0.0487070871816733,0.09271133560755684,3.1493051317454896,0.14706627602479821,3.007675431388986,1.0005381107330322,ood_test
2108,42,0.026940075470601905,0.07637624372121676,2.792400867410821,0.13193584198820857,3.093786866928267,1.0019404888153076,train
2109,42,0.037751145271223134,0.0926310610019633,3.6823200375365417,0.14852074902772278,2.732962837506708,1.0010298490524292,train
2110,42,0.03621349239791459,0.14285284092689005,2.431181832558594,0.12059508367147143,3.4861229036259767,0.9999816417694092,test
2111,42,0.029995128274136647,0.08141972736100675,3.5784706898026206,0.08526382658179242,3.25322384497478,1.000798225402832,train
2112,42,0.03132483424608363,0.13838229862411183,3.0891140149489815,0.08060615085350636,3.778662954227191,0.9993587732315063,val
2113,42,0.03473989079258486,0.11765546884540225,2.5613821014315943,0.11396218852048551,2.6844689021301646,1.0014209747314453,train
2114,42,0.04280001487559176,0.10468172991651808,2.6260990039952032,0.16038731609992815,3.2181624884649684,1.0008906126022339,train
2115,42,0.04769127557141392,0.06270319486670346,2.6316142373094777,0.18291816213835532,3.4885388659989425,0.9999523162841797,ood_test
2116,42,0.03583219258958119,0.1380003878169358,3.0001075599124514,0.19800435177001496,2.928045311607141,0.9978747367858887,val
2117,42,0.03603159498789653,0.0935374609451161,2.6437106700039807,0.08381077476887024,3.3536425156632927,0.9979109168052673,train
2118,42,0.021073095048900294,0.09395234205703146,3.1004461893264272,0.1635409558406235,3.9597063006165234,1.0052701234817505,train
2119,42,0.026315651171551498,0.18883316426147717,2.889503159778293,0.1430270220770365,3.9702935619428814,1.0013039112091064,train
2120,42,0.03243346839248926,0.1374879963836169,2.8294831032879433,0.18379997594802544,3.626420657060515,1.000365972518921,test
2121,42,0.026805920138066992,0.05745650686596717,3.7152276769360344,0.1654233153168364,3.4670574571219057,0.9986206889152527,train
2122,42,0.048744705317210105,0.07303977193667005,3.3408703180789425,0.1785177593648059,3.370671378629588,0.999378502368927,ood_test
2123,42,0.02182670355513239,0.1752516271700731,3.142171774372688,0.13088433136998473,2.5208098708442743,0.9988064765930176,train
2124,42,0.049903220752933145,0.18252520744633993,2.6993866844159555,0.19835193578368532,3.940675486084627,0.9981804490089417,ood_test
2125,42,0.03591669598460015,0.06058313532783193,3.562523136426004,0.1811783373745391,2.506370738850511,0.9989989995956421,train
2126,42,0.03846703609290028,0.16369972314272588,3.9315674081338106,0.0968472555425934,3.4474449190678973,0.9990324974060059,train
2127,42,0.031642297424370996,0.1919512845538166,3.732839817662862,0.08032784213272777,3.414017354518809,0.9990226030349731,train
2128,42,0.026162417727476548,0.06831019613234687,2.1859987289572755,0.16185580743621247,3.7134951113212886,1.0005552768707275,train
2129,42,0.03796804482468816,0.07480283199770843,2.6696084288650845,0.10468700345357129,2.8061655458865324,1.0013818740844727,train
2130,42,0.0387361475164049,0.12000066173717051,3.3817077759428016,0.11136518346506033,3.654889283657364,1.0008900165557861,train
2131,42,0.04179562400722735,0.15074686675052054,2.4133713464397806,0.15078351125770417,3.1621520928999445,0.998394787311554,train
2132,42,0.03510942572408792,0.1827008959666545,2.880350431666942,0.16333727146008525,2.8044254408709133,1.0002431869506836,train
2133,42,0.020857236533581725,0.06976323309019589,3.596560874737978,0.14035478028148485,2.9366021035209178,0.9992506504058838,train
2134,42,0.03843259295168223,0.0736569251653893,3.984147266316641,0.10772132530579992,3.0609108051852383,0.9979777932167053,test
2135,42,0.027621010820658036,0.19619869621957486,3.7964186424284234,0.17271060301953625,3.84718131671127,0.9994978904724121,test
2136,42,0.030530244906979847,0.07238648971533876,3.0822304187867156,0.18701763870321825,2.6037267080715965,0.9998157620429993,train
2137,42,0.022134288302889472,0.09220358639127074,2.103558921812988,0.11376531947267737,2.7216727650159247,0.9997586011886597,train
2138,42,0.04942448649509653,0.19085076925534966,2.7446376838509816,0.18490317711833393,3.8063896825809227,1.0008440017700195,ood_test
2139,42,0.03611003778366034,0.19968756210035576,2.2627849905973543,0.1746973003723059,3.853775112530333,1.0004281997680664,val
2140,42,0.03956984128290239,0.10423223223881346,3.6618805659441325,0.1030439398774414,2.632140575111782,1.0006011724472046,val
2141,42,0.047396051296923494,0.11263967972485485,3.490596746346344,0.12661781245627013,3.245439172846485,0.9986469745635986,ood_test
2142,42,0.020619574495387392,0.17612630356960668,2.0170928923851905,0.10393923542232064,2.9034862879371155,0.9993332028388977,test
2143,42,0.037222287413557695,0.0895994153867846,3.3273680298291843,0.08065981373775877,3.9825084847432795,0.997866690158844,train
2144,42,0.03433086675433567,0.10213481550908177,3.359787690225659,0.14053573506781236,3.4345172350131907,0.9999828934669495,test
2145,42,0.0415350916424835,0.153049778608206,2.8093901625789846,0.1626096875757757,2.6764844402614165,0.9997146725654602,train
2146,42,0.04634208008683665,0.1803235230409015,3.0676041067837443,0.17614151457620886,2.8547784443963615,0.9977561831474304,ood_test
2147,42,0.04232575261054651,0.05551632750383868,2.4539138976533,0.1689854797576777,3.413920733866987,1.0014190673828125,train
2148,42,0.023721790703616897,0.19623516111137057,3.108747255187718,0.1927131978449096,3.3557312224294034,0.9988785982131958,train
2149,42,0.04611689971830871,0.15607072180364223,3.085319752338088,0.12866041276487,2.984291375089035,1.0013995170593262,ood_test
2150,42,0.024123586566781516,0.11464066835527341,3.46801002079744,0.1387540636328119,3.089465364630695,0.9997897744178772,train
2151,42,0.03518689825851648,0.1993661020432408,2.084045295010852,0.11494726409539113,3.039436047088795,0.9998701214790344,train
2152,42,0.027392531477381507,0.11947273831653855,2.2398595966991133,0.12545261952452427,3.059989814489473,1.0004065036773682,train
2153,42,0.03246581366063614,0.1402010967361034,2.3824464669162024,0.12501993732058578,2.917651125760059,0.9991174340248108,val
2154,42,0.02700097652716374,0.05848616016888415,2.9886295925436084,0.10840126807577583,2.7551195173423175,0.9988501071929932,test
2155,42,0.028818275927987233,0.09003123919083575,3.642602486475776,0.18831896829476963,2.9014685969519958,0.9997037649154663,train
2156,42,0.04764744094107229,0.106583856204916,3.604896240066178,0.16767909880604898,2.826841731768355,1.000974178314209,ood_test
2157,42,0.03088278950398155,0.18419012882867125,2.0957962003525203,0.10090949564123355,2.8084888980666456,0.999132513999939,val
2158,42,0.020108481110028196,0.1711382292165548,3.350277588323925,0.10785091085233847,3.6052680522092855,0.9980990290641785,test
2159,42,0.02537643074530138,0.11245174447360509,3.5760852718810554,0.1641759595598102,3.1702004359790203,0.9989592432975769,test
2160,42,0.042206520772921724,0.09110525492757474,2.5759658227335196,0.1024840880651769,3.6417812877609634,1.003007173538208,train
2161,42,0.03688952236450106,0.09356337029702083,3.6522354797178442,0.10924478480452425,3.932677404386483,0.9995921850204468,train
2162,42,0.02303610557892679,0.06286930445148924,2.3700279315467645,0.09971899336816305,2.836108125854117,0.9980350732803345,train
2163,42,0.03706880690370809,0.07884573129783724,2.3475638522004694,0.14751695314138974,2.6316450100807174,1.001185417175293,test
2164,42,0.020839563078825847,0.05320947156439374,3.1563349791523785,0.11358076205087567,3.5096269709991366,1.0001184940338135,train
2165,42,0.0407393125245728,0.061636783350835125,2.071215266199247,0.1960953614837302,3.085986705102976,0.9976173639297485,test
2166,42,0.04749359104375623,0.05729298305434602,3.1169892870725713,0.16932658084549196,3.8386809941459243,0.9980320930480957,ood_test
2167,42,0.02234686930442452,0.17217720845319984,2.6775726945984397,0.15481634077761258,3.2019948622008796,0.999657392501831,train
2168,42,0.04801721678254679,0.05323891610295531,2.105570740351914,0.18592158667986836,2.7858918907572763,1.0008363723754883,ood_test
2169,42,0.04005772858103343,0.1360447550107762,3.0358420076662425,0.16110441965402214,3.3372657963028374,0.9984022378921509,train
2170,42,0.0407723130870082,0.1544074346361372,2.70649138727694,0.12030268857158606,3.639262524454974,0.9998942613601685,val
2171,42,0.03135273999050727,0.1613950600845546,3.3471692707142786,0.11406033272483913,2.7997403754589696,0.9994356036186218,val
2172,42,0.031970549723059516,0.10085776512848182,2.193618847740175,0.1528731901953635,3.681625565363461,1.0002353191375732,train
2173,42,0.022352507662043664,0.17360197227669164,2.5788706776410484,0.14576647170426033,2.8148392315279502,1.0050103664398193,train
2174,42,0.025422752611059578,0.1030830960941441,2.2677796915708166,0.10525477391331368,2.9159854372567997,0.9994160532951355,test
2175,42,0.040453471404206146,0.09376507127480999,2.1913659865457324,0.09322290766285773,2.677394137332787,0.9990823864936829,train
2176,42,0.041438355472812716,0.1983452027550694,2.378658665936273,0.1493079439307479,2.5783706278018608,1.0007027387619019,train
2177,42,0.021833009112889032,0.17911035306859946,3.2691166620974816,0.0912050474345179,2.7422335120093644,1.0003297328948975,test
2178,42,0.022274766120758762,0.06910468379810976,2.815492411532727,0.1833334348735104,3.66289247957719,1.0011355876922607,train
2179,42,0.041105735498093154,0.14879489132575474,3.491836955918179,0.1052676112113059,3.3964294069862664,1.0025043487548828,train
2180,42,0.04775916691298878,0.1386441896141263,3.5668808059521617,0.14687385370538295,2.584599492619605,1.0003288984298706,ood_test
2181,42,0.022889232614177146,0.10317711004631216,2.153004741371374,0.09479289120204447,3.139349837932628,1.0012779235839844,train
2182,42,0.02640732216058736,0.07557140316129285,3.968472588329902,0.17083917695890158,3.403190279026987,0.9993911981582642,train
2183,42,0.023171872264255853,0.17129733033772104,2.7952441693257093,0.08266268396927068,3.008322745857169,0.9976347088813782,train
2184,42,0.03222950796865938,0.09614300337231727,2.27654365479403,0.15336729954556802,2.8762124702441825,0.9995355606079102,train
2185,42,0.039076787369244026,0.09693081168196838,3.9935152882579095,0.1402791720800776,3.469958721564441,0.9970685243606567,val
2186,42,0.03143193564110865,0.1919615952413185,2.9309375958770376,0.16064725061672794,2.587944486587742,0.9987857341766357,val
2187,42,0.04734122348062834,0.13245224797439034,3.7322719228468513,0.10178263881040446,2.8781624798419068,1.0005712509155273,ood_test
2188,42,0.04072107747676454,0.17083295762403555,2.25729798452938,0.10391126102294843,3.581372416894803,1.0012080669403076,val
2189,42,0.0363962531483413,0.16301739214880803,2.0919151946360177,0.14581340380744517,3.5524988638101824,0.9981348514556885,train
2190,42,0.03552936189297306,0.1802410304682175,3.9070765657404003,0.1106217774980956,3.1816833178116517,1.0003924369812012,train
2191,42,0.023709839048479484,0.06531965546556737,3.5884023546069472,0.1306862297590576,2.571116727627127,0.998910665512085,test
2192,42,0.020110685086536784,0.1914757738954947,3.179730122524486,0.14138313726909957,3.724443280078123,1.000025749206543,train
2193,42,0.026228453625988482,0.15892881786567326,3.9799955988240967,0.18044688438208195,3.6291945492048585,1.0000722408294678,train
2194,42,0.04451845022311121,0.13521787467412105,2.998572703906115,0.12013490459405227,2.9930263638631187,0.9998584389686584,ood_test
2195,42,0.031021892418247196,0.12985790831524496,2.1406690693031383,0.08657952131133131,3.8067721764542606,1.000923752784729,val
2196,42,0.03776396723495189,0.19050283313647542,3.5465280042264657,0.19652206343685819,3.282872901823013,0.9999862909317017,train
2197,42,0.03465345699902407,0.15352519439297221,3.074901784075638,0.1137988035917378,2.841427043805429,0.9980268478393555,train
2198,42,0.03881725809285182,0.08987362015713603,2.0661387421110557,0.1851830082305801,3.2357056474931642,1.0011544227600098,train
2199,42,0.0436088430145556,0.06086769548754105,2.0162472772732025,0.08821269301220845,3.0181084831575715,0.9982303977012634,train
2200,42,0.029008428860899486,0.17726909199777152,2.603858999100101,0.09660892433976441,2.739993763449695,0.9997711181640625,train
2201,42,0.04682769224344603,0.13223629708016071,3.267286727249652,0.1827113502133796,3.1785886656713034,0.9949378967285156,ood_test
2202,42,0.03585505848009547,0.11074477933405158,3.041438132778917,0.18370571929854837,3.0137599414539045,0.9997110366821289,train
2203,42,0.037675441627111686,0.12473402964243145,3.9746665049893535,0.16347932618222125,3.2280626069668603,0.9992308020591736,test
2204,42,0.030318576533870968,0.1700777921300925,2.0516061645791885,0.15394504553063704,2.8247473809009285,1.0006357431411743,train
2205,42,0.04871497101063447,0.13903269114054545,3.9199724335371604,0.14486740612182167,2.886798638835553,0.9993200302124023,ood_test
2206,42,0.04183820947338304,0.12085520363780661,3.8104190610353545,0.14214691872003765,2.7111998183505888,0.9999018907546997,test
2207,42,0.029604940056417322,0.08524800979026104,3.535544732409605,0.10027064657425873,2.7186646101309577,0.9998198747634888,val
2208,42,0.02011646430370511,0.10199669837793854,3.645965043192208,0.1259697153815953,3.513385860052472,1.0006520748138428,train
2209,42,0.025985831785587464,0.18230935534648784,2.809156375263471,0.19129922930422855,3.775688223032028,0.9993561506271362,test
2210,42,0.028371468968049166,0.16346587681092828,2.551636743343547,0.14367886794505924,3.017672162235471,1.0018564462661743,train
2211,42,0.03496560817395496,0.050145275902400616,3.0903904003189693,0.17939821744074014,3.756568609265134,1.0019952058792114,test
2212,42,0.029622032064716752,0.16373499446284828,2.677510975049188,0.1568238923962446,3.4023973773570226,1.0003325939178467,train
2213,42,0.042623887305412736,0.18815380224965134,3.508619160580473,0.11317061728776356,2.7019961381310083,0.9995092153549194,val
2214,42,0.03161518847124122,0.15634386483551033,3.7227681448514804,0.17485974232132212,3.913173720753397,1.0004459619522095,test
2215,42,0.022195625991488332,0.07768481375617611,2.4009507867429853,0.14028592003269874,3.988139936517896,1.0006945133209229,train
2216,42,0.027234244285161406,0.09850031573321737,3.624554719315978,0.15960836053687372,2.605943980647249,0.9996910095214844,train
2217,42,0.039086616801103494,0.1572883785880782,2.3279506581208373,0.1093347076234922,3.770523864573199,0.9995143413543701,train
2218,42,0.027198791314195073,0.1648307575847925,2.9557969881579087,0.1146467938751414,3.436575309054996,1.001457691192627,test
2219,42,0.020256484715750103,0.19076295304964913,3.54788977228186,0.17088544841552156,3.299128130913669,0.9978523254394531,val
2220,42,0.028523939657102943,0.1780508485329842,3.452880340270691,0.08543274656152346,3.6607087470388615,1.0013028383255005,train
2221,42,0.025306399264209103,0.1380172232076352,3.8001746879574076,0.10110881720683183,2.847457472565394,1.000910997390747,train
2222,42,0.027961640092610086,0.1195848628638798,3.108826765476354,0.10109287366403039,3.6580321835951564,0.997632622718811,train
2223,42,0.041255728218204946,0.14591591565466444,3.311746790885376,0.19308160749907186,3.625447956434174,1.0021235942840576,val
2224,42,0.04265615516521962,0.18540957004934022,2.1260762331785736,0.15898404459273463,2.9936858627335448,0.9999951720237732,train
2225,42,0.02028929809392716,0.18600133078613124,2.1652636871745474,0.10718439069547106,3.3636440272057144,0.9988746047019958,train
2226,42,0.03747832802992025,0.11488919526171264,2.443917428975656,0.14854844066566997,2.704981195060166,0.9990928769111633,val
2227,42,0.04176891216215385,0.19556445169525855,3.1917518707908297,0.14931750094817486,2.649944763714426,0.9996716380119324,train
2228,42,0.04523182855529859,0.06923721206397461,2.8722866586490126,0.15097027863748577,3.9765271489012637,0.9993175268173218,ood_test
2229,42,0.04370879393577094,0.07300598431093884,3.6438168277361074,0.1623600490730227,2.8067994082956935,0.9996209144592285,train
2230,42,0.027560339902125246,0.05573222026569162,3.2081706283311213,0.10973475070271066,3.4758642693377553,0.9993524551391602,train
2231,42,0.03153500313110221,0.07544491683895135,3.124216130711297,0.137744012007162,2.791533116127389,1.0004969835281372,train
2232,42,0.02845447790361389,0.18585827408262579,3.9992639973366537,0.09346989633217571,3.436058214796284,0.9986025094985962,train
2233,42,0.04675110954013437,0.06993488319707997,2.3944389451449406,0.0869437749450818,3.9352064202806862,0.9985066056251526,ood_test
2234,42,0.037602071942307524,0.19369206586001453,3.7326764332622355,0.1624083472685403,3.270409365873889,1.0007827281951904,train
2235,42,0.0400210881333298,0.16933814143687959,3.954757701033553,0.11910209292952677,3.0383555568124887,0.9994615316390991,train
2236,42,0.033696322867118,0.16350663466660537,3.207819812638658,0.12214767648349625,3.575912890548447,0.9978682994842529,train
2237,42,0.027672402821437188,0.12364382324459976,3.87919994790504,0.19541486442310826,2.6607762962214645,0.9976032376289368,train
2238,42,0.03242734031372261,0.14335343764477188,2.038018554211881,0.10490586612595165,3.435489159585234,0.9987996816635132,train
2239,42,0.025525143513032224,0.16428582050538065,2.3831573866707103,0.09832965564170033,3.2840057282364024,0.9983240365982056,train
2240,42,0.032763728492385034,0.1349107873770474,3.605087919521959,0.17487433616338743,2.714793642102595,0.9990765452384949,train
2241,42,0.04584490052203788,0.17156925848958937,3.22163742939333,0.1694369562330403,3.4268087762252364,0.9995273351669312,ood_test
2242,42,0.025203508898036728,0.16343213797281564,2.008619909064073,0.14069369647008653,3.411829417915639,1.0027787685394287,train
2243,42,0.03921316210040825,0.06788404009897242,3.9176377490420546,0.1333391495393271,3.649240290534136,1.0030949115753174,test
2244,42,0.03546767087607935,0.05840447052777,2.635974093503334,0.18816805479612614,3.515911653636979,1.0010006427764893,train
2245,42,0.0255447720516044,0.13522742077176098,2.6871378315057455,0.184178852001112,3.0488449975421084,0.999295711517334,train
2246,42,0.028444965973618248,0.11788371963838837,2.611057819285952,0.08407539783736487,3.504228187589857,1.000522255897522,val
2247,42,0.028451692907793057,0.1276943818981261,3.7167891384703093,0.127180654787245,3.0488156111554927,1.000326156616211,train
2248,42,0.04989525663404124,0.1689533072218027,3.8561094998857213,0.11798134062786353,3.020355979410192,0.9996961951255798,ood_test
2249,42,0.049463246605411515,0.18658904683309346,3.3034100564249824,0.10826899723812389,3.9348622929110597,1.0004467964172363,ood_test
2250,42,0.04509412190149747,0.17110762228077592,3.1443749554508624,0.17054525795516648,3.671520587967222,0.9981909394264221,ood_test
2251,42,0.03639928784596159,0.1593568381577451,2.076877610775233,0.12648718643072385,3.7689876685937476,0.9991564154624939,test
2252,42,0.047051961091437715,0.1881974026577567,3.7891539871530986,0.13945619436289697,3.128050137284444,1.0008323192596436,ood_test
2253,42,0.033288833535354875,0.054438285356444405,3.1750837696216316,0.14987290980203416,3.13612983727434,1.0032038688659668,test
2254,42,0.03368482991871412,0.18234084170309173,3.3454908249392536,0.08106530383464089,3.8858427043286907,0.9975541830062866,val
2255,42,0.038659363141400026,0.15311796868634153,3.161926379115175,0.16840075044318545,3.807050313755714,0.9984668493270874,train
2256,42,0.04376545763385542,0.1685665048550864,3.4937592667375545,0.11139535730776473,3.9382817592976416,1.0019614696502686,train
2257,42,0.039195292932824075,0.07226603047463569,2.713475192722872,0.09589550479572148,3.99852278162544,0.9976301789283752,train
2258,42,0.04955094159407822,0.14146330819369074,3.385380647348547,0.09716022116823189,2.5670909322483197,0.9992823600769043,ood_test
2259,42,0.023696318634415788,0.19314063098940992,3.3898571813539955,0.11302042581149589,3.804791395349185,0.9986262917518616,train
2260,42,0.03617151794097072,0.06749570419036856,2.0565229804839347,0.10634251694734041,3.4524471193247206,0.999751091003418,train
2261,42,0.03584836486838276,0.1653214163287185,2.98865605545413,0.12246362328658654,2.9028944630947238,0.9999592304229736,val
2262,42,0.043373404209441795,0.0850958530393133,2.0643262833144265,0.19578680450807157,3.4216077695572595,1.0000370740890503,train
2263,42,0.029201346774589916,0.1226313897888015,2.3307408125700024,0.10757937105686154,3.2815289660566935,1.0010885000228882,train
2264,42,0.024631997282334905,0.18579624351124024,2.6418687920965804,0.09984195371415862,3.306936713511985,0.9998981952667236,train
2265,42,0.04431850325346495,0.09669551121300005,2.7402301179627537,0.11903564887218446,3.9556495292534564,0.9956448078155518,ood_test
2266,42,0.02467303942866358,0.13863107046933437,3.1323185321751827,0.14846586112957683,3.8675698053221255,0.9970578551292419,train
2267,42,0.04806239064373092,0.18142341136766038,2.4224628525291307,0.08578678197338087,2.9583430501322034,0.9987508058547974,ood_test
2268,42,0.026260588015479418,0.12253794474628349,3.187252088077053,0.104809069902397,3.0480670153325855,0.9998287558555603,val
2269,42,0.02945680671269411,0.12333962645473827,3.5475734584329146,0.11315753101854434,3.759226531678859,1.0008093118667603,train
2270,42,0.0356530317063599,0.18151284990061467,2.843008589016808,0.11903488009384668,3.4660300144874743,0.9988055229187012,test
2271,42,0.02284531707586706,0.14703065310412833,3.1035888768757935,0.12985599634856831,3.863076628498531,0.9990848898887634,val
2272,42,0.03855072710249151,0.10511564087914252,3.0665621096524567,0.13308651201747757,3.1142793878083475,1.0004239082336426,val
2273,42,0.02906002965918665,0.06808671528290897,3.121924233746311,0.16933904886929757,2.736892500932917,0.9999122619628906,train
2274,42,0.028709171661528126,0.18426077507595534,2.9621243148659664,0.12223684622846853,3.913564320794669,0.9989426136016846,train
2275,42,0.028556221762437307,0.08641034222195523,2.3456074440638837,0.08481041051006968,3.2347224626482323,1.0020782947540283,val
2276,42,0.044752091224016674,0.13124057214687013,3.2293184218864583,0.19665821436862227,3.084993648483729,0.998916745185852,ood_test
2277,42,0.036562948760746346,0.05996057362236759,3.997563242975054,0.10796312513831471,3.1197169442101194,0.9997365474700928,train
2278,42,0.04626273268296509,0.1797646125668264,2.13218970802137,0.09558344448102073,3.3205260919237607,1.0006554126739502,ood_test
2279,42,0.04298351854207668,0.18331485988911173,2.9625849585234483,0.1905773007536981,2.6495781356568093,1.0002408027648926,train
2280,42,0.041109883690256664,0.14731463695641486,3.3476892250303,0.1551645628145643,3.489973215158761,1.0015957355499268,test
2281,42,0.02900413426452754,0.10629051676193813,2.1899913714100165,0.11162017551388119,3.4830338944845565,0.9996441602706909,train
2282,42,0.04467805806067423,0.06876358483068032,3.858484493433288,0.18640653527978296,3.0377584272797327,1.00046706199646,ood_test
2283,42,0.029897580913482723,0.1009939601867355,3.5602716607129827,0.08445638984576516,2.5112375320886287,0.9993610382080078,train
2284,42,0.027678842771909528,0.1843697020251927,2.69214361036129,0.13103873293185095,3.290056717778904,0.9998886585235596,train
2285,42,0.022619809202404268,0.19367306326015943,2.3305573576845404,0.18155744699131926,3.9440150232500257,1.003162145614624,train
2286,42,0.025867323677576267,0.14157359486182824,2.2590645682112855,0.1767361112324764,2.927486189917036,1.0000560283660889,val
2287,42,0.022155850365792904,0.13602548246732055,2.7194203104125965,0.18581790955243346,3.978669861703593,0.9988728761672974,train
2288,42,0.022723017773744365,0.11020735657161809,3.563389491490812,0.18126431927133768,3.2005708685816696,1.0005122423171997,train
2289,42,0.029642698862161476,0.08310833173518034,2.058558172079242,0.10090664224756196,2.594712207408255,1.0000276565551758,test
2290,42,0.034281379009613394,0.05666881103395225,2.261902099986541,0.09372810561905491,3.211981413294261,0.9985387325286865,train
2291,42,0.0337307314729381,0.1644210280479511,3.6504567221018487,0.15307087253928287,3.7033798133622753,0.9960436820983887,train
2292,42,0.039900074665152434,0.17810218142534368,3.723606471129436,0.093607331566316,3.8010204797171734,0.9993687272071838,val
2293,42,0.022693952945262053,0.1224047753927038,3.862849347205728,0.08836389836649546,3.4238693279019987,1.0001401901245117,train
2294,42,0.02304901820611477,0.19686885980806823,2.490766124522791,0.10577644775980415,3.0444777395383684,1.0007493495941162,train
2295,42,0.04161580068466672,0.17779089284667826,3.2574413519405825,0.1783942301165229,3.41825271296697,1.0007400512695312,train
2296,42,0.03941637558604964,0.13560900305191956,2.6828452628525365,0.1002477643619648,3.9858744331771296,1.0013447999954224,train
2297,42,0.029987862402884192,0.09269543456717881,2.1584321554754595,0.14117998743108195,3.5787848211600317,1.0001187324523926,train
2298,42,0.04933338977979743,0.1496371863410659,3.750272304937713,0.15397723947506137,2.8224530447995075,1.001387357711792,ood_test
2299,42,0.04722662738111261,0.14459464888682172,3.9147707939315817,0.08686004011619738,3.9308250091904124,0.999590277671814,ood_test
2300,42,0.03856569247919747,0.11719243315978857,3.15320255836392,0.15063408764521236,2.89602986274336,0.9986317157745361,train
2301,42,0.02673754993865717,0.06715616799456842,3.3153027417725,0.08838852819250269,3.859221194601825,0.9993864893913269,train
2302,42,0.04897670130274613,0.14162847963402486,3.7376606989467795,0.11557878664410622,2.8585520241121483,1.000708818435669,ood_test
2303,42,0.04349721849653851,0.1818577456428816,3.8170182054473365,0.18835374602706956,2.7709759823661213,1.0028108358383179,train
2304,42,0.03469897244426982,0.18893573736139313,2.644629017987117,0.13811572827278434,3.6015155676323083,0.999846339225769,train
2305,42,0.028588619545923115,0.11475030613194864,3.514731860694149,0.10480489560939488,3.120056289483048,1.0020252466201782,val
2306,42,0.023212586153627673,0.0884139827164355,3.9200283345747557,0.12285205418715525,3.1604052038563983,0.9996625781059265,train
2307,42,0.024179634442063228,0.19009227899713388,3.56691686538525,0.10651951250983535,3.542145191473104,1.0009092092514038,train
2308,42,0.04881606961621629,0.16732065573844496,2.2977078294066544,0.18755499063325343,3.2697560837154165,1.000233769416809,ood_test
2309,42,0.02591303356883542,0.12398801113255904,2.1365919234094584,0.1497726128237371,3.7808848558377823,0.9976617097854614,train
2310,42,0.024744871004076893,0.18337727516472496,3.855756818947359,0.19955145696579607,3.766407871057875,1.000182867050171,train
2311,42,0.021550624178478,0.1389303889174749,2.5355828192591217,0.12129172967563573,2.5648980401899015,1.0008686780929565,train
2312,42,0.036819518895759254,0.142786797719367,2.048669175928783,0.11677265072486072,3.863864476237307,0.9996273517608643,train
2313,42,0.04984367659456868,0.11767506826370702,3.258459423688282,0.16734723460771955,3.9393841171177266,0.9994890093803406,ood_test
2314,42,0.023473001917100635,0.16303129203868696,3.4827134643122792,0.1151551406072328,3.529764027919766,0.9983051419258118,train
2315,42,0.04321175761206886,0.1378161301847482,2.799110201317788,0.19968878486295133,2.7234091645890697,0.9989632368087769,train
2316,42,0.023820622580571445,0.1104431769605199,2.6174077888636447,0.08012451736690669,3.275348107311314,0.9995209574699402,val
2317,42,0.034024282840021756,0.08860327976174395,2.9167293919495823,0.12748570075584528,3.406582850191115,0.9987861514091492,train
2318,42,0.03335221706511299,0.1640783090122369,3.5531011129058925,0.12448840246998635,3.818396753004317,0.998959481716156,train
2319,42,0.029231759329258235,0.11608571262707186,3.026551513608905,0.10838850338610244,3.568574079129934,0.9990308284759521,train
2320,42,0.04627496872550453,0.10207464691168402,3.3747130173367252,0.12573967676110323,3.4812163144046204,1.000854253768921,ood_test
2321,42,0.04357389382427666,0.16124369643756553,2.944510475489736,0.1115202405234012,2.690214975236536,1.0007517337799072,train
2322,42,0.030645422961407105,0.0805871042462352,2.8546644561524763,0.17990390752981605,3.986555732753078,0.9975561499595642,train
2323,42,0.04348837648331005,0.08542723426407309,2.8544979605878193,0.1941767971352324,2.6341137263824894,0.9997770190238953,train
2324,42,0.04760974528777043,0.1701217553647934,3.733489157057912,0.11343970961236652,2.957009901825279,0.9990801811218262,ood_test
2325,42,0.03362858725242538,0.14990276865036617,2.5443265965511075,0.10154436285816897,3.7181327021934543,0.9985754489898682,train
2326,42,0.03608048532367089,0.08632487774881686,3.952948750552742,0.11048270836269024,3.7083434142988105,1.0007414817810059,train
2327,42,0.023891062557385583,0.1692118539268097,3.1284866774250553,0.1574510563847426,3.9276553289798093,1.0040814876556396,train
2328,42,0.022031549546535748,0.11930055253530496,2.012540856846363,0.10069014936997658,2.677438341606519,0.99913489818573,test
2329,42,0.04594658841278602,0.12021294568689983,2.238370072653929,0.12022970254249947,2.7621763516302593,0.998767077922821,ood_test
2330,42,0.03104898038246503,0.1087598056544937,3.5002736480942884,0.0970481886980655,2.951350497694848,1.000695824623108,train
2331,42,0.03437296085516776,0.12327134495514,2.813978106734116,0.1632913319682806,2.8354133183210624,1.0005115270614624,test
2332,42,0.025617130075032718,0.14580313243080983,3.097957026555986,0.1170755843557808,2.8453057486405027,1.0012707710266113,train
2333,42,0.04633636502044956,0.11852829681807435,3.4740391732331948,0.19282933627700838,3.3781299861231506,0.9983367919921875,ood_test
2334,42,0.03653839644294546,0.11163522496949832,2.459092228843226,0.17717263981352005,3.2759478225313856,0.9985361099243164,train
2335,42,0.047388490729645696,0.06397352170081906,2.5280711317304148,0.15830324843603322,3.5348468742882666,1.0022242069244385,ood_test
2336,42,0.0433015602197617,0.19096669114821851,3.9648290972646856,0.11860355808831641,3.394374869666421,1.0013093948364258,train
2337,42,0.03694182988503594,0.08523280489333282,3.8669005000550882,0.19975874957102818,3.077706990085294,1.001962423324585,val
2338,42,0.04353205675462954,0.1993457352899965,2.209366756352367,0.16347307470898115,3.0620384972014056,1.0021177530288696,val
2339,42,0.031739999551261555,0.05598492651100152,2.1363829475867764,0.08250422955685621,3.2411687671188085,0.9978624582290649,train
2340,42,0.025816061272504878,0.1807247792119389,2.836509505382712,0.16869022661522198,3.7368076550659426,1.0004863739013672,train
2341,42,0.04070739097064323,0.11713951119072437,3.207950264136545,0.16863917826924413,2.9896786389260908,0.9997292160987854,train
2342,42,0.04019360931373127,0.06510068226513616,2.3925823802444293,0.11614101225515713,3.542543798144364,0.9996379613876343,train
2343,42,0.04794967654393216,0.05009196496060562,3.7050500200356185,0.11776602228124783,3.7766151766233524,0.9997259378433228,ood_test
2344,42,0.032202736131923704,0.10030736020371481,3.926801259416728,0.19656571781485327,3.1783246677286274,0.9999440312385559,train
2345,42,0.034042930360495945,0.07333074271884274,2.903415200138897,0.10344787115838108,3.516776415104178,0.9995556473731995,train
2346,42,0.037867614171499864,0.13836193282748577,2.207307342559867,0.15106035977334226,3.0158943665712528,0.9991441965103149,val
2347,42,0.02042904984123619,0.07539879770065462,3.715004050271048,0.13453755643073687,3.2846351835546486,0.9982799291610718,train
2348,42,0.0385422022532793,0.11791486344768858,3.086586588921639,0.15225640823949085,3.9636260642592864,1.0005717277526855,train
2349,42,0.0442668261012376,0.09157585401003059,3.0658098991131255,0.1108469256229094,3.825362076509813,0.9999170899391174,ood_test
2350,42,0.022079724072623305,0.08066204201125313,2.9898120695281136,0.16137509367583736,2.7635226858840047,1.0000200271606445,train
2351,42,0.049673318015020534,0.19606964227444684,3.0577579331344156,0.19180377112624108,3.1708368616541702,1.0020291805267334,ood_test
2352,42,0.03582888174580389,0.05123202484540688,3.7587684683458304,0.17228568781804376,3.607005672020657,1.0001375675201416,train
2353,42,0.03504587130107336,0.1950049931578754,2.1742591232164834,0.08849882711352784,3.2959064947305117,0.9967983365058899,train
2354,42,0.0237238543349014,0.0699254944430213,3.345305906323339,0.10800701525202405,2.514302133748063,0.9984800219535828,train
2355,42,0.04343771509349699,0.17144511554255182,2.608942086042415,0.09953108418843395,2.9033027266584917,0.9992277026176453,train
2356,42,0.03993527927020064,0.13108288199614127,2.2037344895012096,0.15051334157920243,3.3395450132848414,1.0018703937530518,train
2357,42,0.02362547919789558,0.14136379035339952,2.6695242607633407,0.08239022095034014,3.590765760323895,0.9969799518585205,train
2358,42,0.04826960334925291,0.053607326474123335,3.9803354421521773,0.1364565970295707,2.7185337238302587,0.9988975524902344,ood_test
2359,42,0.044586945959791464,0.12872173711026358,2.865753065454982,0.09234080279712956,3.2377803929828177,0.9980998039245605,ood_test
2360,42,0.04109568390270521,0.19557841342626042,3.5784824642189514,0.11477940328542367,3.9022334062912223,1.0011415481567383,val
2361,42,0.035719491608314974,0.08500719410031662,3.455200064218081,0.11525902789789358,3.2675140830696714,1.0022673606872559,val
2362,42,0.03906313005107906,0.06985028570932925,2.332525189207828,0.1680531455447617,2.9508244435148008,0.9999066591262817,train
2363,42,0.04575095455655441,0.13060516081105406,3.3057434772020855,0.1097009004883504,3.22509048127894,1.0017375946044922,ood_test
2364,42,0.024493324141079104,0.09500202644023323,2.032923109471663,0.1713680039780757,3.3327956992327943,1.0023436546325684,val
2365,42,0.04965898649282802,0.1336512662762196,3.2499678397765384,0.08743342571791472,3.5216388183661422,1.002094030380249,ood_test
2366,42,0.048914010133476245,0.18568063309554173,2.988559978607274,0.15781054006425618,3.3800415340495182,0.9962761998176575,ood_test
2367,42,0.04707608213834505,0.09509338869879835,3.711783782384953,0.09984862290574134,3.5660352441021175,0.9980446100234985,ood_test
2368,42,0.047716567333267526,0.14604191554447363,3.018817994746029,0.16463492440631122,3.9641939788163487,0.9964749813079834,ood_test
2369,42,0.049141300744743086,0.11679980089856959,3.8372955739874626,0.09293853154120645,2.7657191168518085,1.0004669427871704,ood_test
2370,42,0.036814775095817785,0.05349980990987794,3.942798592575448,0.12111691180259643,3.559891737028418,1.0004247426986694,val
2371,42,0.03498913013555939,0.10185582670283479,2.674633539574047,0.1454140242225517,3.5836761231559686,1.0023175477981567,train
2372,42,0.03615469351418277,0.1507773169359895,3.0531132560759895,0.09168234064522116,2.860109515711674,0.9983147978782654,train
2373,42,0.04794110020721327,0.05681180755809269,2.292030179254805,0.17301516307814535,2.653559175619543,0.9986048936843872,ood_test
2374,42,0.024101949188990585,0.0902837875719438,3.4598093675665895,0.1745058885763986,3.517090670989343,0.998824954032898,train
2375,42,0.04874950079898855,0.08898553452256738,2.9757467398920707,0.11537252949838958,3.90435271708376,1.0005801916122437,ood_test
2376,42,0.0424430210289945,0.11062442543885287,3.423700507796722,0.13570751994523328,2.835419558199675,0.9987215995788574,test
2377,42,0.04132355298164016,0.16164763230086154,2.1818618715304163,0.1515286143200395,3.7692366073742622,1.0003371238708496,train
2378,42,0.024762679327512624,0.1469807194987377,2.525468750844604,0.09255063550702679,2.780637272709429,0.9995843768119812,train
2379,42,0.04988615099566483,0.1628755812047982,3.874777538623886,0.1914154590919277,3.4592862586346143,0.9987790584564209,ood_test
2380,42,0.047322375691886895,0.10279726504415078,3.8984269917261187,0.09647097766528046,3.4353768059589047,0.9999793767929077,ood_test
2381,42,0.03769638448313965,0.1009717409578991,2.2599790262111155,0.11746387118862735,3.3928811372579237,1.0011804103851318,train
2382,42,0.03576672331172675,0.1545713573643021,2.3167020634547777,0.12530320595531744,3.43803222848973,1.0004103183746338,train
2383,42,0.04004056219455948,0.05938088768445525,3.815419570013824,0.15362870709663387,3.0533820521060298,0.9990017414093018,train
2384,42,0.03949102639025868,0.13156844375339966,2.8296057530876375,0.12629292752965204,3.6171802156521284,1.001434564590454,test
2385,42,0.030796722041972445,0.08829616920358202,2.7390470138401906,0.09100537708876087,3.067404704952015,0.9984397888183594,train
2386,42,0.037224676483167324,0.1711991150301621,3.8613564089215053,0.17390436016340227,3.641648800398068,0.9990580081939697,train
2387,42,0.030489626907851758,0.16851128922792097,3.374098607808467,0.134821706417686,2.555126529112442,0.9992363452911377,train
2388,42,0.028284382896744953,0.1699775886371021,3.0132916375850294,0.0963413886551245,2.8286722761671053,0.9998998641967773,val
2389,42,0.041668564196151725,0.15962872000017705,2.103019774148285,0.10603509869160142,3.9066534651073415,0.9996792674064636,train
2390,42,0.03905333512029593,0.1991980650430829,2.8413555679125384,0.16238894277110985,3.1144620222626616,1.0001884698867798,train
2391,42,0.021515546114878506,0.18715975484309982,2.7716389198524736,0.1093005521590643,3.826969423867263,0.9989358186721802,train
2392,42,0.038212511927663693,0.06510850750216857,2.4878858567495223,0.1979612635187657,3.3068332752382195,0.9982970952987671,val
2393,42,0.037779950379021515,0.15612044910550582,2.9880399736303285,0.1642499146371869,2.7679973089847567,0.9985445141792297,train
2394,42,0.02642048447000688,0.09632685504730346,2.1237718493147497,0.17732375300798425,3.120718318884574,0.9992082715034485,train
2395,42,0.027630439274777027,0.1716603544201693,2.838989929647126,0.11229131934765435,3.3303857544313553,0.9997909069061279,train
2396,42,0.04305232836778351,0.11389634896874294,3.0096007227792905,0.15078440424287692,3.772565854264461,1.0017204284667969,train
2397,42,0.025319497268211616,0.08373837821637464,3.0686551025705224,0.08618739814191816,2.7146267567904947,0.9990993738174438,train
2398,42,0.03560213142745847,0.078555509544752,3.960635506423092,0.1982650195367323,2.7453301107555,0.9973966479301453,train
2399,42,0.04800607944515761,0.07956129407638748,3.313909430984842,0.1313136134957375,2.960279805383611,0.9998817443847656,ood_test
2400,42,0.04589824826480942,0.08520889855733912,3.4591740331532925,0.16313768526388994,2.9411191955680818,1.0021053552627563,ood_test
2401,42,0.025633752928941912,0.11979030789501095,2.0549874124251177,0.1421190412552574,3.057017611689295,0.9987553358078003,train
2402,42,0.02625032752104379,0.0713238658869809,2.221017709272359,0.13956151351258564,3.4333548458172527,0.9994763135910034,val
2403,42,0.02359253425020747,0.13933546528594298,2.0187862037066346,0.13877704501498278,3.303915742616815,0.9968011379241943,train
2404,42,0.027717777214257305,0.09804582597822897,2.2663346620444305,0.12567765050960739,2.702468127998257,1.0007283687591553,train
2405,42,0.04273108642800743,0.08055116767564399,2.8959060213621743,0.16464131894123601,2.899206350802497,0.9989201426506042,train
2406,42,0.022110938569719286,0.16667984383431417,2.76192896637179,0.19968124080335503,3.447450252713812,1.0001225471496582,train
2407,42,0.04615463338012726,0.07581520375138948,3.1788418750480147,0.09731902223332078,3.8070807327919716,1.0021793842315674,ood_test
2408,42,0.03808560248492186,0.10099701304282026,3.135071845552293,0.19114286763936972,3.2231472126679,0.9989578127861023,train
2409,42,0.028660522143321533,0.10603199529383478,2.1318049242564867,0.09554140861525669,2.7751804862101084,1.0008888244628906,train
2410,42,0.031778875533999745,0.07598669701143268,2.7837341580409927,0.14841555476050133,3.6735335321887446,0.9987380504608154,train
2411,42,0.028051663690602302,0.05473752624012998,3.987211429759454,0.1487317109503109,3.9216996731550373,1.001755714416504,val
2412,42,0.03279218978198657,0.13994966691463984,2.0518497872859953,0.1410164544073905,3.9442263495430505,0.9995577335357666,train
2413,42,0.02040701072875989,0.19324048767129454,3.0858512786037053,0.09673222143228302,2.9662725659254057,1.000692367553711,train
2414,42,0.03563684155796763,0.09997034308497912,3.2314846908872314,0.1771124308131371,2.7295102783624623,1.0004665851593018,train
2415,42,0.033182223527851155,0.06852002909527882,3.8034722140329023,0.08748674159208925,2.8761066203934265,0.9995819330215454,train
2416,42,0.04935430238579187,0.059131207904473654,2.0383883443838724,0.1802587744920491,2.9488410160822776,0.9978270530700684,ood_test
2417,42,0.047135206943475116,0.12170976054413306,3.9443923500453435,0.12061468115372881,3.166278278372533,1.0019099712371826,ood_test
2418,42,0.027297630872448582,0.14003709465211187,3.2591903590024365,0.10622319926841679,3.9280351200807413,1.0002779960632324,train
2419,42,0.04868560018247044,0.11757170132030911,2.7487529946107254,0.09548426956668367,2.7678776114603307,0.9991098642349243,ood_test
2420,42,0.029212522590897416,0.14249994004303454,3.394665032979533,0.10112779441927293,3.033224602281364,0.9994488954544067,train
2421,42,0.046457019372096155,0.06024745520267396,2.1772150217703654,0.10975953691379454,3.401505454111387,0.9986696243286133,ood_test
2422,42,0.032180269792284374,0.19829635220137443,3.7181594393477777,0.14152052712668903,3.784273426943722,1.0012046098709106,train
2423,42,0.043830191953328955,0.1433208984882271,2.431869726195033,0.18205858295626678,3.1582959308582073,1.0011146068572998,train
2424,42,0.03509436846343805,0.18289118886189137,2.5043507101021163,0.11235451182238704,3.169687783975023,0.9998606443405151,val
2425,42,0.04645934214269902,0.10357202101523721,3.7264585004321726,0.1267714669363802,2.905112218085779,0.9986709356307983,ood_test
2426,42,0.048513501876339196,0.05556048402167635,2.663222774119004,0.1345117401187929,3.216763646098402,0.9993501305580139,ood_test
2427,42,0.04881913637606884,0.1806905744663942,3.339479795826138,0.15623248249407623,3.885032755184008,0.9983265399932861,ood_test
2428,42,0.04844826550179504,0.1811611771090832,2.035147688480893,0.14120892172131494,3.6652118712902406,0.9968571662902832,ood_test
2429,42,0.04325604969734931,0.1179567607012587,3.9827762253588475,0.13051563862354643,2.6788332989396944,0.9992702007293701,train
2430,42,0.04888097923200202,0.14997958015734847,2.9505164322567827,0.10309224656820351,3.63799906764627,1.002285122871399,ood_test
2431,42,0.047258630905709524,0.1201743603644874,2.6894227578350938,0.15329252710487024,3.529229729240245,0.9994387626647949,ood_test
2432,42,0.03611061101713903,0.09367697020627536,2.550425759716025,0.1665412319817844,3.4930195827809145,0.9969801902770996,test
2433,42,0.035307935986423275,0.09100225786074304,3.3990710595724467,0.19863066387159997,3.1352012404402316,0.9982678294181824,train
2434,42,0.03015314883008249,0.18564244126149132,2.5158377981163835,0.1678101936796571,3.266866888983221,0.9996868371963501,test
2435,42,0.020875263845145074,0.11946617104415193,2.539300657989767,0.11605069603904705,3.8706864142258928,0.9963306784629822,train
2436,42,0.025307903819126638,0.1261714928566124,2.1294369488885114,0.15070675046309284,3.9295369306780716,1.0013313293457031,train
2437,42,0.04920858365165086,0.052550278091559655,2.7100400979316475,0.1257984260041539,3.6328333858441235,0.9977161288261414,ood_test
2438,42,0.041087497595144115,0.18186385983163317,3.351768109856195,0.17329545778159364,3.6656062652437726,0.9965320825576782,train
2439,42,0.020648492247220547,0.08333039178425183,3.406916018618508,0.11909729704505455,3.0932884446117486,0.9979619383811951,train
2440,42,0.02227483971387856,0.09499197455810302,3.7515512183810937,0.16408209105645422,3.264219844991628,1.0009443759918213,train
2441,42,0.020290989198261045,0.19105531682004057,2.4492699951407904,0.09424507143872496,2.6058718428093024,0.9985765218734741,train
2442,42,0.04085718815713131,0.0797815537556428,2.4370944903490184,0.11931313300470897,3.526226478549435,0.9984142184257507,train
2443,42,0.04970580255369289,0.16917597109765975,3.5666195150925977,0.135322757707298,3.515325311207101,0.999549925327301,ood_test
2444,42,0.039361607619143646,0.11308532584131878,2.3778058394582695,0.10653784169963004,2.578302697661674,0.9973396062850952,train
2445,42,0.031027722817383863,0.16895323969100356,2.1975591970243746,0.198555005936547,2.5832604357821736,0.9993498921394348,test
2446,42,0.029283205764605823,0.14992592653212355,2.983039102646191,0.13839137878935548,3.7052984545889887,1.0021085739135742,test
2447,42,0.038978984259505,0.1309358002316681,2.5631118186600257,0.1240964927695578,3.410302405345694,0.9991035461425781,train
2448,42,0.04204349079724051,0.1710849383265537,3.0780936582935077,0.1797670543633783,3.5618978691908896,0.9975916147232056,train
2449,42,0.03296880496286839,0.07724302285666582,3.6147461661339335,0.1110573297278745,3.5160152296505305,1.0004290342330933,train
2450,42,0.03448098245961946,0.08433235890774851,3.7941037274125797,0.19485232835153357,3.7199311800589645,0.9972860813140869,train
2451,42,0.040589786184431244,0.06893784866416466,3.8839395243264034,0.18691260500716764,2.7751403134045085,1.0002987384796143,test
2452,42,0.03567439809752798,0.18170589748493765,2.489793173236099,0.16807706870533418,2.5904683020486448,1.000557541847229,train
2453,42,0.047240427753559106,0.11322580669032198,2.1707552724990626,0.08334233712665155,2.734835363908853,1.0004322528839111,ood_test
2454,42,0.03134640464665106,0.07643882851783412,2.351254236096379,0.10863547846953667,2.72251836545434,1.0001181364059448,train
2455,42,0.0406873772504326,0.09996697012627781,2.8817389511728964,0.1914221802728801,2.5386119667084346,0.9985291361808777,train
2456,42,0.0391910534332362,0.13470461341597617,2.4400102825880676,0.08104132176424739,3.796339225349355,0.9996210336685181,test
2457,42,0.04417520593409524,0.17242840788010125,2.732267347402586,0.16817216788046385,3.723862682324251,1.0008609294891357,ood_test
2458,42,0.03887456642651439,0.12952893816854372,2.495062682475668,0.13092451458208737,3.1076024114994905,0.9971826672554016,train
2459,42,0.02852213014719658,0.11977475063992062,3.5482258509008933,0.09039013829753,3.4326057018688916,1.0007494688034058,train
2460,42,0.04964475005958403,0.10348779237672973,3.9636986188676095,0.10525157256289042,3.682467503606558,1.0018784999847412,ood_test
2461,42,0.031379787775459925,0.19927965444624174,2.85780393169032,0.14813509237836045,3.9182180207503343,0.9969807267189026,train
2462,42,0.02348753047134726,0.12314433326869408,2.3447760612046338,0.14675270497294898,2.585375689669897,0.9996685981750488,train
2463,42,0.04299864940651084,0.1917037344976053,3.014780172906857,0.16835322238042977,2.7695261837380896,1.00214684009552,train
2464,42,0.020063954482815904,0.09832704374256146,3.3384999061368217,0.13569262604306548,3.597269941475246,0.9995172023773193,val
2465,42,0.03127790051313983,0.19851368467066205,2.835941008071864,0.17415410681314653,2.6433251487130556,0.9997502565383911,train
2466,42,0.03910272295491034,0.07027647539402214,3.612308760199359,0.12779910868869498,2.9320260093390536,0.9988820552825928,test
2467,42,0.047162783035584736,0.0890020951009994,2.925060680294736,0.08731808391440195,3.513826048298835,0.9989743232727051,ood_test
2468,42,0.04815373269895798,0.10619515275854527,2.3728029324145057,0.10399269141438429,3.5000226462411335,1.0014911890029907,ood_test
2469,42,0.028025371749328266,0.07584906916533601,3.1128828199817624,0.19970554972000448,3.681944999664217,1.0027215480804443,train
2470,42,0.047844227546374934,0.14555706202626528,3.574045302076942,0.08488349469947866,2.7043995697767294,0.999671220779419,ood_test
2471,42,0.033032613576582076,0.1727695590260186,2.286160197446595,0.08013308843473038,2.812860246933831,0.9995881915092468,train
2472,42,0.040242067683644814,0.1758729880831017,2.4477156946466776,0.18043561039928407,3.6487350383106096,1.0019042491912842,train
2473,42,0.022075057246466842,0.19040713214463612,2.267562290020522,0.08134786605249193,3.8215552145714455,0.9981341361999512,train
2474,42,0.04593085664187262,0.10436651791487003,3.1862925680767615,0.10920194189334087,3.1903541907189576,1.0012527704238892,ood_test
2475,42,0.04365841686912853,0.1488719469837106,2.0327965181434737,0.10258029961704979,3.03293856624854,0.9994834661483765,train
2476,42,0.031762591216750104,0.1347095541275556,3.670957744442437,0.19545053365867138,3.173063545434332,0.9987029433250427,train
2477,42,0.020548639252474084,0.1763059853703644,3.039945868696165,0.1392594722186506,3.101515582913279,1.0015393495559692,train
2478,42,0.04906130886118011,0.19274475544897168,2.4642026074569197,0.14839746660067843,3.1019279080183355,1.000499963760376,ood_test
2479,42,0.03839493174711398,0.18090385877046022,2.0881817869813095,0.11748946706936654,2.627110478192209,0.9985743165016174,test
2480,42,0.026871115723703813,0.19271211323578258,3.6654503154066553,0.18575440053657288,3.1447384256414446,1.0004527568817139,val
2481,42,0.02106507101054998,0.13477208784326622,2.7966359185435588,0.17532755965038999,3.1607730330444417,0.999435305595398,val
2482,42,0.04579251204684642,0.14294979637222738,3.047560072272519,0.12382529749057941,3.1074708637740507,1.0029785633087158,ood_test
2483,42,0.03729101665207147,0.14597846033987733,3.4825361558505366,0.18150537232532166,3.601994924054428,0.999943733215332,train
2484,42,0.023981499808765357,0.1339756256286163,2.205117600001517,0.19100291316956908,2.7011752875825574,1.0005872249603271,train
2485,42,0.030034372248696727,0.15310554409570498,2.491423933548755,0.11578401399143534,3.7706219168020265,0.9989352822303772,train
2486,42,0.04157792979197869,0.06538663219788819,3.4372439745074708,0.1835952713907491,3.218126428285635,0.9975713491439819,train
2487,42,0.03425508246862931,0.05004890661362013,2.009933073810549,0.11288455581672335,3.9725139917349295,0.9999755024909973,val
2488,42,0.02779278605699067,0.17812364810765163,2.3415661177842835,0.09390541183569051,2.9787183448930685,0.9991565942764282,test
2489,42,0.020086991403737507,0.10080117201602357,2.7594564249995823,0.11792464758270764,3.067023513755173,1.0002135038375854,train
2490,42,0.03828163839733854,0.14145067979681414,2.2280628061153007,0.09775497342183456,3.251339245543411,1.0023915767669678,train
2491,42,0.029063674104438376,0.09243885537833245,3.121968903406358,0.14694869256503384,3.548632948239314,1.0016568899154663,train
2492,42,0.04848892002535994,0.18826443187733005,3.1852837605438173,0.08821491437721903,2.8477797353715846,0.9994136095046997,ood_test
2493,42,0.046814995472125115,0.15889277939658442,3.393571477320722,0.19856604828832936,3.1577006829135783,1.0001370906829834,ood_test
2494,42,0.047288680495467104,0.1652759673958598,2.5072189134859366,0.1636353971787873,3.595207748792354,0.998974621295929,ood_test
2495,42,0.027514123838787524,0.057842012945662276,3.7319347331920345,0.18667128194291083,3.472749346990383,1.0025920867919922,test
2496,42,0.04246474667252785,0.0637508895377649,2.6962939756858857,0.15325248235991823,3.400416326925582,0.9979436993598938,train
2497,42,0.04821484294603036,0.07952202903750007,2.2598335772974107,0.12369099206541387,3.0231515534037814,1.0005059242248535,ood_test
2498,42,0.03215872575272595,0.0721362922591276,2.3062846797501892,0.1947555131342914,3.3756833011458482,0.9986748099327087,val
2499,42,0.03874848867835279,0.14108193609799596,3.1579646186902894,0.172165348181257,2.520681523096746,0.9989272356033325,test
2500,42,0.04986723765823828,0.1627124565405974,3.175978304768722,0.10150478322421091,2.590278730362897,1.000962734222412,ood_test
2501,42,0.044855598394702836,0.16846909969858087,2.612361376650633,0.13396259823122397,2.6103535686182706,1.000672459602356,ood_test
2502,42,0.03005071072790579,0.1114259219022454,2.3124102626649448,0.14504146450477517,3.205697083914348,1.0012742280960083,test
2503,42,0.023362508150300935,0.1783585005036692,2.804850932613669,0.19106775348164923,3.2348841470912815,0.9999699592590332,test
2504,42,0.02599667246900311,0.12974532361465219,3.915873301244077,0.10249169839331587,3.410453106323514,1.0005030632019043,train
2505,42,0.026778199945191244,0.189685086412324,3.8815545348556446,0.19629691386782122,3.0170086404373144,0.9999911785125732,train
2506,42,0.033871328120706166,0.13065376733109957,3.9066355296886606,0.13587136897241073,3.462612622985688,0.9982549548149109,test
2507,42,0.02793572201559887,0.1060140151831533,3.608802311886806,0.195819685465268,3.145950078146308,1.0000355243682861,train
2508,42,0.04976400634864117,0.13828587324545644,3.8466451218174935,0.1105673104523289,2.979377111232639,1.0007450580596924,ood_test
2509,42,0.022111896757384973,0.08245742239854634,3.7210340642297415,0.10661825507004363,3.2510081454077584,1.000638723373413,train
2510,42,0.032116314423663084,0.17130976663159886,2.8900534599729477,0.13851992945751154,3.538814273723517,1.0028682947158813,train
2511,42,0.04468241512122446,0.08297634400679885,3.0859441095186506,0.16446630683007576,2.9320710261425784,0.997207760810852,ood_test
2512,42,0.03851381849823941,0.13518773365967723,3.6779436380356234,0.08630662368402517,2.8293422325714745,1.0001921653747559,train
2513,42,0.023197079070248417,0.18252807629432521,3.243884971845981,0.18437387288594653,3.0417590695745007,0.9974949955940247,train
2514,42,0.04674532002565571,0.1591425137151845,3.1560021061050514,0.18589053722042248,2.9927888958158335,1.0008721351623535,ood_test
2515,42,0.03231187608951229,0.17179732832295988,3.263124325498578,0.19906400598912913,2.6769453998101693,0.9996851682662964,train
2516,42,0.041786957571776445,0.07522069794709198,3.6815606050145426,0.15880482948615127,3.087768933481779,1.0019581317901611,train
2517,42,0.04137457635646438,0.14041170209254938,2.5523715850599125,0.14315287607262578,3.6709199104666785,0.9989716410636902,train
2518,42,0.04894363697581393,0.09332837007099282,2.3570362370889657,0.09060760300895389,3.136523597329899,1.0001721382141113,ood_test
2519,42,0.022228256968749645,0.08433426204628566,2.2283781308716275,0.1830356997246436,2.581392464937593,0.9998325109481812,val
2520,42,0.0201166061381937,0.13148961426250955,3.7873036693649085,0.18642169652443188,3.4634688759542573,1.0012643337249756,train
2521,42,0.047518449679733836,0.077757771734582,3.564869803226213,0.17731426698834468,3.359206819767466,0.9981359839439392,ood_test
2522,42,0.031716496434525024,0.11422926830283232,2.2721483951832178,0.17102980948055221,2.5812561770285813,1.0019385814666748,val
2523,42,0.04760467930337463,0.054290840204994875,2.7807230125390756,0.183968091751454,3.0747088013810764,1.000657558441162,ood_test
2524,42,0.02951896440407325,0.06202252698138169,3.221428938543909,0.15611977685767717,3.4043538062657053,0.999896228313446,train
2525,42,0.03981189509648995,0.08502644041434293,2.827812062256795,0.1981727538481885,3.74377523105839,1.0031074285507202,train
2526,42,0.0275138304302312,0.19491540854205625,2.1239197411198267,0.11410332577562346,2.6415429197371436,0.9999891519546509,train
2527,42,0.026303092074923585,0.14380748011770317,2.495463480404344,0.11867500954737623,2.844231884040633,0.9988958835601807,test
2528,42,0.026065486247489996,0.18698982459317454,2.8387770426782337,0.09688492791573772,3.801790298789748,1.0035035610198975,train
2529,42,0.020902817343471835,0.1512555348039966,3.2228973779947223,0.159601407899933,3.612423040727635,1.0042483806610107,train
2530,42,0.04000670413227222,0.05523971113293501,2.8446178005715836,0.14869894275488782,3.8686287727010797,1.0001459121704102,train
2531,42,0.043803255572697986,0.18911399103505494,2.18813960389479,0.15382870696151302,3.9367560381132565,0.9967465400695801,train
2532,42,0.020412632636909848,0.10284772942896961,3.681135987033385,0.12847239794794996,2.8801582136978823,0.9990243315696716,train
2533,42,0.03469499809306377,0.0784557703055834,3.752722723944303,0.11531040527720271,3.134647822262256,1.0010064840316772,test
2534,42,0.04724048671819388,0.17856863667592426,2.4999418279623304,0.11104566929319415,3.092980060518717,0.9972519278526306,ood_test
2535,42,0.03632280902513728,0.054294740552855277,3.96201027517886,0.13099369241653835,2.628764611239254,1.000664472579956,val
2536,42,0.047103766370453194,0.05811614478036205,2.326692189841787,0.1319525724921689,2.794889564642692,1.0000892877578735,ood_test
2537,42,0.023099078462839137,0.1871612204593318,3.3186802296379847,0.15213434391542446,3.716147811730746,1.0008695125579834,test
2538,42,0.028415980113766354,0.10201084026167755,3.3619394437083576,0.08804625472376068,3.9837517215852323,1.000253677368164,val
2539,42,0.024582131881269557,0.16381228645897095,3.8792459171110276,0.19545664482761438,3.8095923606135766,1.0021333694458008,train
2540,42,0.02205285675688971,0.18789203935749194,2.623829678995887,0.12108960390351155,3.5207142424136495,0.9983597993850708,val
2541,42,0.047168175871979016,0.08148512662374272,2.7970914859653164,0.1343762141401091,2.86925210528395,0.998188853263855,ood_test
2542,42,0.025151176694037634,0.12929696438124905,2.4906209075852797,0.10317575016899466,3.1341839029222713,1.000192642211914,train
2543,42,0.03621485480334646,0.10561968073734156,2.475830483050262,0.12959416781687916,3.718657130265154,1.0009527206420898,train
2544,42,0.03218539180362413,0.11388411322050832,3.4050545537937094,0.09674276736851017,2.5961117976545713,1.0001838207244873,train
2545,42,0.042969377187090804,0.060032202380078524,2.442329760250987,0.1748387473401828,3.1339190088398787,0.9993954300880432,val
2546,42,0.041200533224654314,0.19939852573741296,3.7113059668340287,0.1488686784631305,3.9984620525297014,0.9967330694198608,train
2547,42,0.035226955659195695,0.19676899536287829,2.1147687787951,0.13856804928867827,3.7651590428208856,0.9990912675857544,train
2548,42,0.02519085780953919,0.12688636019236219,2.8486189381844236,0.10875498468617043,2.689466212659902,0.9997665882110596,train
2549,42,0.024197483952070113,0.15767693174334424,3.4212437594293315,0.14951927124114756,3.3383536640589857,1.0015003681182861,train
2550,42,0.036034223825550465,0.16934056562601432,2.4505276579974327,0.11419871031878018,2.899313486811333,0.9999229907989502,val
2551,42,0.040297172377187565,0.1998370050260987,3.2966303970485478,0.10565697342542373,2.8488188570272035,1.000157356262207,val
2552,42,0.03662209132788461,0.180538989289329,2.5499607818772776,0.1908513277482174,2.5443092266198675,0.9996249675750732,train
2553,42,0.039000255393636815,0.1843118809529103,2.1133585260259973,0.13420756752000845,3.0350024198969137,0.9978213310241699,train
2554,42,0.022415405139455936,0.18311026829480787,2.606612640981252,0.10959057402680267,2.664912673086661,1.0017623901367188,val
2555,42,0.02214501168667391,0.19996520176379362,3.4210806447503366,0.08753009833277546,2.828647770190671,0.9991390705108643,train
2556,42,0.03195964523636166,0.06416487394348258,2.816262971415273,0.13879476769504187,3.0275404909649897,0.9982908368110657,train
2557,42,0.03766433598832916,0.1436142983688732,2.8735875863851774,0.09401957695139972,3.728624516477314,0.9998067617416382,train
2558,42,0.03249949908849976,0.18565442965716916,2.904173802524772,0.18325891542973055,3.411788824517625,0.9993191957473755,train
2559,42,0.0331815220832301,0.1870009151643292,2.654206225978175,0.08837471341281987,3.2545409776138743,0.9994114637374878,train
2560,42,0.034147026316391334,0.16871669066901274,2.6481696083219513,0.15597955941610325,2.7318164490561223,1.0012414455413818,train
2561,42,0.04262785054609429,0.08335414593432094,3.443804499994231,0.14729186333004435,3.7201046966309033,1.0006616115570068,train
2562,42,0.03560249604975606,0.18015339238723888,2.139622358616265,0.14351280930401097,2.5389994064698707,0.9986569881439209,train
2563,42,0.04918194184874604,0.1776349661184013,2.7878424065278384,0.11597473311917808,2.5389060680492146,1.000230073928833,ood_test
2564,42,0.045523996054431345,0.16268060979932236,3.474104883580937,0.18106496366444094,3.872514747584702,1.00149667263031,ood_test
2565,42,0.02698571091115355,0.10185536987487843,3.411214429622225,0.11165614340195351,2.8141300120996284,0.9993138313293457,test
2566,42,0.02041038112895363,0.15727517262762514,3.3617592164752916,0.1126102227861105,3.3856030537880146,1.0013269186019897,train
2567,42,0.0362915961593298,0.17532654742785808,2.8572494985486436,0.0973150906051933,2.5951270659925814,0.9993271827697754,train
2568,42,0.030227349516016584,0.06337152046982418,2.652717386591359,0.13430554016536017,2.887879807106195,0.9987640380859375,train
2569,42,0.04475321862868757,0.08131801485573667,2.1692274698236385,0.13472204328754703,3.3424161613658185,1.003906011581421,ood_test
2570,42,0.03085998194701094,0.06930806323100594,2.4036242168881587,0.11406524371170199,3.6335715281038983,1.0022459030151367,train
2571,42,0.03730885469628427,0.15698454979522591,3.795568587601551,0.13123083520932155,2.568583186111037,0.9992382526397705,train
2572,42,0.04462509169428061,0.1419046733547469,2.855625961031403,0.1875364112738855,3.8051119612051236,0.9991788864135742,ood_test
2573,42,0.028919573476392145,0.1997223634086726,3.213137139121141,0.14225587744145246,3.356617301133805,1.000568151473999,train
2574,42,0.03556185098033361,0.15075362177347917,3.491150650458639,0.18653833529707475,3.105970110931011,0.9990243911743164,train
2575,42,0.02599647115422568,0.06772554039287329,3.425434497611348,0.11081333448538692,3.8237948890303057,1.0002496242523193,test
2576,42,0.028660741401456292,0.13099632370339678,3.2238197763535865,0.18297807805812705,3.977264306706994,0.9986874461174011,train
2577,42,0.030214299177701305,0.13085081874183854,2.4440575024923037,0.1234308660221593,3.9452282415385334,1.0024436712265015,train
2578,42,0.0368145622301998,0.1589033451655737,2.984593290890984,0.08031175796927154,3.7605732858899827,1.0004527568817139,train
2579,42,0.036354485966897984,0.17332715951888827,2.279142100931744,0.10911691996788236,2.638144358947963,0.9981284141540527,val
2580,42,0.02013437886746753,0.17438731090241574,3.531324271157861,0.16483068089645098,2.796898924939587,0.9975088238716125,train
2581,42,0.04102273288106807,0.1189774314797828,3.9324036421289676,0.15277871948820426,3.391560757442474,0.9999955296516418,train
2582,42,0.03448810629879745,0.052242985965869015,2.697604567741306,0.08462099924330856,2.701674899740414,0.9999814033508301,train
2583,42,0.047895094622531297,0.07998243070608463,2.5453058856166617,0.1867470808319095,3.83690024426196,0.9958456754684448,ood_test
2584,42,0.026968293159647785,0.18040777241331796,2.1062940770975693,0.16569068112475988,3.974558952362515,0.998171329498291,test
2585,42,0.03113687799835957,0.1570808383237271,3.5211346312319654,0.14848702541800443,3.5581968519148086,1.0004154443740845,train
2586,42,0.032108657129173046,0.13217886218929276,3.374911344467945,0.18062579478029445,3.305258512825959,1.0004972219467163,train
2587,42,0.03596038657973455,0.10846655244374057,3.3312547502456313,0.09397984160722564,3.7673723714694933,0.9993927478790283,val
2588,42,0.023251279767761153,0.1987231503779101,3.696030088393816,0.18393010573050367,2.7195619071544677,1.0014543533325195,test
2589,42,0.03713456466992501,0.15690878557669607,2.8565636189784773,0.12244227341380061,2.5755457970482554,1.001114010810852,train
2590,42,0.0490778074829203,0.09961909342797573,3.4400869197255046,0.15856174536265003,2.9380817536902373,0.996453046798706,ood_test
2591,42,0.03441397937425128,0.1292209102131447,2.0423970439326604,0.1776987114633385,3.642317646412071,1.0024356842041016,train
2592,42,0.046322459068065244,0.08528581050668588,3.1398278801135993,0.15582764033603047,2.7085287631765587,0.999003529548645,ood_test
2593,42,0.025234671222552716,0.09649384037898877,3.99138511075494,0.08110310310007562,3.372976755347871,1.000795841217041,test
2594,42,0.03508459920996927,0.057401946719709086,2.160997545108809,0.1948995387699699,3.065695749537003,1.0033504962921143,train
2595,42,0.02976947619931744,0.1302793638764519,2.510655567063301,0.18097650848157437,2.6452105626424145,1.0010719299316406,train
2596,42,0.04770027056976829,0.11768940162103053,2.8468483678314067,0.0913357358109719,2.796060263448349,1.0001790523529053,ood_test
2597,42,0.023370432791358954,0.1080868422049002,3.5526143677535584,0.16342273209260916,2.7945534107270853,0.9985948801040649,train
2598,42,0.033041982512493684,0.06185503710969513,2.092249691357683,0.12559976476941248,3.304501260959122,0.9998431205749512,val
2599,42,0.03291899619301216,0.19293221273478506,2.012110744991671,0.09344626904001932,3.3602412262442876,0.9995144605636597,val
2600,42,0.022624420406215515,0.052929326566596005,3.140649440785279,0.17012775731631913,3.8293370150206303,1.0029575824737549,train
2601,42,0.024463869022966066,0.17090036679582238,3.651129000135624,0.0879363924178066,3.0209740397016644,1.0000531673431396,train
2602,42,0.038558772478864356,0.17017157347578205,2.0559505716081823,0.17993166156079954,2.5420702943317983,0.9996072053909302,train
2603,42,0.030186335148251735,0.19848068672702984,2.99816753439361,0.13522734278959925,2.7993032751085387,0.9998878240585327,train
2604,42,0.037835708039644644,0.08429452437090793,2.8870272450500463,0.11936495297707253,2.5549394835537904,0.9989282488822937,test
2605,42,0.03435462640093104,0.1358968806636972,2.7320018938161077,0.1228552908607222,3.4238720074118905,0.9975600838661194,test
2606,42,0.04539547365124896,0.16002566363660886,3.0422117686147416,0.13924009087228478,3.033995478993467,0.9982408285140991,ood_test
2607,42,0.044377361417642536,0.1312342882944988,2.230105666659685,0.14881197055458129,2.7363397088795396,1.0011663436889648,ood_test
2608,42,0.04430182922104009,0.05812886469485032,3.1153760501348646,0.15458946022741094,3.0854578954563934,1.000692367553711,ood_test
2609,42,0.04970223235924298,0.16724094936852982,2.8977769015461634,0.09548332674806427,3.7579171211113596,0.9984191060066223,ood_test
2610,42,0.027300636244029616,0.1674656083337596,2.790516649117035,0.1975618850743397,2.848177925071658,0.9989556670188904,train
2611,42,0.03194643523591393,0.056970810330804755,2.5278937579897747,0.1600399948023781,2.7507007120099676,0.9994106292724609,train
2612,42,0.04217016638591489,0.11823017636980936,2.708396130559504,0.17035197043772532,3.50576757518882,1.0017825365066528,train
2613,42,0.020011367994126138,0.11118951263704416,3.8523043774360133,0.10594275607141138,3.8722577899192165,1.0010530948638916,train
2614,42,0.044941908873703765,0.15242758150905672,3.8350633674795196,0.16776627392586452,2.7393418661372846,0.9986974000930786,ood_test
2615,42,0.02001234000920085,0.14007541147540006,2.887318539158695,0.17353282953384497,2.8628401980625506,0.9998036623001099,val
2616,42,0.04840535656986307,0.16261283264160958,2.4437772270250937,0.1490173133786982,2.797191038776537,0.9977623224258423,ood_test
2617,42,0.026829489909479882,0.10170852717313754,3.6750269516632326,0.190424276221203,3.8989630131203983,1.0015252828598022,train
2618,42,0.03444538782399461,0.0894755138542827,3.548725014153252,0.17492638636051477,3.267819985106216,0.9964901804924011,train
2619,42,0.04334833011207671,0.136470133199461,2.1414744970555084,0.13742553477676026,2.9126644112695614,0.9992575645446777,test
2620,42,0.04878261116226862,0.10717378576852589,3.7621783692537063,0.17059489212349924,2.6238038415147327,1.003097653388977,ood_test
2621,42,0.04227188786460124,0.18077359903508133,3.7141175691001234,0.14341365455946875,2.80265701783572,0.9991025924682617,train
2622,42,0.04030960873596093,0.06929965609422868,2.6959170222358804,0.1431853812160126,3.3028496050284897,0.9978498220443726,train
2623,42,0.030549440017431127,0.09536488009133137,2.5487432528825718,0.10901501156409726,3.507465129466926,0.9991658926010132,train
2624,42,0.03156764735255882,0.07516670617473545,3.0276478863290635,0.17429696364820674,2.8745551596248333,0.9985854625701904,train
2625,42,0.034584589047507205,0.09722709171605262,3.477805662490482,0.16020997016795196,2.89335865589993,0.9988935589790344,train
2626,42,0.028797625955828764,0.1780259391704485,3.8782205189268413,0.1847078304078984,3.542750956390764,0.9968734383583069,train
2627,42,0.02705596205102384,0.061470283773858755,3.471509126350857,0.15476175568089096,2.923584857460412,0.9995229244232178,train
2628,42,0.031366171376378316,0.08400249311749444,2.6602243521483993,0.14689142056025212,3.485047271410724,1.00035560131073,train
2629,42,0.04341939549420451,0.1065733886903652,3.0872352226236806,0.17572067911318362,3.1212547699736826,0.9977591037750244,train
2630,42,0.022898012926198,0.17715878368801935,3.0974795479213073,0.1615431936887817,2.6048655685417783,0.9992555379867554,train
2631,42,0.020048875793043933,0.08830013496508418,3.0263427310933473,0.09190351667197291,3.924814182182832,1.0012753009796143,train
2632,42,0.0276654820549851,0.1540288286433958,2.8735788378144433,0.14845602132249128,2.894713776447007,0.9992822408676147,train
2633,42,0.027058933020228115,0.1546049466778559,3.874728677977706,0.11517773636583586,3.214554606204066,0.9988007545471191,val
2634,42,0.04867407303952198,0.07562133302830697,2.544476470136975,0.1332804708442499,3.9826624299092215,1.0005378723144531,ood_test
2635,42,0.04806770939778751,0.16754279748488188,2.4133774813728337,0.16385629904012783,2.814308109412982,0.9982359409332275,ood_test
2636,42,0.03702678573469535,0.0646162293708099,2.7739628856426006,0.17879570950827606,3.788715624663652,1.0017659664154053,val
2637,42,0.04513239156111706,0.08437712195837538,3.1800223624276756,0.11136008851408732,3.9186287835224967,0.9994723200798035,ood_test
2638,42,0.03357569801973409,0.12754598322767263,2.563247023069802,0.11308158444016647,3.730917957175075,0.9986662864685059,train
2639,42,0.026257742801459125,0.17189762324988261,2.5291262071118985,0.11045672599774957,3.441338928815696,0.9976938366889954,train
2640,42,0.047649133997090753,0.09363446709361536,3.2405256541679455,0.10532159889028242,3.203174168307104,0.9988181591033936,ood_test
2641,42,0.02805596996688113,0.17701724114135992,2.4273705154310536,0.1039192843778722,3.479344486776676,0.9981406331062317,train
2642,42,0.03036955071630347,0.17040625512049484,3.5886938715722665,0.12928985526976677,2.6077467980053837,1.0003325939178467,train
2643,42,0.026347831640278683,0.13086670491674673,2.038157766262679,0.12938419740731266,3.6733662257484063,1.0003225803375244,train
2644,42,0.04481762485974185,0.058639877341538214,3.6423215808721014,0.19089904918484796,2.8182180282548615,0.9985604882240295,ood_test
2645,42,0.04564092306747963,0.0945710141027991,3.6419423702103533,0.1951769056930064,3.8181846890120656,0.9998478889465332,ood_test
2646,42,0.021106078181013226,0.053060038529109885,2.651491385533206,0.14682532065085183,2.689504614621471,0.9992482662200928,test
2647,42,0.03186939834289599,0.15851594657576273,3.1672325305973663,0.15043822765652026,2.8330322346664825,1.0013148784637451,train
2648,42,0.03660232340186578,0.06790664531703326,3.6461363240191,0.14252056999862783,3.7267102997723334,1.001068115234375,test
2649,42,0.046137407218077006,0.1337154688387669,2.5679262823103217,0.17689188128371436,2.512161943382056,0.9996427297592163,ood_test
2650,42,0.04006817917068113,0.10392728406111956,3.372836517118526,0.17262758850121918,3.6503003400823264,0.9990639090538025,train
2651,42,0.026175444846067236,0.17481464888793197,2.397568616315672,0.17007901337708964,3.1173095230133834,0.9995878338813782,train
2652,42,0.04995658562670577,0.06779738960614871,3.676660097692668,0.11255113534466436,3.634287497814607,0.9966595768928528,ood_test
2653,42,0.047189717211474254,0.10587230443206812,3.4963808667030527,0.1737603497793076,3.4149786362333203,0.9995180368423462,ood_test
2654,42,0.0362353353926612,0.17887057188909955,2.7244194169138938,0.11385230692791512,2.978670717635635,0.9991474151611328,train
2655,42,0.04539739271060028,0.11475059236300683,3.7411560286594794,0.17708559582180888,2.5031308496813507,0.9992464780807495,ood_test
2656,42,0.020697582751783253,0.13605911510618568,3.306824600103042,0.1584949735552324,3.6967169834521902,1.0044664144515991,train
2657,42,0.03134399395196476,0.10867111542497417,3.1400172176285306,0.11874274905944054,3.506441877046443,1.001481533050537,train
2658,42,0.027952250942161534,0.18135951469360517,3.829744085719467,0.13065445084187588,2.6514467295226085,1.0005898475646973,val
2659,42,0.04989365475134176,0.050920394198668395,2.6198126005897255,0.1241130148623667,3.2142171872611307,0.9983855485916138,ood_test
2660,42,0.024028591853975517,0.19360008738023565,2.715692061362843,0.11570876444051016,3.9160112642678624,1.0008472204208374,train
2661,42,0.03332229493973062,0.06798999740384634,3.9585018027206686,0.18709465951101,3.2616224601797494,0.9976343512535095,train
2662,42,0.03418946005665276,0.0661052409736461,2.3604103652281467,0.14910942225706209,3.780868025041694,0.9979327917098999,train
2663,42,0.046807807095560504,0.1622216470912914,2.565274941808758,0.08092908370548549,2.533482226802851,0.9990554451942444,ood_test
2664,42,0.027197857494524635,0.17385418111630993,3.818507061313312,0.1521957013320801,3.9543721263048943,1.0032018423080444,train
2665,42,0.03470877675094638,0.1354444629492054,2.3994810614273696,0.137130254312141,3.408759389329731,1.0012402534484863,train
2666,42,0.04281585744667155,0.0854620529166469,3.2079231409021025,0.14999004243331396,3.7980011649439263,1.0009740591049194,train
2667,42,0.04305065208074642,0.14855980331451157,3.354159110966031,0.18685371328196718,3.5781135401385056,1.0014344453811646,test
2668,42,0.04765869728294807,0.1092448641521448,2.1070071978926483,0.10017576715492454,3.04516181901719,1.0010684728622437,ood_test
2669,42,0.03310831343358801,0.062359832692635064,2.314282227230642,0.1130126476773933,3.529167184618135,0.9992769360542297,train
2670,42,0.030125054753593575,0.1349453816856968,3.054067510560688,0.19804247398662966,3.432155697379852,0.9992056488990784,train
2671,42,0.04079644638251455,0.07768521616521641,3.245469856752683,0.11595539160415846,2.5089552040224303,1.0004658699035645,train
2672,42,0.021849027844936524,0.19810056442988483,3.487195315700594,0.14619734567465015,3.9979527344022707,1.0050530433654785,train
2673,42,0.04539500721625146,0.16803423259241268,2.0627406117928593,0.16156452330953291,3.923180174340313,1.001619815826416,ood_test
2674,42,0.030482667894883426,0.18842230877724914,2.691508239149292,0.1565735823312982,3.622055712222713,1.0004849433898926,train
2675,42,0.023909707296045447,0.16425025783178823,2.5009509493710462,0.1186194567547139,3.1180393173365477,1.0007038116455078,train
2676,42,0.020284770605588438,0.08247174042039015,3.077034698500111,0.13178756238070977,3.274717903451326,1.000077724456787,test
2677,42,0.02372575440538409,0.058867738425569915,3.9123068227223863,0.16574857676706967,3.2620123748648986,1.0003232955932617,train
2678,42,0.030353000569301777,0.1475716893188021,2.229571133396732,0.09442521928706292,2.9270251443625908,1.0008622407913208,train
2679,42,0.04424489726113247,0.17316514483730377,3.449567575162659,0.19762413765272302,2.5322548209937947,1.000969409942627,ood_test
2680,42,0.026935828384695215,0.1789951717582856,3.7775550859743148,0.18061432802897243,2.8577087516071438,1.0024521350860596,train
2681,42,0.03626493733039425,0.06270582853596113,2.8867395450191875,0.17123400780147885,2.5108122690127788,0.9989951252937317,train
2682,42,0.039679543671601154,0.07833634385857911,3.699518704025177,0.13512542426500038,3.1791893493854815,1.0012415647506714,test
2683,42,0.045657479228558034,0.18779147492343962,3.9214837369531637,0.19849650798701496,3.172315727146499,1.0001572370529175,ood_test
2684,42,0.028393356102381705,0.1028132126603409,2.759531782433097,0.12071607816489757,3.6566344933898,0.9979515075683594,train
2685,42,0.04077941990624058,0.07526117474941438,3.7919438914387085,0.16308799831276743,3.595408828685013,0.9990930557250977,val
2686,42,0.046955568907669304,0.09311861421728321,3.6249950444912287,0.18093156912479585,3.2305874451681404,1.0006639957427979,ood_test
2687,42,0.034915515904798494,0.09982659218793694,3.3714593500228234,0.14200562231792968,2.934478614891063,1.0004210472106934,train
2688,42,0.02688195723484215,0.11010145887789634,3.1863366056293514,0.16963391405063435,3.5548830287153743,1.0004591941833496,train
2689,42,0.02437835299919464,0.17610607690757213,2.9401670708391494,0.12141598468520591,3.672713999628211,0.9982544779777527,test
2690,42,0.049049207287764865,0.1130880080465782,3.664193971509656,0.17814190560693505,2.835395466028118,1.0022132396697998,ood_test
2691,42,0.03900396781201555,0.08066490287121605,3.0972749443123546,0.0879759502998226,3.9821256838827925,1.0005030632019043,train
2692,42,0.04163902379493668,0.07724533322699167,2.8075999477676143,0.14198479592466975,2.847092704799058,1.001387357711792,val
2693,42,0.049985959869195795,0.1852243711504915,2.1069619757654405,0.16612902589759165,2.6267264254324996,1.001294493675232,ood_test
2694,42,0.0430024067139646,0.18586609301440404,2.7181598841669405,0.1424248772626385,3.1672185115141067,0.9988698959350586,val
2695,42,0.04017483752390688,0.1802393040758964,2.717937648736553,0.10268271970809469,3.6531153018507188,1.0002491474151611,train
2696,42,0.04533440826882866,0.059061654398912075,2.6109893354073996,0.14978504573543416,2.9537165215558185,1.0011457204818726,ood_test
2697,42,0.02033366554465404,0.1549438508076712,3.228977413899524,0.13376848708240333,3.9338129834116695,0.9975808262825012,train
2698,42,0.039810626450562644,0.06016004569290917,2.050516942108853,0.10190477385496063,2.8236126236831565,1.000326156616211,train
2699,42,0.032409729656421984,0.178393918771735,3.0048441122705234,0.1801241908524511,3.443377688126318,1.0000197887420654,train
2700,42,0.03495395740297696,0.19076421434288826,2.620409831242007,0.15043332440045953,3.5828706073274956,0.9988501071929932,train
2701,42,0.025146429615351608,0.06038688433092973,3.9475533876674027,0.1305251770998219,3.6263606911620547,1.0010216236114502,val
2702,42,0.04921218473673524,0.12880049079723277,2.1429734365701165,0.09252788515889122,2.569560410612378,0.999083399772644,ood_test
2703,42,0.04155689804277674,0.1808440355869429,3.654523742934937,0.13108529616115472,3.462904589934542,0.9991950988769531,train
2704,42,0.03956131979405872,0.07894274052761131,3.029789090568554,0.12299249141063706,2.702970715098693,0.9998000264167786,train
2705,42,0.028061438096448087,0.07323838493812507,3.3737497052887457,0.1388913420369933,3.324017995263561,1.0002782344818115,train
2706,42,0.03357768262499564,0.16194257420720526,3.5459056946243406,0.1974288641678369,3.400012964259104,0.9995557069778442,test
2707,42,0.028343398741935078,0.194187132098525,3.1650155926605996,0.1195689962092131,2.842898828187943,0.9994382858276367,train
2708,42,0.04282694759300912,0.08260207563779198,2.4974814368731515,0.181572611032685,3.3404880443754092,1.0010745525360107,train
2709,42,0.03782776737356894,0.13027361643537375,2.8465145836091024,0.15803804029595725,3.3914874632635605,1.000088095664978,test
2710,42,0.04558172993722605,0.13420617841967208,3.1506782198829484,0.18710201734796927,3.519611922714753,0.998013973236084,ood_test
2711,42,0.03129309512279241,0.19532992824684187,2.4720882481580193,0.13637013125172553,2.9291472180826146,0.9987235069274902,train
2712,42,0.049300724378985514,0.17009615959986146,3.8975002128647387,0.10517102306067702,2.65248129866116,0.9991523623466492,ood_test
2713,42,0.034576387537029615,0.18954724075524887,3.7062660558913216,0.18771787009701818,3.8702871394389406,1.000502347946167,train
2714,42,0.03965982603543995,0.07148636244190626,2.578192473789116,0.18637154699934544,3.5305931842443825,0.9975898265838623,val
2715,42,0.03244757991153137,0.10820460651503055,3.8154894780115782,0.1930981855704544,3.7587886994804554,0.9989960193634033,test
2716,42,0.040493012082740906,0.10200986119475952,2.4566892317039137,0.152487107606053,2.9508241996847064,0.9998260736465454,train
2717,42,0.03501975435638307,0.14983898802785062,2.566575598227565,0.1859622068208982,3.4751858110609857,1.001305103302002,val
2718,42,0.03088034210318675,0.07169248788182622,2.818224183586959,0.13863354637544825,3.8773626945328807,0.9998199939727783,train
2719,42,0.046256348024280684,0.133874405202667,2.8019463647126304,0.19030339604896257,3.873439763101094,0.9986631870269775,ood_test
2720,42,0.04751859570464845,0.060652235113243635,2.9413611080801196,0.17266174713451254,3.9671887828378094,0.996698260307312,ood_test
2721,42,0.03838980153737303,0.13131860296756215,2.976112006049262,0.14902358353431627,3.6097526400417093,0.997602105140686,val
2722,42,0.0364751945362754,0.051632985670792206,3.1923500871284487,0.1660387777439558,3.7659633108537323,1.000586986541748,train
2723,42,0.049410067096686425,0.09059141956475059,2.7502713059544504,0.11176427335769402,2.627905729653613,0.9994075298309326,ood_test
2724,42,0.04635245276417492,0.13599553726415659,2.1461575340954555,0.12331676974310045,3.0281251520883155,1.0012485980987549,ood_test
2725,42,0.022925925236236183,0.1922312758077393,2.725204257429704,0.16499578750604707,3.844568587490282,0.9974961280822754,train
2726,42,0.0454958418500002,0.15825042563607652,3.0235670858802433,0.18697352429235314,3.145633164942165,1.000034213066101,ood_test
2727,42,0.041439882777096565,0.06000076718692734,2.8591673369822574,0.15763597504415827,3.0344890141818954,1.0007014274597168,train
2728,42,0.02645546280704815,0.13261574270105742,3.7847361575247724,0.15056293748131447,2.5325296527104415,0.9982916712760925,train
2729,42,0.04699828257616534,0.08721902864391257,2.5527942425273267,0.15291816508184308,3.9253535052175335,0.9983100295066833,ood_test
2730,42,0.03731964981695627,0.08918606567268439,2.6734584389882743,0.11715905802486443,2.6647860292079826,1.0001208782196045,val
2731,42,0.02586888324957122,0.1366377504234963,2.712523105956904,0.11305311113064967,3.5056048773912796,1.0022680759429932,train
2732,42,0.03237860643523407,0.09411155817388543,2.4365143364960815,0.11036968164477187,3.3538013491940557,0.9993258118629456,train
2733,42,0.03714799543573799,0.1530013059822754,2.160179881931848,0.167075062482718,3.468898574026045,0.9987169504165649,val
2734,42,0.035008920454202105,0.13597482786279488,2.117947645676426,0.13471955782981887,3.657681583345366,1.0026700496673584,test
2735,42,0.020526097409771592,0.05918587495017249,2.4710665086227457,0.09432033602256781,3.869759362329352,0.9969151020050049,train
2736,42,0.03557739261413137,0.1008371424654524,2.4740368268379163,0.15580516941137007,3.4830413088633536,0.9998323917388916,val
2737,42,0.027149952616791914,0.05745995426321657,2.4885745549113847,0.16706378451280846,2.976614151893352,1.0004503726959229,train
2738,42,0.033045983350379435,0.08806770456652935,2.3350016562653573,0.09210174315457331,3.2241248482868508,1.0013412237167358,test
2739,42,0.03712838296540327,0.15344565075221234,2.681655877674774,0.1612241563148937,3.2505616941049977,1.0013483762741089,test
2740,42,0.02940837206398537,0.06741473028245996,3.2427670694575146,0.16978542229420468,3.5343164427149167,1.00126051902771,val
2741,42,0.024988239807311324,0.1503482960182677,2.8304521069288784,0.08054530041779681,3.2959678590506503,0.9998689293861389,test
2742,42,0.047564653016648445,0.1029711815671841,3.8952242758842397,0.09930027234849614,2.7261481618827967,0.999610960483551,ood_test
2743,42,0.039463541478402905,0.12187889562034403,3.699619543449667,0.17212436547744425,2.5924541026412964,1.0018327236175537,test
2744,42,0.020629018620796025,0.13883036075923574,2.097621296419364,0.17088521256646771,3.4847921066589524,1.0007073879241943,train
2745,42,0.041577276124375284,0.12491634862634686,3.7796990491287894,0.09429235023756309,2.564334331794843,1.0002321004867554,test
2746,42,0.030665551902846755,0.055531589826104524,3.4739070695161924,0.16286103679110842,3.4236787262278954,0.9975763559341431,train
2747,42,0.031270018931191836,0.05850534378020319,3.9004034836908326,0.12461703799320854,2.6898441348651683,1.0001153945922852,train
2748,42,0.03244724554902279,0.13125632295098996,2.500799560258223,0.19405880526956654,3.673884692034326,1.00233793258667,train
2749,42,0.03049952788167607,0.15713169853637912,2.642128699985797,0.18014119570083975,3.0471325755983845,0.9990984201431274,train
2750,42,0.03245072310368477,0.10050875523415065,2.737965248767547,0.14964828865537438,2.6784275045364483,1.000989556312561,train
2751,42,0.020349891644730785,0.17931475197862107,3.332805338859054,0.12869599651041322,2.551126242754777,1.0008742809295654,train
2752,42,0.02185559187047557,0.10979968449336275,3.9734821008254784,0.17276052715765897,3.22598617725202,0.9998893141746521,train
2753,42,0.03917345667959421,0.09982784269356765,3.318631259647056,0.1340233336091385,3.2734231069889255,1.000225305557251,train
2754,42,0.035990992768027384,0.17077704898339924,2.109371082826172,0.09533105617418412,2.5677619397390865,1.0006834268569946,val
2755,42,0.02635663986826596,0.11443155036692006,2.0456943725493386,0.09497440586573325,2.9128130257951352,1.0006486177444458,train
2756,42,0.026567766042773187,0.1602024057417456,2.9634537649789667,0.10757500621824634,3.7642381258650413,1.0021544694900513,train
2757,42,0.038239460031167787,0.1252194216382247,3.7945727822520667,0.15895620210887745,3.436510688031736,1.0023813247680664,train
2758,42,0.02186068131724578,0.19922208045407253,3.13914774499944,0.1102421402985039,2.629469294918507,0.9998325109481812,train
2759,42,0.046055466787672125,0.09572753716462659,3.7602640823711453,0.13563423040348896,3.659073266408802,0.9994262456893921,ood_test
2760,42,0.032228696523335335,0.19514903355928104,3.0915779153892347,0.17610936974044006,3.4985971738363464,0.9982495307922363,train
2761,42,0.04214315615891276,0.10212571142993417,2.739752487365954,0.16352026794276425,3.0520687143023615,0.9995811581611633,train
2762,42,0.03727723226763363,0.10589094272200056,2.151955318077298,0.15033722889923543,3.524045037642155,0.9995405673980713,val
2763,42,0.024081056254330727,0.10211392530735254,2.7354393932266072,0.13299101276062675,2.7520323606341313,1.0002899169921875,train
2764,42,0.044436054945656625,0.10882844296660077,2.438615103359788,0.1897572334489856,3.018998507687823,0.9991598129272461,ood_test
2765,42,0.03133985490751004,0.0710416924357104,3.715899535463935,0.15664527946856943,2.598118894264445,0.9994799494743347,train
2766,42,0.04044607959167691,0.14891789453628962,2.7446963745383024,0.19057011485093373,3.6975011183512096,1.001713752746582,train
2767,42,0.035282852816857925,0.1788403844837787,2.1216348930887827,0.12302841054803693,3.429099360667017,0.9973452091217041,train
2768,42,0.033835464249340245,0.07455601546960247,2.2025520660841282,0.1317395046740164,2.776918517110907,1.002128005027771,test
2769,42,0.030110878906238835,0.160491571065206,2.665790523090819,0.1492846033723107,3.4273591294804393,0.9991102814674377,train
2770,42,0.04560624020148445,0.1952058791913664,2.2479815277737116,0.17570792570395552,3.5088436197853605,0.9986308217048645,ood_test
2771,42,0.030066262727826993,0.18204556834589586,2.696248633657466,0.17529296523435065,3.0884084331833668,0.9979988932609558,test
2772,42,0.02454852554899583,0.07630816671013677,3.0036332993379,0.09014389707407214,2.816683946662396,1.0000206232070923,train
2773,42,0.037574957336772796,0.13288793253464817,3.3957698343449954,0.1689539523553144,3.7357918273046016,0.9966363906860352,val
2774,42,0.03159502147924226,0.18442140275099222,2.34278639936858,0.09768381748762073,3.005509989643577,0.9978401064872742,train
2775,42,0.028496443405034957,0.07135005931297934,2.377676382825191,0.09858337756783173,3.0385850324293506,0.9997149705886841,train
2776,42,0.03666687009695134,0.1626467509130109,3.0291149846055334,0.12166753363035657,2.7043545593654406,0.9994615912437439,train
2777,42,0.02018710511103079,0.07041511346277395,2.4910163038483972,0.16575712612929416,3.8459052350421707,1.0015596151351929,train
2778,42,0.03754955549249897,0.09175529660058601,3.8845565623991587,0.08449274632167977,2.531301862181871,0.998862624168396,train
2779,42,0.03937196690965035,0.14968534857633956,2.0104419577266657,0.17454408570479488,3.2185394721923264,0.9985417127609253,train
2780,42,0.04436564353647227,0.05393803974222264,2.835059307179121,0.19020730221564358,3.7816817405960843,0.9983855485916138,ood_test
2781,42,0.024993153074169806,0.11414063759787914,2.9933346745097054,0.08215262482311547,2.632991257677188,0.9980572462081909,train
2782,42,0.02540050677725956,0.07605725230644703,2.0037573102176847,0.09277590036490228,3.203131940390825,0.9976279735565186,test
2783,42,0.030065150104169644,0.07103755032094318,2.531454444169799,0.14297660044049165,3.7528759205240307,1.0036852359771729,train
2784,42,0.025532574643847002,0.0838177363809441,2.64376275736456,0.12112029244584313,3.2631963003341227,1.0001485347747803,test
2785,42,0.031888189653079685,0.16471283803551773,3.6646118362336657,0.14238124105775293,3.7027979920543435,1.0002796649932861,train
2786,42,0.02052533577624936,0.18693304590680654,2.9689704138319586,0.13847204952409478,3.405859375344531,0.9997353553771973,train
2787,42,0.028576303519781427,0.0687033955826033,2.4913375149755037,0.1714384038652242,2.6934154260934053,0.9985193014144897,train
2788,42,0.04620352355355045,0.08068927505944685,3.0298926012062912,0.08472193457967274,2.6134124661066993,1.001546025276184,ood_test
2789,42,0.04951529358030348,0.057629744541833824,2.3456628826594974,0.12582340737797137,2.851831366593547,1.000241994857788,ood_test
2790,42,0.030862731098357337,0.16312099080045195,3.342970658230098,0.11179780029774385,2.766523343008222,0.9995141625404358,train
2791,42,0.021933034610395353,0.17611080057256473,3.199478805732922,0.08542028483603838,3.2806924918048885,1.000786542892456,val
2792,42,0.040471307834574755,0.07575412305951071,3.3394374337332136,0.10708583124071236,3.2239659055808048,1.0018645524978638,test
2793,42,0.04677087119750159,0.19358724935785604,3.5750227264889167,0.1955357489844632,2.794446939725163,0.99790358543396,ood_test
2794,42,0.04680540111267226,0.05016479620814618,3.9338123109274195,0.11285770508961414,3.269620809676698,1.0022695064544678,ood_test
2795,42,0.03090637411423889,0.08199650956399546,3.4768087768529767,0.18126270550823448,3.5360025773044903,0.9969924092292786,test
2796,42,0.029761259122221856,0.13403620754810547,3.6210377011386843,0.17698774370413556,2.75194446339672,1.0012544393539429,train
2797,42,0.02660891508049789,0.16802861427298194,2.7493009152596617,0.13062051456736973,3.5011892042616473,0.9996459484100342,train
2798,42,0.02091243447910707,0.050557174695257896,2.0287915488501493,0.17813315964869675,3.7194197784655296,1.0015735626220703,train
2799,42,0.030799619184643082,0.13753721326408486,3.518729557138972,0.10445118368446862,2.6331737550816645,1.0005743503570557,test
2800,42,0.03410058623796271,0.181286813964802,2.589194278869913,0.15540612812107252,3.8522960101599195,1.001558542251587,train
2801,42,0.02367112335924207,0.1226631634701517,3.8729078134152966,0.12894161230067103,3.9055156325250984,0.997826337814331,train
2802,42,0.04904488683441316,0.16191202730169035,3.6348381001190706,0.12808058422530968,2.89439473213636,0.9989244937896729,ood_test
2803,42,0.022876266625814032,0.15211167505146544,3.6910219338001813,0.18502689299969788,3.5198292061984837,0.9996626377105713,test
2804,42,0.03768694081994698,0.06338723982615248,3.6013957609997256,0.1383295936233988,3.5548467819484664,1.0007684230804443,train
2805,42,0.032040801126643204,0.16806326649378284,2.890516110476352,0.12925836624502654,3.3158874306508315,0.9998194575309753,train
2806,42,0.04956892908482934,0.06624797912504984,3.560125289793433,0.12627109423919225,2.738663687999209,0.9993259310722351,ood_test
2807,42,0.0299896098759841,0.1536832844808052,2.8113914664479847,0.13892064651562017,3.7791236671927475,0.9992948770523071,train
2808,42,0.029869582570620293,0.16019436278004562,2.5448418663877925,0.15836790510972326,2.998845571641794,1.0013854503631592,test
2809,42,0.043997338274699795,0.1689653159532306,2.440243724439851,0.18057235331571928,3.982902873312714,0.9976787567138672,train
2810,42,0.04179200054879846,0.1955000555625252,3.5480270427470257,0.13713182709021976,3.7540475593960707,1.000219464302063,train
2811,42,0.03488609120806965,0.17659783604779083,2.9999806593490117,0.13203383486754586,3.3694320341117576,1.0000871419906616,train
2812,42,0.04028059571315812,0.05820528085207543,2.095246583089815,0.16179997685455838,3.601503597200804,1.0050114393234253,train
2813,42,0.020383294445922864,0.1682173553434372,3.314198268215293,0.09120784947105615,3.8634264926837667,0.9973517656326294,train
2814,42,0.03634650990797539,0.15836119297979592,2.4275732142768836,0.08201895878079192,3.086989494899964,0.9979947805404663,train
2815,42,0.039689565786297024,0.15402625606956707,2.306505968956711,0.1646468829725093,2.6779978547173418,0.9998924136161804,train
2816,42,0.026577498855567903,0.19689642395983303,3.7904608796793955,0.13203250830893298,2.844556405744025,1.001187801361084,train
2817,42,0.044421490931940394,0.18576739032978307,3.9048338620908187,0.1464889554717445,3.133230471214366,0.9983070492744446,ood_test
2818,42,0.021985915796904607,0.14991839502057724,2.7431629496235788,0.14485020505723853,3.545685814049114,0.9979772567749023,train
2819,42,0.02786897758958152,0.13519804940134322,2.1188119046887053,0.09989685211647671,3.966233516620653,0.9997788071632385,train
2820,42,0.021777734228680515,0.08875413682557198,3.546185732128439,0.11415559911935519,3.4407841503115133,0.9999129772186279,test
2821,42,0.021990444059528762,0.11084487498771467,3.749719213789988,0.185511424832791,2.5815595953007837,0.9995759725570679,train
2822,42,0.04945768622876315,0.0656600107808108,2.112734219596154,0.10022587647733572,3.874260618066405,0.9966210722923279,ood_test
2823,42,0.03969286735257187,0.07869781021136614,2.6643980940079874,0.10831846382920678,3.7873018841682655,0.9998126029968262,train
2824,42,0.021384739674045306,0.07085527593051255,2.2994834334588248,0.172979134502323,3.4004835048753184,1.0007401704788208,train
2825,42,0.02854904644132209,0.11388798484429336,2.4792547144216166,0.08678193384258806,2.8015708229258993,1.0016484260559082,train
2826,42,0.030565633761147494,0.11004629118611742,3.238673626954476,0.1173536735123307,2.8837377154899904,0.9989945292472839,train
2827,42,0.0323512108117814,0.09666038203714744,2.1382674194343707,0.10074679517891412,3.7987666016400348,1.0040565729141235,test
2828,42,0.04399190623649539,0.08848531184600222,3.233233179328298,0.0861044943010223,2.5725703615869846,0.9995823502540588,train
2829,42,0.04876951398509838,0.10859290165252466,3.946413676940768,0.14059604207257181,3.140029777756336,1.0014820098876953,ood_test
2830,42,0.038921009508357446,0.11424052981973772,2.3557486531158185,0.18048066616058223,3.0766903723294527,1.0007145404815674,train
2831,42,0.02364966631376502,0.0653422576626415,3.0548754703990246,0.0938017871910321,2.7299654050393967,0.9989217519760132,train
2832,42,0.03563752318766461,0.09740277501221581,3.1031911537735333,0.1916193005084648,2.9806854442787194,0.9994573593139648,val
2833,42,0.038865317373095135,0.15484884663496268,3.6428540552507407,0.08797372977782221,2.553651794109714,0.9992085099220276,test
2834,42,0.02152205672731199,0.060186016123341284,2.7400728861067414,0.09967015604468742,3.6818965027445776,0.9965522289276123,train
2835,42,0.045388483806463875,0.07922656331530378,3.885008023723457,0.19730848780816274,3.799999917085393,1.0011705160140991,ood_test
2836,42,0.04082142409645102,0.06384047284310383,3.7232305900310423,0.12110048380127594,3.8096505727049728,0.9978020191192627,train
2837,42,0.02757397534343014,0.17782624433992328,3.894029319517264,0.08987394186999834,3.5007936326934264,0.9993970394134521,train
2838,42,0.024777215917207086,0.17080611602670825,2.6466128700517646,0.19237192176676218,3.7518917092008692,1.0008012056350708,test
2839,42,0.03199579334764187,0.11384198823071459,2.3732036759965833,0.19221067548328674,3.5568558353862327,1.0017850399017334,train
2840,42,0.03401541026646615,0.18655859481620696,2.5797066107111224,0.10111232040672148,3.8311527420163856,1.0009026527404785,train
2841,42,0.02858536342305104,0.09144247536357238,2.8381385464928077,0.19805866056624433,2.9489299478479634,1.0012600421905518,train
2842,42,0.049674683129100033,0.16639969896962392,3.5335458009912184,0.18969521637216788,3.156045124962362,1.0000534057617188,ood_test
2843,42,0.04028939848252626,0.10710312601423004,2.0945078728552273,0.10648218147574272,3.933422258163534,0.9994556307792664,val
2844,42,0.03803977305917518,0.17901256629673856,2.6388749728496794,0.11290683187457218,2.657686334272328,0.9997702240943909,train
2845,42,0.02437515470319475,0.08029647691247405,2.8382554769038855,0.09271653797948798,3.2927710183431147,1.0001373291015625,train
2846,42,0.04729150076152227,0.1958044884587099,2.3270127858743344,0.1468847785016555,2.645525667346522,1.0006637573242188,ood_test
2847,42,0.026655272667283327,0.1616134317793152,2.130209562152019,0.11176374519521631,3.6778231379783475,1.0017244815826416,train
2848,42,0.03177635770092455,0.10557364769087392,3.997908357922739,0.085844308748292,2.835417958474931,0.9998896718025208,val
2849,42,0.022530904260430897,0.18585191992314842,3.2280767875561476,0.1312435658402677,3.6783247530723537,0.997972846031189,train
2850,42,0.047099769788119576,0.05539669899367409,3.030063156245943,0.13229493279861715,3.9644190962298573,0.997487485408783,ood_test
2851,42,0.03151336744781353,0.18921175308948945,3.2534993845724096,0.09668906196468294,2.8060283183968764,1.0009230375289917,val
2852,42,0.030162743514448587,0.08773330644302227,2.466046879202407,0.1700328895995713,3.4162570426961314,1.0011587142944336,val
2853,42,0.04668337913641851,0.15326371686459767,2.7676081400606334,0.183252606490099,2.6747976100662654,1.0002199411392212,ood_test
2854,42,0.04828313364156126,0.19956428164037376,3.765751640881337,0.082246901260188,3.494335739342183,0.9990922808647156,ood_test
2855,42,0.04107290415979093,0.14790606887807908,3.905601449498771,0.15406844462312164,3.923824010118692,0.9994099140167236,test
2856,42,0.021369982357099436,0.114439451503677,3.6652129650227483,0.1261201781249573,3.9828763149979087,1.0031794309616089,train
2857,42,0.041447005312573434,0.1782274894173108,3.0475158046300925,0.19005268283496451,2.9760125722497714,1.000022530555725,train
2858,42,0.025498981973398123,0.19657023390426986,2.275396073591396,0.17102096309093734,3.3546199049031573,1.004073143005371,train
2859,42,0.03197460123607725,0.051566428972689024,3.9361918012736905,0.15851074328566045,3.5367234446349816,0.9972213506698608,train
2860,42,0.049897077529513466,0.06678736207379175,3.4517474408843887,0.18386435254539235,3.2380399434499454,0.9992607831954956,ood_test
2861,42,0.03466015263702948,0.13420304870535799,3.089128143146468,0.16251545122900385,3.3365533214627376,0.9981216192245483,train
2862,42,0.03706034909166378,0.16610327761599336,2.735248860754509,0.1826990552425728,2.8378076438545348,0.9993691444396973,train
2863,42,0.041214137906892295,0.10494165425102525,2.151057525440435,0.11913941176582976,3.404035678250205,1.002153992652893,train
2864,42,0.045977710096620786,0.06508431824956022,2.0564681431366516,0.088188188306518,3.7288634428701566,0.9999151229858398,ood_test
2865,42,0.028017065885030654,0.1111257696979199,2.7414711692500986,0.14454339770554328,3.168661158667369,1.0022979974746704,test
2866,42,0.027735321233490057,0.12431439644127566,3.1372890871206054,0.19516959532357822,3.405150850822646,0.9983697533607483,train
2867,42,0.0387440420841242,0.05988036473595906,2.6163354484793158,0.1598859140400002,3.265470933467787,0.9966268539428711,train
2868,42,0.03980292330903512,0.1550956970343214,3.81428637058911,0.16881585493272808,2.895124452980467,1.0016974210739136,train
2869,42,0.027735958198607382,0.09002181112960553,2.482332051620279,0.11877620464744805,3.831336840846431,0.9972836375236511,train
2870,42,0.032211978121098606,0.07609628218537398,2.6653705150210194,0.12761380282919288,2.634091483207037,0.9991958141326904,train
2871,42,0.04245935618592815,0.17863331260644627,2.6792636683680056,0.1866832494384185,3.127794701413441,0.9997022151947021,train
2872,42,0.02589753516126638,0.16285680341850772,3.796038486926385,0.14304384875766746,3.4930724747436086,0.997786283493042,train
2873,42,0.03789293406777018,0.16621756211158792,3.950157793509483,0.10457546913671821,3.0028822136650066,0.9976637363433838,train
2874,42,0.04844392469297093,0.1456596377241992,2.6984950520342226,0.09689817794048027,2.931532506138609,1.0001287460327148,ood_test
2875,42,0.033463105823440815,0.14657316035856,2.90400910045861,0.1298806517354565,2.845082067418098,1.0003116130828857,test
2876,42,0.020783005334243224,0.1725432288099502,3.5619790803921,0.13261995051340839,3.332476511239261,1.001824140548706,train
2877,42,0.028229522560540406,0.06706589423612105,2.3331273749612857,0.09670009363012902,3.6266961091597354,0.9952343106269836,train
2878,42,0.046968577357923966,0.14661473526680052,2.9226354478480685,0.11665863323194928,2.9540018645524366,1.0004143714904785,ood_test
2879,42,0.027566079006364916,0.18397691787178738,2.675652046957092,0.1987121553728286,3.226067542178889,1.0015696287155151,test
2880,42,0.039785801194116815,0.070756498615827,2.3907907285634638,0.10643050312575304,2.6912151191031706,1.0005236864089966,train
2881,42,0.02678974391850418,0.08347078508559114,2.77313281427252,0.13347450671248376,2.651335800538385,0.9995740652084351,train
2882,42,0.043724380165306095,0.12465222982791783,2.3018462129594894,0.08654772883766715,2.6310202603627393,0.9993032813072205,train
2883,42,0.027932693156933766,0.06210472551946867,3.2063436723345466,0.17299846911952044,2.970101597929363,0.9986064434051514,train
2884,42,0.020289937674742426,0.0638343599842378,2.1288306694972894,0.17905959816644487,2.7996435607285144,0.9998925924301147,val
2885,42,0.04008229900742703,0.1782039464475752,2.719449480579894,0.1276779844250289,3.7143497696077166,1.0020487308502197,train
2886,42,0.036815024414409855,0.19528553289135847,3.1537895866587387,0.14044896480010022,3.3422413466990784,1.000201940536499,train
2887,42,0.02422451076872144,0.08843633864526251,3.996394229180388,0.08728912151747664,2.763241204407875,0.9998807311058044,train
2888,42,0.042958131385192916,0.11495799806793235,3.806935950209154,0.09343996957595713,3.132681891454765,0.9998252391815186,train
2889,42,0.034106620391707275,0.14347991580580707,3.738372461118188,0.12124227327111728,3.734465082319228,1.0020281076431274,val
2890,42,0.04694677526434143,0.14354444822018245,2.9267357223494326,0.08175013363690542,3.5535252970730187,1.0016374588012695,ood_test
2891,42,0.04324774883641977,0.1123696557509773,3.3166269331956957,0.1690898596642485,2.64921506094747,1.0007215738296509,train
2892,42,0.028186616765023147,0.17469098848065287,3.7024123628499046,0.08212657685511562,3.7823668989320103,1.0013275146484375,val
2893,42,0.03813341315048922,0.09695325028458253,3.4282248464840492,0.11623219207166445,2.8058150656043344,1.0007628202438354,test
2894,42,0.029467375681033997,0.0963172000087787,2.1225026899557773,0.11674631934377239,3.6096182939528383,0.9992188215255737,train
2895,42,0.028459885003206665,0.13226081245979415,2.83661309819791,0.08013371642119914,2.9960338893264957,0.9989000558853149,train
2896,42,0.024618937904172612,0.19135188023637584,2.3202892407723716,0.1988706874058473,3.4786320358592913,0.9987236261367798,train
2897,42,0.022200356317668604,0.06171301300083483,2.4537556739147552,0.09712652080740955,3.2394881776432434,0.9992010593414307,train
2898,42,0.021614862870202475,0.11988366116772511,2.9488672764946333,0.10266966527383783,2.562500818106864,0.9978688955307007,train
2899,42,0.04426888090891674,0.1793889659049005,3.8351109637678684,0.16653586186786207,2.6623828017247746,1.0012706518173218,ood_test
2900,42,0.04524309739317976,0.11563197148477466,3.9303148544025,0.09717468001900645,3.4938507833676242,0.999485969543457,ood_test
2901,42,0.04150063661442062,0.081565321526326,3.5215247684733155,0.18162208778631206,2.934402188637664,0.9975013732910156,train
2902,42,0.023682118404803564,0.05141808337648913,3.154538798894338,0.14515336996829287,2.920527355604079,0.9981521368026733,test
2903,42,0.028297249033452897,0.09051973092367809,2.284041186875949,0.1675717271642952,3.2611942909717975,0.9978200197219849,val
2904,42,0.029629970866104867,0.06577871477950598,3.2249840305204076,0.19445585772298826,3.0268455990132033,1.0001966953277588,train
2905,42,0.036406017368245114,0.13543762265630735,3.6515291638847254,0.15815264940728269,3.6713832465879657,1.0002667903900146,val
2906,42,0.04780049828759414,0.11464001989959492,2.29495473922728,0.15895139543037018,2.8734161964638045,0.9986304044723511,ood_test
2907,42,0.04492466272839281,0.05878310390653087,2.186583311230539,0.19079692074649546,3.7266504644096017,1.0006588697433472,ood_test
2908,42,0.020168757217946545,0.15915520697087931,2.907206692569525,0.136714050481888,3.614460630766371,0.9978376030921936,test
2909,42,0.032735123284433496,0.12069806697772109,2.3703694619124245,0.15326016100062106,3.0274283978646683,1.0000436305999756,train
2910,42,0.04292395597625495,0.05315456842446445,2.6741247521004374,0.10070168021855122,2.667830106880103,0.9998984336853027,train
2911,42,0.029771039374257825,0.09857526096612329,3.911830017184692,0.14798445637744798,3.950769274616823,1.0002872943878174,val
2912,42,0.023968197601380112,0.12422762253422961,2.2963344069277296,0.14744384751009573,3.5688804457098295,0.9982624053955078,train
2913,42,0.035164684319559214,0.0776756449406156,2.808014367532855,0.18542916391661843,3.3990659880305336,1.0017683506011963,train
2914,42,0.028247889749051944,0.09789170149970366,2.8249129726384314,0.1866950327312692,3.4862067713557945,1.0003560781478882,train
2915,42,0.041082160888031974,0.09606626167218374,2.3632486313162597,0.1842552378049907,3.8892885184565804,0.9988365769386292,train
2916,42,0.03752429684094734,0.16744313769001662,3.6389110610335225,0.1152386467851445,2.6127220567595835,1.0005069971084595,train
2917,42,0.02088542399438214,0.17801563583505703,3.1199677407525845,0.09625822399062553,3.572566103669386,1.0042695999145508,train
2918,42,0.03986033187400271,0.07872203552046536,2.1404226994152626,0.13771070773125782,3.44239346198717,0.9985373020172119,test
2919,42,0.02419516602194992,0.050543951828249216,3.0442011914266534,0.1550476698262892,3.9209599229652397,0.99798184633255,train
2920,42,0.03449077774086598,0.16286455878833817,3.9986612973891633,0.16125093086572018,3.791295295186657,0.9989860653877258,train
2921,42,0.029263968182592116,0.11168343041453578,3.067774746160195,0.08861654818701928,2.561860742579115,1.000157356262207,train
2922,42,0.048050847948318806,0.09119222735655635,2.983718692728212,0.11939085678083977,3.6550695857177113,1.0001170635223389,ood_test
2923,42,0.030935865379600545,0.10419258028275,3.2252093008125087,0.18589209013757,3.84496881990302,1.0000672340393066,train
2924,42,0.04423487442773415,0.07140181120062421,2.611047939541735,0.10198105196263019,3.1465240075444507,1.0016709566116333,ood_test
2925,42,0.02931812936238866,0.11934158696233614,3.6182752145402657,0.15870706332049545,2.8420631222120813,1.0014252662658691,train
2926,42,0.045233657919601954,0.1613351327805892,3.8688832380919527,0.12072779616067304,3.4116966562603874,1.0004072189331055,ood_test
2927,42,0.022308315033770895,0.09001460915085757,2.262119847400669,0.08340123225624804,3.5350202305210288,1.000309705734253,train
2928,42,0.02424360428522379,0.08491131327583692,3.294907368831031,0.15080161036045328,3.160929771121453,1.000091314315796,train
2929,42,0.02461693642907982,0.12727503594855805,3.612725621084535,0.1395721085303908,3.270563450160871,0.9999303221702576,train
2930,42,0.03778632701122832,0.07594162900290895,2.667710260556882,0.0909712282576427,3.5493387519020168,1.0000193119049072,train
2931,42,0.04467380813319162,0.07108840564845813,3.691264339318286,0.14932985706637542,3.165228434451588,0.9986855387687683,ood_test
2932,42,0.03314720403305192,0.13191928875695777,2.186994031491925,0.15405610549753085,3.1922476239295348,1.0015349388122559,val
2933,42,0.04276808384588493,0.10147249301263177,2.910256775033215,0.08256617383983958,2.557396627308831,1.0008474588394165,train
2934,42,0.0249846623832522,0.09313018249244624,2.7129731101932957,0.18467454729636273,2.567665498793534,1.0004804134368896,train
2935,42,0.02833932654053768,0.0678679503950202,2.54889922529059,0.13626452956246693,3.834455856455653,1.0016512870788574,train
2936,42,0.03008506618024996,0.08372719517942237,3.345693959918669,0.1991531370706021,2.732569241628163,1.0009418725967407,train
2937,42,0.021309999084716397,0.06315754753794503,3.8464422217247893,0.11273767721665387,3.3931808892306305,0.9999778270721436,train
2938,42,0.04231726650902791,0.1090544653877018,3.9676575804520846,0.1323815228936657,3.8834877269962558,0.9980518817901611,train
2939,42,0.03489014699035794,0.16939941501667216,2.7637972271599436,0.1974430233102069,3.115777705277824,1.0008232593536377,train
2940,42,0.0253713777292007,0.15504047254023268,2.6667065663065115,0.14650311135470812,3.230988956935736,1.0003623962402344,test
2941,42,0.02830538130751884,0.15710870307486413,3.004551996638994,0.09477109334193853,2.8599833518394866,0.999287486076355,train
2942,42,0.023196492409895523,0.13650910860451385,3.0368487555096833,0.19772653994650163,2.867524407303921,1.0000920295715332,train
2943,42,0.03523360463224727,0.060993592080267396,2.8139318326806713,0.12174993803098375,2.690224031097299,0.9991713762283325,test
2944,42,0.030264946018649746,0.07933441646004258,2.7714895653156884,0.17708637715847905,3.679946167629445,0.9972385168075562,train
2945,42,0.03162105939402394,0.13043123695363323,2.548741229378014,0.14863014584159642,2.5804236901232493,1.0009229183197021,train
2946,42,0.04674228106042723,0.15518804072938594,3.679427265599649,0.16072609858652717,3.7047075605754953,0.9964516758918762,ood_test
2947,42,0.024611327807492256,0.13292977297031788,2.6545948246717535,0.16290857752625926,3.7926604840789406,0.999799370765686,test
2948,42,0.032487280443071774,0.07193965116688736,2.855830722438031,0.1891757446326638,2.8300239093657833,1.000673532485962,train
2949,42,0.03201102850650177,0.058389171364840745,2.4482114086168907,0.12897616886476476,2.8622066090850864,1.0000364780426025,train
2950,42,0.03972519526407729,0.13117708373176168,2.0007723137149824,0.12971361140918308,2.867149061261414,1.002834677696228,train
2951,42,0.041234014258929544,0.12614568283603655,3.0500173997961397,0.1078524173844773,3.270712065698412,0.9998723268508911,train
2952,42,0.03108465600626914,0.08051702710022314,2.2607719957141583,0.13191669497090042,3.01722935571251,1.0018788576126099,test
2953,42,0.028098982939965583,0.16831881571519508,3.5233928797653844,0.15544267513091953,3.6828082637281776,0.9996457099914551,train
2954,42,0.028279296853291502,0.1698983701094073,3.1767461694294115,0.1521309931842847,3.5523972622446767,0.9997506141662598,train
2955,42,0.048100714997305546,0.14172705922078777,2.031227317660627,0.16841384022109956,2.731824008130082,1.0022656917572021,ood_test
2956,42,0.021905851715153937,0.194322721492801,2.980782962734536,0.0935897287656574,2.9917571411223975,1.0002092123031616,train
2957,42,0.04601751603764617,0.16110116902571076,2.300949215046863,0.1393281218485915,3.422745558304222,0.9986433982849121,ood_test
2958,42,0.044756911167496694,0.11780304285416378,3.188237663875092,0.18895089472230747,3.4269907627114415,1.0001955032348633,ood_test
2959,42,0.03984369015941819,0.19288724593333312,2.6996937858118537,0.18143176425866117,3.0104398155853227,0.9991729259490967,val
2960,42,0.023886038994016253,0.19095013608857553,2.8040969487673997,0.16934611622543466,3.5716303262798346,0.9963692426681519,train
2961,42,0.03478570213181671,0.09299420031585737,2.8280863710244786,0.13905580020653394,3.2161285089872265,0.9995166063308716,train
2962,42,0.03825879857968539,0.1467490509930498,3.930726682980805,0.17079656310775104,2.53706330352208,0.9998064041137695,test
2963,42,0.038165826028094624,0.09278979562978244,2.0380601072211824,0.10448766447872274,3.3027942211705543,1.0004417896270752,val
2964,42,0.030968899162746956,0.08491707142555005,2.823492580701825,0.11577921949472716,2.7028347515813165,1.0008845329284668,train
2965,42,0.021362287911248223,0.0534652250124593,2.946937951074055,0.19348502437641307,2.779342711478184,0.9962198734283447,train
2966,42,0.025751933756850788,0.053449796571003176,2.255193354576683,0.16010378928287872,3.325927106583778,1.0013360977172852,train
2967,42,0.03797431812850857,0.1174799698355422,3.2301036883617646,0.17396161811704566,2.826582913757072,1.0006928443908691,train
2968,42,0.03473647875262398,0.13973521794266425,2.7030254353407406,0.15103521391708175,3.3139308279464306,0.9991483688354492,train
2969,42,0.04162247452509303,0.15374146429837232,2.662331689951813,0.15015724668528815,3.0679974377301704,0.9979629516601562,train
2970,42,0.03595879246444168,0.19239003359995616,3.3531353992494957,0.10166885926073042,3.914861084064758,0.9983094334602356,train
2971,42,0.02383963348004804,0.18793289126390827,2.490233717642268,0.18100231438586828,2.941146427663754,1.0012283325195312,test
2972,42,0.04435831293177203,0.13369277704079105,3.2537352096293954,0.14585572967681837,3.3423563876115834,1.0030815601348877,ood_test
2973,42,0.031663399158926415,0.06266369964128812,3.3127915555598717,0.12957114389216368,3.0749509999724807,1.0008976459503174,train
2974,42,0.02110032036266713,0.15044800862560476,3.5959793161351885,0.10257221084337229,3.7275440099392645,1.0002033710479736,train
2975,42,0.04855834931762669,0.0727087030024905,2.719885935955654,0.13083748888088761,3.4751602452235195,0.9998036623001099,ood_test
2976,42,0.02174266894393102,0.17028612994081974,3.3907259815475994,0.1838914229978325,3.184100732269432,1.000317096710205,train
2977,42,0.03529693430806182,0.07172966473439871,2.2797844404702277,0.12791557716018848,3.215613805882831,1.0007429122924805,val
2978,42,0.04742955774282249,0.109462338553584,2.4135447611208383,0.08692997083016486,3.149504618493648,1.0014324188232422,ood_test
2979,42,0.03485099039598255,0.0879781257479191,2.9600206425695594,0.12903341124553744,3.7271943553109628,1.0011944770812988,train
2980,42,0.04623194376579569,0.15382507529490205,2.874390904454678,0.1300747795527511,2.945427724598762,1.0018988847732544,ood_test
2981,42,0.02332745356074502,0.18251505492998044,3.6065218786951547,0.11466154281589047,3.758570047261098,0.998775839805603,train
2982,42,0.03629780368192275,0.15364074049135124,3.8713692510130207,0.15378549350681048,2.7209351826549213,0.9983636736869812,test
2983,42,0.02234016524404521,0.1835392394526772,3.173659272289866,0.12903186398341832,3.6718276158461114,0.9979524612426758,train
2984,42,0.03851852995761587,0.14222128310182974,3.0695993970539113,0.1361168918211033,2.6081051687402104,0.9997787475585938,test
2985,42,0.0489357706245595,0.0680201845573108,3.6052474965753922,0.11524607531669695,3.3132316811371396,0.9981402158737183,ood_test
2986,42,0.021854128896836866,0.18724628176901653,2.9684180863285246,0.17514510137439743,3.4763951139684437,0.9997743368148804,test
2987,42,0.02159815458039507,0.15981929939302295,3.427541482415479,0.14830134043171272,2.8962674815675644,1.0006394386291504,train
2988,42,0.04268175873726257,0.10377826997564837,3.449964888768044,0.17350620419630955,3.6914491750618605,1.0043056011199951,train
2989,42,0.04754266844480193,0.1376157272318161,3.1734966782374445,0.09081070591535147,3.4141224460488253,0.9972876310348511,ood_test
2990,42,0.03610306674441513,0.10854257961019628,3.845796963570275,0.11601555561044256,3.0311378769812394,1.0026838779449463,train
2991,42,0.030414620275897912,0.15006987127892674,3.3702254820744395,0.15468147456691506,3.723044937518318,1.0007123947143555,train
2992,42,0.025372528734681744,0.1807288544048914,2.3485137626353625,0.13889395694220785,2.648913020123736,1.000458002090454,train
2993,42,0.03199701663202596,0.05633867481856082,2.884320371738112,0.17953447474926787,2.7185475201108606,0.9993733763694763,train
2994,42,0.0399446159842642,0.14819419008052337,2.52303384562837,0.09586683055301114,2.7643053040579098,1.001036524772644,train
2995,42,0.025225380675912706,0.15081353233329772,2.9091143310735257,0.1146138820779189,2.821573910374627,1.0013327598571777,train
2996,42,0.04152603399483884,0.11899215001391851,2.8758012442784766,0.11874193615008534,2.6105496267797106,1.0001657009124756,train
2997,42,0.03911827115018965,0.06312699973943536,3.776713502975312,0.1156649207200301,3.5802267438723003,1.0023908615112305,train
2998,42,0.042842366790979684,0.051492362412317555,3.275492917211758,0.11079033494368945,3.6613914128314717,0.998633623123169,test
2999,42,0.04397703717712692,0.09226464693711431,3.99543888278664,0.10678861168948874,3.092915098672087,0.999750018119812,train
3000,42,0.03511150819235669,0.11763570155301602,2.3690385174076574,0.10743843320901289,3.533949061026666,1.0021607875823975,test
3001,42,0.03487306107359119,0.07554614446395405,2.9594887734402553,0.16198653201720292,3.9052320163469405,1.001591682434082,train
3002,42,0.044489971261560804,0.08611897955891887,2.1714838196979214,0.1101676979773897,3.498797468362741,0.9997251033782959,ood_test
3003,42,0.028976914099117783,0.14163127779831075,3.9752859390052153,0.09675955166112354,3.0404414597769645,1.0002496242523193,val
3004,42,0.04831688395880792,0.06858988897404777,3.997910528183203,0.11555611901547543,3.4526961264902853,1.000646710395813,ood_test
3005,42,0.035302969109764624,0.06348967608385223,3.728379182844503,0.13416816711425023,2.7043426458019586,1.0000678300857544,train
3006,42,0.02300173645457883,0.14589767011383217,2.639084045233718,0.17157822804778441,2.828280597921311,1.0000169277191162,train
3007,42,0.04164462170439122,0.13088181671742538,3.5292596599310073,0.17410502153768992,3.237206443406678,0.9995372295379639,test
3008,42,0.03707266338019941,0.10640427744419957,2.2329097232071957,0.1902412555706092,2.8779300646189707,0.9986774325370789,train
3009,42,0.03258444407484209,0.1488778899034267,3.648813983619454,0.17562876288260842,2.956231743826208,1.0003957748413086,train
3010,42,0.024547226125386155,0.08515731431498186,2.6027631181559236,0.19180901378891033,2.749981705746791,0.9970846772193909,train
3011,42,0.03168272729927192,0.1867116637478522,3.6275771075688974,0.12956244621665244,3.7339722975193887,0.9975025653839111,test
3012,42,0.034799184935620474,0.07865959484052579,2.3431549186066407,0.1680903390733065,3.039731861602085,1.0026601552963257,test
3013,42,0.04473115844906408,0.1098371951957085,3.7984406979548355,0.10805513024690339,3.2773996088012805,1.0003734827041626,ood_test
3014,42,0.038208030705622065,0.196782592016995,3.474961262902119,0.17503123981469781,3.5035110983740463,1.0008240938186646,train
3015,42,0.03976869856749679,0.1811766564185413,2.1583867847102365,0.17924799005837128,3.4085703104220553,1.0004045963287354,train
3016,42,0.04095897396421451,0.1101740030077625,2.373995351352262,0.1387118875810635,3.9410839491934313,1.0001311302185059,train
3017,42,0.04459154207807829,0.060145618618632435,3.423898691814166,0.10589295003103526,3.8804742226399638,1.0004199743270874,ood_test
3018,42,0.034058246754861,0.11160495397888327,3.5478685496181086,0.15260696615944286,2.575794383544552,0.999728262424469,train
3019,42,0.028546960148691576,0.0953211071316829,2.722219005729152,0.08091230767590857,3.237786113789323,1.0005950927734375,val
3020,42,0.020472803063522744,0.09191292461347281,3.4499809481275414,0.1809057561147759,2.753902101110974,0.9990358948707581,train
3021,42,0.04482820813861736,0.10187247215204588,2.4531100379765207,0.1728910073265395,3.083816912323072,0.9993771314620972,ood_test
3022,42,0.02694272287291907,0.16507833296734103,2.653550966589752,0.19976967487582914,3.7734142250657223,1.0014861822128296,train
3023,42,0.027379744827226972,0.08428712639500167,3.097960714688812,0.13480293215522002,3.5042288671197097,1.0011199712753296,train
3024,42,0.0259018877554448,0.08894560041509808,3.9759699173056795,0.1982746127673326,3.380618221941032,0.9992337226867676,train
3025,42,0.02532771088944214,0.06010828972675469,3.685714410414547,0.1459415551133616,3.116812466704234,0.9991869330406189,train
3026,42,0.03654308314844075,0.19128835228160118,3.8582808387683163,0.17190510731520386,3.202017350897739,1.0010714530944824,test
3027,42,0.04128167810872024,0.11506918191274439,2.9415025918244857,0.0824575153196519,3.3943225542680064,0.9999794960021973,train
3028,42,0.03557493682474289,0.08985139496450903,3.15656726943216,0.16448133164968798,2.9446987492899948,0.9976279139518738,train
3029,42,0.04907461549127289,0.08334727159861456,3.568305362840031,0.1860095833511899,3.9328103614225727,0.9985636472702026,ood_test
3030,42,0.04527736645130319,0.10371347009986057,2.2740497289810855,0.15175759225080024,3.365341982971115,0.9981731176376343,ood_test
3031,42,0.03896288800582092,0.08176389108967669,3.2429098854218035,0.15174772890689875,3.818831361167109,0.9999514818191528,train
3032,42,0.049460427381315154,0.14782715880816494,3.023031217392753,0.14714505877102385,3.915134043961697,1.0013607740402222,ood_test
3033,42,0.03899359182909973,0.0596079111110283,2.9827702489245658,0.1670442165699747,2.6623806077071044,0.9969464540481567,train
3034,42,0.02531877663834841,0.05518267052338018,2.4886031809196494,0.11106398659582206,3.25718942020878,1.00077486038208,test
3035,42,0.04587676089441652,0.09146432780651115,2.4720497629172145,0.0893900063316835,3.6668779725091842,0.9981321096420288,ood_test
3036,42,0.020372098029559704,0.11288000664868947,2.793152539910303,0.08310329774821204,3.399069630029566,1.0005979537963867,test
3037,42,0.04901359744752091,0.15591309550680305,2.1179638091379607,0.16439752401197416,2.6914988495447343,0.9986889362335205,ood_test
3038,42,0.026705665970747326,0.18363200401807772,3.7364447681794672,0.1649957895694506,3.6022588244428193,0.9987101554870605,train
3039,42,0.03562957820441424,0.11400335882986751,2.4350288344859568,0.18115910829564374,3.568536740220927,0.9984416365623474,test
3040,42,0.029758114941132653,0.19824463957598826,3.8581833152641303,0.08619156993595711,3.0090725518040737,1.0014944076538086,train
3041,42,0.02929067206390111,0.14636801286558657,2.6842390274067736,0.19115379998788984,2.629940474874137,1.0019052028656006,train
3042,42,0.03969359728731962,0.15190234713989156,3.8371985625597764,0.1671075177864359,2.9959211246227704,0.9987765550613403,train
3043,42,0.02717904145984145,0.08316567597965774,2.4972793524675923,0.08249078926139841,3.0045900527535863,1.001250982284546,train
3044,42,0.02024105799205577,0.08920990407375207,2.0934733237328436,0.15278365354467616,2.5388843323843755,1.001578688621521,train
3045,42,0.03829144566333826,0.07459135407877004,3.6281649307771104,0.13993444579434916,3.4257079556347585,1.002382755279541,test
3046,42,0.02928707184323536,0.05563069253762576,3.392223719102768,0.1054143550385365,3.0252882525977345,1.0010616779327393,val
3047,42,0.04177078342921515,0.05142851984646026,2.779800258000865,0.128733844988203,2.5199898298403625,0.9978406429290771,train
3048,42,0.03643017668084725,0.05359507247340773,3.8572894243798284,0.12215772309442957,3.1775114175620063,1.002014398574829,train
3049,42,0.027361130178941075,0.10502751212765607,3.4555981906596447,0.11921631225080051,2.987579611150343,1.002867341041565,test
3050,42,0.03478861897172552,0.08629322456928146,2.7083702745887086,0.09680511882630957,3.630276211859549,0.999594509601593,val
3051,42,0.021180275522259893,0.1951636283899949,3.9097361038365603,0.1259648195023802,3.444418524806933,0.9980131983757019,train
3052,42,0.04141407951632105,0.11556937696824186,3.9430957218884304,0.16435631158018615,3.190935668176282,1.0003740787506104,train
3053,42,0.025102458889811836,0.1845774267244405,2.4971540049493584,0.19784805068851985,3.73987943017621,1.00034499168396,train
3054,42,0.04952934581022178,0.1667610477030261,3.4082889418905715,0.13596133474600255,3.596081686836678,0.9995797276496887,ood_test
3055,42,0.04902807423429505,0.05650267155439358,3.122016760845421,0.10627125557517114,3.1194545986048166,1.0011568069458008,ood_test
3056,42,0.04030461317726115,0.1499849423741707,3.2247766548846823,0.18448754011437535,3.0428408505903692,1.0039299726486206,train
3057,42,0.046480011577417546,0.06420417873908585,2.180933268386511,0.14849541417349166,3.8287447043543192,0.9999985694885254,ood_test
3058,42,0.02825626773296571,0.15183025105439832,2.164460721251115,0.11359539009396391,2.726554373029091,0.9995851516723633,train
3059,42,0.021602277125340512,0.14978215883994256,2.5249062916901788,0.14400061992182484,2.794269959853456,0.9974061250686646,train
3060,42,0.022597622439868525,0.15462590291533984,3.029533864124049,0.19833465757049623,3.1747827135184634,0.9998868703842163,train
3061,42,0.030974643090154443,0.12715221933140397,2.2320764401509017,0.1519864053707788,3.215366360881696,1.0006768703460693,test
3062,42,0.0428732329147576,0.1409631791256299,2.7489215181393165,0.17072343500696335,3.237755645221604,1.0012786388397217,train
3063,42,0.021073080899200135,0.0735043941652913,2.282465341098021,0.11179920581399508,2.8266251534942546,0.9991433620452881,val
3064,42,0.02437491203081058,0.17554534979275277,2.983565628128187,0.18011935338713064,3.9496984587588253,0.9965156316757202,test
3065,42,0.0307732558777597,0.15228941192268985,3.3610263987297966,0.09476801720902372,3.8268065136930973,1.0006273984909058,val
3066,42,0.025419010698165295,0.15790220124034904,2.0591033124298392,0.18639524875156602,3.7286689608536516,0.9988250732421875,train
3067,42,0.029838112283788056,0.19513909894712328,3.241312947839801,0.11119808660948297,3.3180076095559934,1.0027027130126953,train
3068,42,0.04787348621459005,0.05522562152627717,2.3666699616249707,0.08460437954545401,3.6183336372058603,1.0002789497375488,ood_test
3069,42,0.046572467322088695,0.058348206419666246,2.561578772275557,0.1124065348004521,3.92279211146995,1.0018234252929688,ood_test
3070,42,0.03828211596305456,0.08720335455617167,2.282925683269096,0.12179198256452793,3.6507573969100076,0.9981561303138733,train
3071,42,0.04529498774047066,0.11362335532929838,3.3521253167039946,0.1516528003361163,2.865227430648707,0.9978166818618774,ood_test
3072,42,0.03583667512730171,0.05708392786070901,2.4948423831960405,0.10825500184534004,3.988305106811994,1.0022854804992676,val
3073,42,0.03629363797526682,0.16406942573052907,3.08962349026108,0.15379699035786043,3.312130759331796,0.9993901252746582,test
3074,42,0.036506650544284175,0.19272784034640839,2.0159548449560574,0.15429862440391484,2.6701509472334193,1.0023977756500244,test
3075,42,0.045453181607120925,0.11029952512453763,2.414845284170611,0.14891371712620088,3.7129571747184613,0.9999945759773254,ood_test
3076,42,0.025508108507280736,0.11666729733273332,2.204046717880106,0.16120665548673807,3.221518852873319,0.9992865324020386,train
3077,42,0.035443606879157014,0.1526535112288639,3.233049990901849,0.12018684671018451,3.072459426235334,0.9981008172035217,val
3078,42,0.026173693929906833,0.15863500672350495,2.968182383046269,0.1583912626728651,3.1105670591401204,0.9984122514724731,test
3079,42,0.03312345058158542,0.19740940866640688,2.5921743348137998,0.13643315245607543,3.6566532206566142,0.9990299940109253,test
3080,42,0.023508279879934958,0.16026256799574384,3.2215143041595313,0.1203804673661345,3.729569994915746,1.0013186931610107,train
3081,42,0.02837087827856366,0.17707089655527647,3.654525097433583,0.10058854672209083,3.848065562517409,1.0005278587341309,train
3082,42,0.025708129891825884,0.15932305407358588,2.6206382578896044,0.15319781383377218,3.9792729264058595,1.0004184246063232,train
3083,42,0.03269388289162006,0.17477325413977485,2.8980686981072856,0.16184929106839951,2.68822088438572,1.000307321548462,train
3084,42,0.036778747298025924,0.14325687321791528,2.3630914507012513,0.09828227963582314,3.853738650353055,0.9982868432998657,val
3085,42,0.025855638122160348,0.07450624479599229,3.2230222398463297,0.09839372304060613,3.0798363256491053,0.9999697208404541,train
3086,42,0.03107551407905989,0.140887352198157,2.345257560091235,0.14292810397249633,3.898006718162124,1.0007987022399902,train
3087,42,0.04060019905874368,0.05439907127683957,2.238732390541374,0.11820191900402247,3.184234699141052,0.9986511468887329,train
3088,42,0.0365144992036219,0.10264828108093382,2.4155539146127394,0.08071061419542376,3.324038596629519,1.0001413822174072,test
3089,42,0.029529577664766764,0.11411441656920031,2.776132523364516,0.09880821960173415,3.36479051210263,1.0003564357757568,train
3090,42,0.040936400838725205,0.11532963101274828,3.27860726862054,0.10432535413516689,3.6055104803143267,0.9989156723022461,test
3091,42,0.04912579448731661,0.10955975637764051,3.60347029407314,0.1969148121371968,3.676628324558189,0.9992069005966187,ood_test
3092,42,0.03354284833264412,0.17287491487942427,2.653299161300568,0.17754360112188944,3.4582469121205524,0.9995271563529968,train
3093,42,0.04744395823817283,0.12313131517400727,3.8280768778324075,0.11214524306179433,3.2917947424752922,0.9993162155151367,ood_test
3094,42,0.04545976999973253,0.08245747232287179,2.897285545395265,0.12326099887937453,3.9592440527888666,0.9990637302398682,ood_test
3095,42,0.025834181410074524,0.10636551109715539,3.362154518349958,0.11591379592241723,3.4731257547810435,0.9982941150665283,train
3096,42,0.04089671968751938,0.1834363315631184,2.708555749832197,0.1553723393170891,3.723575317734977,1.0007295608520508,val
3097,42,0.03378078640961624,0.08599156032064867,2.5851615824807697,0.08072681419864251,3.4660193166827074,1.0003738403320312,train
3098,42,0.04428500018283639,0.17044208135755956,3.070044439123201,0.19563392414325423,3.2000663500319257,0.9983808994293213,ood_test
3099,42,0.03478258259017878,0.18418520136923666,3.812393206019043,0.12973886004764462,3.48288819488791,0.9955899119377136,val
3100,42,0.03155670898798561,0.15003735173132737,3.255732405173651,0.16784778722501872,3.5437842543268427,1.0017955303192139,test
3101,42,0.04307763007075643,0.0842127723648819,3.089854168758936,0.140140367123048,3.532079425744003,0.9992897510528564,test
3102,42,0.020211526594590287,0.13220037039272778,3.962799393189517,0.19848357951151857,3.5916212599243695,1.001950979232788,train
3103,42,0.031039166502112716,0.0938198597366526,2.5950537584976825,0.19806302810115728,3.0140135617842483,0.9988009333610535,train
3104,42,0.04422680269112177,0.07108885534821305,2.839602632829634,0.1501355684251071,3.144761772567031,1.0001879930496216,ood_test
3105,42,0.037327389926551074,0.09431799816564648,2.9107938523364405,0.12552813014885825,3.283987812087735,1.0000510215759277,train
3106,42,0.02515201974303274,0.12859140881746817,3.3085863270403166,0.09239563856531399,2.775734545006287,1.001947283744812,train
3107,42,0.034292230355016384,0.17832504621366896,2.157662335508536,0.16453140062661364,3.349587579986064,0.9999595880508423,train
3108,42,0.02538767823933071,0.15211594105034734,2.2664925524477497,0.10169402790386389,2.661379267050341,0.9993491172790527,train
3109,42,0.038524641921995006,0.1229029191336274,2.3585669227464736,0.09110677066666742,3.4601765440066465,1.0006346702575684,train
3110,42,0.04866472552477111,0.06256233089173735,2.517669642190066,0.10697649328361379,3.263395950010732,1.00002121925354,ood_test
3111,42,0.03004842667282298,0.0707641707480722,2.119477403271143,0.08060638141371064,3.0983108501764027,0.9996491074562073,train
3112,42,0.031736905507934975,0.13438914153033502,2.1689520720854145,0.13287344918183736,3.139992615292398,1.0001709461212158,train
3113,42,0.028111552944370878,0.16118020824037405,2.5641208368007367,0.10642719331994324,2.532728425255864,1.0007505416870117,train
3114,42,0.0432333158047256,0.09937142409690032,2.8768862573798213,0.16495213836797554,3.5593992925614,1.0000779628753662,test
3115,42,0.033654916297063256,0.13362934689258485,3.517896521420176,0.10763145070361055,2.9339909616249806,0.9987646341323853,train
3116,42,0.04840191578582968,0.17779508569619545,2.560780263723614,0.15253134779230437,2.871306447236337,1.0007669925689697,ood_test
3117,42,0.030873352254439032,0.12415847976359855,2.527905435812926,0.1910425324956607,3.6907948100470325,0.9958351254463196,train
3118,42,0.03817378163806616,0.05864327234711275,2.621396616917492,0.15243924229860448,3.5729693424124376,1.002167820930481,train
3119,42,0.03452613974538242,0.16679403212210742,3.9908463625067583,0.15565726611529604,3.130071023877017,1.0005395412445068,train
3120,42,0.03802608783268717,0.13607782885825934,2.3062793543130082,0.1268782438379088,2.6059708021800883,0.9992309212684631,test
3121,42,0.033689150174222,0.12970113411983195,3.1583390563809184,0.11417546713594398,3.763271788849128,1.000988245010376,val
3122,42,0.03759386124958423,0.1569077669228613,3.1505776744151612,0.10776859646120265,2.7345855690012724,1.0009664297103882,val
3123,42,0.04674367010322261,0.0842366181559526,2.138354615962724,0.14810285776984516,3.7410523984583897,0.9981113076210022,ood_test
3124,42,0.04530244879349304,0.11054286057167585,2.261968350836116,0.16590486627654108,3.034816908299745,1.0011552572250366,ood_test
3125,42,0.031601404784980844,0.16648941649870358,2.0879951195237494,0.15614357755298797,2.731235042429942,1.000905990600586,train
3126,42,0.03970626141960682,0.13391970545883825,3.15126884440874,0.10649912187933214,3.043942150131842,1.0014536380767822,train
3127,42,0.04793974478759408,0.15008199894801957,3.14588085965387,0.1928450950914068,3.4075660516679807,0.9990956783294678,ood_test
3128,42,0.02722964413276687,0.09615034090685634,2.6797847104913286,0.08491336696556404,3.1408070197007585,0.9979705810546875,train
3129,42,0.033744947644525375,0.17053495739721838,3.8848543078307127,0.09239842966764343,3.8519588425355327,0.9980334639549255,train
3130,42,0.033067170432257445,0.14992145487726447,3.8502897713484896,0.08464246591650826,3.1340211650421606,1.0015612840652466,train
3131,42,0.020726886807889096,0.05485456950362765,2.2841841863603323,0.11651869605993752,3.178597261401509,0.9995644092559814,train
3132,42,0.02377573431050637,0.08262950148671061,3.9210731594173662,0.19205442454869276,3.530888885400052,1.0019643306732178,train
3133,42,0.04088780323905884,0.1530895582378876,3.023233944969182,0.08082340704513888,3.492811243582687,1.0019116401672363,val
3134,42,0.0320333479394534,0.13273267202750064,3.819597412811419,0.11452025813489783,2.928657468540975,0.998786211013794,train
3135,42,0.04921525062940624,0.14165574251781576,3.1395529954296038,0.1688629436394256,3.3905273720473232,0.9985048770904541,ood_test
3136,42,0.04544303670225842,0.1775230632208757,2.1877520973918254,0.13028555801117322,2.996012067455957,0.9993491172790527,ood_test
3137,42,0.04233923234104282,0.05670194018476005,2.5449737744981653,0.17806949940753353,3.145279287873925,0.9975311756134033,val
3138,42,0.02017848780498496,0.054274157648648826,3.2579917553885203,0.15785982695001877,3.438618932265178,1.0011420249938965,train
3139,42,0.04710881089441085,0.05504193750182799,2.4499436208934355,0.17287869711048476,3.97011198700997,0.9993838667869568,ood_test
3140,42,0.024712708775560498,0.13598170016167876,2.974130182841857,0.14344772981266982,3.297984699211309,1.0000889301300049,train
3141,42,0.045520179667467055,0.17204347045467686,2.518138310503912,0.17076499131356188,3.757586063936376,0.9971436858177185,ood_test
3142,42,0.020069437909173527,0.10753095143266338,3.814387597195802,0.16249460035285823,2.7406851579510505,0.999515950679779,train
3143,42,0.036589585921229184,0.1064406753414323,2.8453615440144064,0.13842940716817304,2.851049222178665,0.9996753334999084,train
3144,42,0.048573580725189566,0.18308330039000192,2.9209627558568436,0.09061129535748856,3.113555061660202,0.9994511008262634,ood_test
3145,42,0.03615893280641154,0.10044295128662127,3.5961444923647563,0.17603260674669186,2.9882998259792504,0.9996726512908936,train
3146,42,0.044245591614996,0.14283721591672832,3.416605993241544,0.14566751529255018,3.9748065361644453,1.001412034034729,ood_test
3147,42,0.02627346659390594,0.14156847265186845,3.778529233136858,0.10195175668590356,3.4790874597829182,1.0001816749572754,train
3148,42,0.029701432673867552,0.08792036656920482,2.6969248809898403,0.1736339850683596,3.7557291702456377,0.9943957328796387,train
3149,42,0.04749179461051951,0.07611946105028504,2.101509643797609,0.08233046836345222,3.536352393075193,1.0012757778167725,ood_test
3150,42,0.03077958110605001,0.1675193595706923,2.0525823908242895,0.15751544430503117,2.8350557661033684,1.0031347274780273,test
3151,42,0.04973997783037755,0.060726689529658,3.3343156385106743,0.14353826145935156,2.8334909987284362,1.0004150867462158,ood_test
3152,42,0.03977081584254799,0.18498839309085885,2.7018425066517384,0.10737226515489127,3.3093727472822008,1.0015093088150024,train
3153,42,0.0260801371451317,0.11609995488872721,3.996996509344469,0.08999121097468724,2.572629180454028,1.0005195140838623,train
3154,42,0.02353867315812079,0.16927448282607366,3.352848938421202,0.12609199840085206,2.5425461206300355,1.0010310411453247,train
3155,42,0.02404205967875813,0.18680382026054093,3.8169816137237342,0.1070105893665256,2.962145257392388,0.9953157305717468,train
3156,42,0.03330716447480306,0.11441526175698968,2.357866824154451,0.08630671580497334,3.2606391760808227,1.0003005266189575,train
3157,42,0.04136569999431282,0.08831330896456567,3.884461198834141,0.1596603720089748,3.9262308153393226,1.0005590915679932,train
3158,42,0.02196688722417028,0.1246745163690198,3.1880370030532625,0.08678464689851567,3.940972654500058,1.0018250942230225,val
3159,42,0.048122188026393786,0.06409342108975044,3.7585809799050054,0.17186216110009805,3.187684406867382,0.9992583394050598,ood_test
3160,42,0.025659908190510408,0.11517783463025302,2.2805808299370587,0.19016851151393488,3.889814551933158,0.9984517693519592,test
3161,42,0.03556015096462142,0.185704117237937,3.652440881164393,0.1976890023493805,3.868873813938077,0.9974912405014038,train
3162,42,0.027925286804500227,0.11324204280672948,3.070406772527409,0.170326708830836,3.478700665000823,0.9988356828689575,train
3163,42,0.04274618800057085,0.05510724071122516,2.235599883237857,0.09475851634828122,3.196826482235938,1.002449870109558,val
3164,42,0.028529643519469513,0.16193807746021233,2.5064734050806363,0.1612905818600606,3.512393199238343,0.9991276860237122,test
3165,42,0.036807718747890385,0.06902089214554125,3.584184833469733,0.1710388920477785,3.6909907597329803,0.9984164237976074,train
3166,42,0.02791489000900515,0.1476266586468432,2.7813077996934883,0.10559154236720739,2.7593679457246303,1.0001167058944702,train
3167,42,0.04510645924245685,0.14726950602452382,2.3367665969160907,0.1737362203774322,2.8934480608457784,1.000231146812439,ood_test
3168,42,0.028851479145987825,0.06576220925567378,2.1000167234998597,0.11730057063697223,2.695212829234206,1.0001206398010254,train
3169,42,0.0422288136791974,0.10292441816413973,2.7798414309861474,0.18213374234781826,2.683017330566694,1.002254843711853,train
3170,42,0.028925353694155078,0.1737247098910055,2.9644223019507163,0.10059813090595304,2.5424287137160455,0.9994474649429321,train
3171,42,0.04762522323681849,0.1674431331214065,3.834138055455674,0.09559664978749405,3.02686697851262,0.9997285604476929,ood_test
3172,42,0.043687812370834925,0.06446819141846973,2.6672453607104853,0.1258529181837501,3.2121005394602715,0.9984895586967468,test
3173,42,0.04729709100028616,0.1636421175662564,2.4906722380443664,0.12254144298622538,2.602354097051262,0.9988348484039307,ood_test
3174,42,0.040345759684710415,0.10582733785757525,2.7539534467917908,0.13122889017085462,2.5303105302615903,1.000035285949707,test
3175,42,0.03757827605764237,0.07434132755543074,2.244618242297383,0.14680696824606207,2.9029679564201007,0.9994805455207825,train
3176,42,0.03426386352730862,0.10820782100537527,2.19955672061036,0.09707379708427637,2.7807760105650288,1.0013118982315063,train
3177,42,0.02850912365938301,0.07480878575295864,2.3569262626153566,0.12657657594020996,3.8656144992172887,0.9984846115112305,val
3178,42,0.04323190547363156,0.06707912288454945,3.524596285721265,0.19693498819535052,2.7313789099573014,0.9988648295402527,train
3179,42,0.03260619885234937,0.08081110335084903,2.5100648216402837,0.19942944085872177,3.352945084154968,0.999443769454956,val
3180,42,0.03264085671112905,0.06809061389493191,2.43701570860616,0.12204241042090719,2.846634868328876,1.001272439956665,train
3181,42,0.029897424102422153,0.1979711714571033,2.437447913518591,0.08062099592208846,3.7947821372558663,1.0015465021133423,train
3182,42,0.027762459900952965,0.1682530320342528,3.40928795711786,0.19975504715533232,3.3764701856639943,1.0030364990234375,val
3183,42,0.043444770021653256,0.18330067060137484,3.6753669402334,0.19765797397069057,2.9251691895382703,0.9973921775817871,train
3184,42,0.03980184815086326,0.17237976596214832,2.392634423839464,0.17329632908881187,2.962224205342923,0.998105525970459,val
3185,42,0.029880895391143567,0.10366264505042162,3.578900146783434,0.1701285241125024,3.7650834704007976,0.9981683492660522,train
3186,42,0.0253886610661386,0.17931862713244506,3.4287712644472736,0.11580763890955044,2.7321303250963007,1.0007035732269287,train
3187,42,0.040678400299389475,0.12742773570673754,2.2382072651845015,0.0837589841833905,3.2011435829410164,0.9984227418899536,test
3188,42,0.026628815814790062,0.1705584623987494,2.1014543167320436,0.09349428858708551,3.6762316363901166,1.0006781816482544,train
3189,42,0.020570828284405034,0.16065939365745827,2.1139933479174546,0.15704385031215495,2.9921871028856972,0.9964536428451538,test
3190,42,0.036722081791537485,0.15912346403145355,2.4444020170091147,0.10030320237271637,3.2753136480736735,1.000838279724121,val
3191,42,0.04784243818295958,0.18560838693334314,3.6729636459102446,0.13438439988160647,2.823172716458962,0.9990986585617065,ood_test
3192,42,0.03315570144889518,0.13213851682936179,3.3392995097006706,0.12092386197787999,2.9059133431161857,0.9994289875030518,train
3193,42,0.027992024987777156,0.059613938285614024,2.831376704867229,0.15186635432338721,3.2971104881784887,0.9985084533691406,test
3194,42,0.03921337317381349,0.15755863589922536,3.6518315871993448,0.19260213839790175,2.7210093539351927,1.0032744407653809,train
3195,42,0.030440074046975303,0.19252016874082473,3.167381082247281,0.16390433696937615,2.8672461358330765,0.9984800815582275,train
3196,42,0.028978016000066806,0.15332908228064857,3.0826669810527543,0.0806911847303385,3.8480784748357113,1.0004124641418457,val
3197,42,0.044530142812896426,0.06630480030340646,3.4051948430932173,0.1344937087257202,2.9565424661656765,1.0013659000396729,ood_test
3198,42,0.021647251532909695,0.06774545714413943,2.305701214118316,0.11780910867998229,2.5998102730147226,1.000199317932129,train
3199,42,0.044211476444407996,0.06605506011018483,3.4911246774607023,0.08627580844744696,2.7208880129006694,1.0011188983917236,ood_test
3200,42,0.026403722208355615,0.13987557296867253,2.629458618937899,0.17803928225021942,2.666199946297401,1.000586986541748,train
3201,42,0.02670653822051032,0.06307243584836704,3.9092110704102403,0.12836435447322614,3.8608456663768913,0.9995570182800293,train
3202,42,0.04876179277268247,0.06498975376773464,2.5356587278108025,0.13546700270566875,3.3916177510451764,1.0012882947921753,ood_test
3203,42,0.036900298130775014,0.058275670463845186,3.277517805420938,0.09318593770354841,2.669124741340028,1.0001804828643799,train
3204,42,0.020206035736332527,0.11229524297421414,3.058101033370417,0.16191593269492485,2.9714132819310946,0.9985607862472534,train
3205,42,0.03607148538113954,0.08874254455793903,3.279276511054357,0.1820234214672926,2.617115411522631,0.999825119972229,val
3206,42,0.024241085653663556,0.17309608208763133,2.235564750982162,0.11110844861354505,3.0895192786987353,1.0007463693618774,train
3207,42,0.0293576606778283,0.05228501478072866,3.298677138109648,0.14468763953307895,3.600003581141813,1.0019681453704834,train
3208,42,0.04328087446879078,0.06911911213142807,3.691420875927785,0.16784661933838046,2.704908144973214,0.9997521638870239,train
3209,42,0.03742925518906161,0.08464822645126878,3.3605826459927686,0.12367689175746742,3.4230941675506115,0.9989675283432007,train
3210,42,0.04445357046127578,0.18813048568063961,2.85096439144996,0.11033719810659565,2.9259894021056643,1.0025606155395508,ood_test
3211,42,0.02650822188423258,0.13979058813975104,2.576001982157489,0.09826440396690489,2.5288293577632857,0.99977046251297,train
3212,42,0.048748243694267855,0.1421004720277278,3.4724856520887077,0.11048650901658047,3.3057474753589915,1.0009660720825195,ood_test
3213,42,0.040749773500624045,0.19871155919466965,2.0575621788730305,0.17341472377692232,3.2419171773490727,1.0005435943603516,train
3214,42,0.025000532544073768,0.09908544120856735,3.351056932913089,0.12290566254433082,2.6759231773700147,1.0015183687210083,train
3215,42,0.03479942244430605,0.16900447594904697,3.811558157532934,0.19810166744216595,2.684001223508646,1.0018680095672607,val
3216,42,0.025153849769991556,0.11714828572173978,2.6841199840268883,0.18919727740444298,2.8897660331360697,1.004131555557251,val
3217,42,0.047447569633090624,0.14417104395025102,3.2762573573783134,0.11818997540526748,3.5213112064665735,1.0010755062103271,ood_test
3218,42,0.03536874832469007,0.08257823535428874,3.648773987416841,0.10719113705297029,3.9064279496950967,1.0000567436218262,train
3219,42,0.03342141680288075,0.14544768950475406,2.3573184469800124,0.11947037111770026,2.7074566531350555,1.000967025756836,train
3220,42,0.03681794717716837,0.14322061909831563,2.7368208228076254,0.11887177827443193,2.8255927846909774,0.9992117881774902,train
3221,42,0.034773125997546624,0.18682821357261548,3.066152084188957,0.13138315077828294,2.82452080839358,0.9986135959625244,train
3222,42,0.04109383078945242,0.10994991069056119,3.549243078657196,0.18402431017426585,2.5811544701809277,0.9999576807022095,train
3223,42,0.04318804081049677,0.0620894369686827,3.6580926367269737,0.0888617849337247,3.805219454627335,1.0007598400115967,val
3224,42,0.038895081101523704,0.14504617787468949,2.717112041379346,0.09641589491628628,3.922073827799852,0.9998029470443726,train
3225,42,0.025019517747830535,0.16300552614392327,2.6444534450809885,0.11835090591257424,3.2123195000759464,0.9983484148979187,test
3226,42,0.03098217104127471,0.13758907183591396,2.6327676150257253,0.11205481802531018,3.7482664618294708,1.0006568431854248,train
3227,42,0.03793355401233269,0.10919358758531014,3.3714357853053087,0.08743151975971161,3.0425811313844706,0.9999126195907593,train
3228,42,0.04176512951744604,0.05586127123959668,3.0720218697963317,0.1344278223797488,3.2247207050678117,1.0013182163238525,test
3229,42,0.04595524696469711,0.08743110233143433,3.6409283499515297,0.09965899752763442,3.6232554201726597,0.9990699291229248,ood_test
3230,42,0.04111503929538707,0.19883292724990215,2.902367925747565,0.1930834472068073,2.95539820932755,0.9977522492408752,train
3231,42,0.04236527558239532,0.16875068361435408,3.928536368520522,0.16961301526424688,3.439989730732801,0.9994922280311584,train
3232,42,0.04226672154268843,0.07635630099759957,3.926903905387134,0.09165345729895151,2.529807566450972,0.9987491369247437,train
3233,42,0.04120862481940481,0.1339613765265621,3.1659785948996566,0.1867996835553174,2.790656820836859,1.0003947019577026,val
3234,42,0.02653389712549388,0.1640079796967046,2.524530780218008,0.1787205023197724,3.7207322144040913,1.002856969833374,train
3235,42,0.025540392271060572,0.07078703741960121,2.8276635301043687,0.1859780016567016,2.794347550482364,0.9994943141937256,val
3236,42,0.023545303585521073,0.09465530675343166,3.3609813675406937,0.19136795282199182,2.816296567713734,0.9989863634109497,train
3237,42,0.028377398416643784,0.10421660835605624,2.7380485242709414,0.1700874374298925,2.63810125882062,0.9999666213989258,train
3238,42,0.022195000158206322,0.16406335915782538,3.8433822495844066,0.15035778237299863,3.7340928944223695,0.9980218410491943,val
3239,42,0.04311273036786655,0.15840515616685238,2.651055963698705,0.10539706782348088,2.7378635788757477,1.0001559257507324,train
3240,42,0.048421091018838604,0.09996438262422838,2.613515983063587,0.09148617398364127,3.901784861937174,0.9999009370803833,ood_test
3241,42,0.02336067629759815,0.17243599000402957,2.156036968060569,0.11501127327752383,2.9115560978186217,0.9982925653457642,val
3242,42,0.04647330960524186,0.12223237127015052,2.626416553481815,0.1743889994656047,3.9934038186984933,1.001352071762085,ood_test
3243,42,0.03961674501494389,0.18980617794663557,2.6126040025454484,0.10680424063183275,3.982643559280533,1.0035786628723145,train
3244,42,0.04782091521482855,0.05740564832702262,2.821323443015743,0.15640414991360763,2.565465200039579,0.9989092946052551,ood_test
3245,42,0.028141480289043713,0.05615181968123892,3.540084815799431,0.15507707541032206,3.1125316703218138,1.0013962984085083,val
3246,42,0.03807645839318598,0.12597443343213727,3.208824936894727,0.16896292520253614,2.663790725837539,0.9998239278793335,train
3247,42,0.03137037453897943,0.14396080248448936,3.4389127913656274,0.1028552394142692,3.8062621020434233,1.0010898113250732,val
3248,42,0.023247795723966628,0.1574542771866617,3.0308484181117077,0.1832680243883773,3.534189123033554,0.9993624687194824,test
3249,42,0.037431960218753696,0.0597793156550343,3.620143063763549,0.09522065522538302,3.0942715194890833,1.0002665519714355,train
3250,42,0.025313165480952443,0.08089781928159821,3.7442758483291305,0.18917681712534612,2.954934346705543,0.9994914531707764,train
3251,42,0.023521996348420865,0.12746614733716594,3.8245280278695795,0.1488479200434121,3.501194413019641,0.9976279735565186,test
3252,42,0.03428376002471929,0.13127051078708812,2.757419064450141,0.121510500322733,2.834760641311175,0.9975581765174866,val
3253,42,0.03036922495795344,0.05327317653177098,2.276272754770827,0.11585270737895946,3.310277474845603,0.9982526302337646,test
3254,42,0.03012711220362084,0.0961022578269006,2.5122703932286106,0.14079276740832428,3.737838651899872,0.9980173110961914,train
3255,42,0.035315058604643276,0.11470422442563619,2.851732692268518,0.12519558910062642,2.9070657717838575,0.9992895126342773,test
3256,42,0.03461856133904863,0.17140584462980468,2.6585431182407895,0.15475130827725858,2.9572113742503414,1.0007762908935547,val
3257,42,0.024137337186027827,0.1292202370635948,3.1490902663549645,0.09593499021983903,2.6231455403745527,1.000254511833191,train
3258,42,0.026055410441596063,0.19831237834566434,3.77824040959183,0.1971319341116736,3.802880816572724,0.9981232285499573,val
3259,42,0.026118964142186306,0.1821173667177829,2.5418890714205986,0.14079945823407064,2.7100366385778054,1.0006357431411743,train
3260,42,0.04547824095119879,0.12110901075567708,2.6446405233589436,0.08625628395112754,3.0806149658249495,1.000657558441162,ood_test
3261,42,0.025604566348611843,0.12014578437836484,2.144706631100491,0.11096287468293282,2.7141515741647915,0.9998677968978882,train
3262,42,0.03223315642084374,0.056806521400532994,2.799951273702577,0.16999022390523452,2.538300079669056,1.0031421184539795,train
3263,42,0.03564307235080189,0.09527823713223725,2.9029013106926644,0.1809473970826617,2.6293029336380958,1.0002433061599731,val
3264,42,0.04025114198752506,0.10189958496597123,3.205375258223125,0.17823736482614688,3.319122436776107,1.0019670724868774,test
3265,42,0.031050476229232578,0.05102547802455163,3.4609244298758073,0.12883597312945277,3.899496120440607,0.9985580444335938,val
3266,42,0.047645984796641255,0.10997740096787295,2.7648891198061407,0.1759702860159458,2.727299112423573,0.9985426068305969,ood_test
3267,42,0.04107002437588713,0.16205412193956142,3.898205178614229,0.14360548903648918,2.6939779873126466,0.9984066486358643,train
3268,42,0.037691108193972075,0.16266879394778538,2.3786394916585887,0.11474776972464716,3.8397143292466205,1.0041908025741577,train
3269,42,0.0317027334018553,0.11760275139109584,3.5560090146773073,0.18511572478973048,3.736388714028969,0.9957625269889832,train
3270,42,0.038923345000012724,0.14575995728180915,3.4228007617018283,0.09686789415543956,3.304655365859219,0.998733639717102,val
3271,42,0.04802307718820219,0.06427194027805647,3.1545390915503306,0.15049035337772004,3.5770723622561356,0.9958674907684326,ood_test
3272,42,0.028051928039867474,0.19853007970819053,2.124317376018416,0.09346187685378836,2.580813734785466,0.9990168809890747,train
3273,42,0.04330796592812394,0.18906678647156722,2.6922823712529462,0.19969057162506315,3.279394930862057,1.0018961429595947,train
3274,42,0.02100528178440911,0.07104136411769185,2.9970508236578266,0.0957762946112829,3.3317574609756386,1.0012733936309814,test
3275,42,0.029964721266263265,0.17024273584005534,3.4846477994611176,0.09253689407827777,2.6703031938731594,1.000738263130188,test
3276,42,0.03423062311911124,0.0860740069269198,3.681194207068839,0.19881183606617456,3.9948458198123094,0.9958682060241699,train
3277,42,0.021027016668924297,0.13340513233736753,2.9894796685971174,0.10594348207842869,3.018293256098106,1.0004324913024902,test
3278,42,0.033141994847454254,0.17386923665917664,3.7776345777180675,0.16303818007930565,3.0514821484641543,0.9977650046348572,train
3279,42,0.04391631094843075,0.1300285637068877,2.8417388313423717,0.10746298999688517,3.6494459627741898,0.998511791229248,train
3280,42,0.03908340707506395,0.05995912835886395,2.5950200140738584,0.08526193536535075,3.4377643520027403,0.9992421865463257,train
3281,42,0.02266203326692174,0.07009438455784447,3.206557714621253,0.1873186177392161,3.3580784936261194,0.9997944831848145,train
3282,42,0.024729004148971733,0.05249990849506753,2.9507459103620803,0.17279079007177783,2.5310136781723993,1.0002375841140747,train
3283,42,0.032742269923387204,0.17607684147248653,3.612651583313279,0.08131274214389193,3.2727164522859393,1.0005451440811157,test
3284,42,0.04539223707055126,0.08704027585901924,3.378286623298303,0.19750558015143438,2.663473435222958,1.0003187656402588,ood_test
3285,42,0.03515408913317858,0.13883372377698916,2.8581234593379694,0.14125270442109145,2.6691409057549933,1.0006794929504395,test
3286,42,0.030109279224911085,0.12239939641309835,2.9289046568625707,0.1996060354198767,2.799051048426044,1.001234769821167,train
3287,42,0.04756871906687951,0.08064573267114239,2.2265478337379276,0.12951486057148087,3.2227514547063913,0.9972450733184814,ood_test
3288,42,0.020189068700085945,0.18269139210749563,3.986705459444736,0.1402059054462601,2.5285743044845073,0.9980137348175049,train
3289,42,0.024030809797117587,0.05269803074318929,3.693683449875497,0.08967700133256228,2.6686330195683072,0.9985794425010681,train
3290,42,0.036083472553794446,0.18315559078237087,3.4176537419479662,0.12508597009155908,2.836870052422531,0.9999313354492188,train
3291,42,0.03765142081150314,0.16261237042782484,3.254861133641814,0.15941863964284814,3.739814736927609,1.003538727760315,train
3292,42,0.04902121809656495,0.07627038693678333,3.5426239058376847,0.09780550866658434,3.6804364935661877,1.004098892211914,ood_test
3293,42,0.044672976119894535,0.13218100737759053,2.7252829769035545,0.132876333292749,2.7888905485275837,1.0004620552062988,ood_test
3294,42,0.02659606214965319,0.1613599645381268,2.2908372013621623,0.1795627719693173,3.312147988760363,0.999712347984314,train
3295,42,0.03397438285917452,0.08767266271508592,2.600088827412761,0.13808651943600483,3.6706388896433912,1.0018972158432007,train
3296,42,0.03086288093142888,0.08918816949587938,3.6290202384521715,0.1485811407998051,3.2720286336385427,0.9997211694717407,train
3297,42,0.04006805560486497,0.1625910459097289,3.8823459629689747,0.17588926091533902,2.890734946970285,0.9945298433303833,train
3298,42,0.048041796144620195,0.06006870779328606,2.2317445283079533,0.09598302373162573,3.3991509911376565,1.0033854246139526,ood_test
3299,42,0.02809110157014441,0.182426717012801,2.1695280299105324,0.09823224037790242,3.9293563795890916,1.0019798278808594,train
3300,42,0.02353219912433026,0.1675560390449753,2.7646753374142254,0.15265686278691445,3.251656458692089,1.0030512809753418,train
3301,42,0.02828036737901618,0.09920820409491272,3.6302044595889305,0.09638191311646352,3.5450275765333448,0.9999743700027466,train
3302,42,0.026270553745904875,0.1661962062720318,2.816425804631494,0.19606893252567448,3.7708926390500643,0.9992974400520325,train
3303,42,0.025349636306589825,0.10683772507197728,2.6814784169041888,0.15060001589687433,3.6108800470718565,0.9973744750022888,train
3304,42,0.04033742445699785,0.1593852275805801,2.4626054058853075,0.14935448630511367,3.3656650327546696,0.9997360706329346,train
3305,42,0.02160974140762621,0.17764640861977288,2.8916000129199566,0.1488064772904092,3.9545549594806806,0.9976291656494141,test
3306,42,0.0260366047085924,0.16794663224425008,3.782663618676774,0.18973045340697753,3.083824502369848,0.9960357546806335,train
3307,42,0.02625065243214406,0.09596639238375401,2.990772441423088,0.17702551266672262,3.089364904312476,0.9993971586227417,train
3308,42,0.04644292449633229,0.09254566079214752,3.058708060327322,0.1718954748391924,3.4905779164761275,1.000001072883606,ood_test
3309,42,0.024353467793114404,0.05488538054144722,2.3915327044693133,0.10932065146669312,3.294662738292162,1.0004711151123047,train
3310,42,0.04126627626942869,0.14171575877573772,3.0776541285402925,0.17876687226904892,3.6056593180056757,0.9999561905860901,train
3311,42,0.043631873381008816,0.08907345397304248,2.754955070152566,0.14607024608051114,2.73396300650436,1.0004452466964722,train
3312,42,0.028397392749766007,0.1981145534431869,2.4366573654271804,0.16718883793097022,3.426387679489375,0.9992707371711731,test
3313,42,0.04140350944475134,0.12763780319804388,2.005381398682294,0.16874386394172824,3.929004393942333,0.9974914789199829,train
3314,42,0.02490053651598167,0.07901115315342613,3.311861913734503,0.14012167420154054,2.6805608327974224,1.0000666379928589,test
3315,42,0.025445078972942695,0.17809631496721767,3.352198906595217,0.1336424071771299,2.5655228696225802,1.0006184577941895,val
3316,42,0.029425989158266448,0.0535189145703277,2.450610651417118,0.16623843625166088,3.4670048380048293,0.9986371994018555,val
3317,42,0.03754798830334717,0.08702906559859822,2.358595475098925,0.17758340666175315,2.652881470564274,0.9993736743927002,test
3318,42,0.042183141465875804,0.14437954139392664,2.8860598846727994,0.13577515179230462,3.614198835676689,1.0000909566879272,train
3319,42,0.020902203069062555,0.1074893769012309,2.5149926198365593,0.10784570580546868,3.6274654510871995,0.9973115921020508,test
3320,42,0.034145601395227244,0.1463453811562449,3.71522567683473,0.09513137918657354,3.769212992411515,0.9971640706062317,train
3321,42,0.029926498321285383,0.07914050592832046,2.220724056722938,0.08796702013141995,2.913300355338021,0.999759316444397,train
3322,42,0.044233382823445855,0.1581813333678841,3.5651519258647193,0.17575489552453827,2.8509822039386576,0.9986931681632996,ood_test
3323,42,0.024008982479855757,0.14314419430159928,3.546224617451461,0.1542989497913173,2.574727770193753,1.0018668174743652,val
3324,42,0.03430298973799838,0.1461636104266179,3.520543800393895,0.19533056912641672,3.348593428941946,0.9971479177474976,test
3325,42,0.042272648455788306,0.06952656969994551,2.6026137144584083,0.08119754989083271,3.6739663942465364,0.9998128414154053,train
3326,42,0.04742594822880788,0.10821352110943896,2.145542474503808,0.15229384215434424,3.818481146525425,1.0010076761245728,ood_test
3327,42,0.03141192382343911,0.10595290887593692,3.745652320475564,0.15450098998047757,3.1333224229852736,0.9993138313293457,test
3328,42,0.026657059126021846,0.08631078053835842,2.052749961385297,0.18821979329666627,3.4799030185617488,1.0017619132995605,val
3329,42,0.02984279512893285,0.1944451996129558,2.403421250563758,0.09998772695361283,3.40021243107064,1.0003881454467773,train
3330,42,0.030071186866159935,0.11433386594534382,2.9741741658685132,0.15763344266424906,3.6500778117490382,1.003164291381836,train
3331,42,0.045752562804963925,0.16103900282917052,3.43945214790516,0.13161961106360956,2.525406754974294,0.9999739527702332,ood_test
3332,42,0.027972339138976725,0.05390718161432362,2.2292173974140117,0.16822180873006165,3.3010868677950818,0.9981763958930969,train
3333,42,0.04992667698197524,0.19495969118930312,3.1627312962381904,0.18435211884253672,2.897962031809409,1.0010643005371094,ood_test
3334,42,0.029571680456028135,0.07156245405880465,3.2439108312688645,0.16320484408150032,2.9152299220069122,0.9992767572402954,train
3335,42,0.03333351764531401,0.15602207273829072,2.622455857032713,0.08626458218674463,3.8215368281390507,1.0000807046890259,train
3336,42,0.033898885948662125,0.08599821162065815,2.458909415224869,0.1999727541496461,3.2057624939712923,0.9976557493209839,train
3337,42,0.04286958401284096,0.17695270620040093,3.1848750300281337,0.19992995511989625,2.645334320772873,0.9988881349563599,val
3338,42,0.03498174762680599,0.0587294762449838,2.1738495449680526,0.18486146052326788,3.001201975533916,1.0015814304351807,train
3339,42,0.04738651395756399,0.10311014832200426,3.607347592117529,0.08982967066723911,3.8907728486637394,0.9996585249900818,ood_test
3340,42,0.04021725876379957,0.17245194719606993,2.9377702275473427,0.15876343788632602,3.9005792014234153,1.0002188682556152,test
3341,42,0.04294765265268665,0.07677913048028544,2.4922224926050833,0.16720746449897733,3.3581648825198,0.998920202255249,train
3342,42,0.03546039170460333,0.10097591572613521,2.1473207244724106,0.17382376194199362,3.827851383741361,0.9991163015365601,train
3343,42,0.030003199332756837,0.10724727645409468,2.8322919218438063,0.10609475948935514,3.6150655194487724,1.0011835098266602,train
3344,42,0.048510812205640366,0.1102928773830669,3.69565087935607,0.13962241540753123,2.530253867940919,1.0001919269561768,ood_test
3345,42,0.04370433274646626,0.060215087596141206,3.353792776255206,0.11344800118968698,3.9717851486155054,0.9989086985588074,val
3346,42,0.03903594641346427,0.17483102818700913,3.591420847567966,0.13224820158516354,3.286447237997029,0.999572217464447,val
3347,42,0.0212647474637845,0.1997643496232273,2.5221031366799638,0.15040732305162408,3.682922552542236,0.9996237754821777,train
3348,42,0.03633674016549735,0.17727616047682637,3.1295108391038844,0.0964038394065789,3.2372316383920894,0.9994595646858215,train
3349,42,0.02386998164332484,0.07061295558258314,2.3108052284445426,0.17992846756663555,2.635032442477935,1.0017949342727661,train
3350,42,0.040831390853159705,0.12180498285881945,3.4299656821588944,0.15405615487781588,3.973726257124289,0.9985030889511108,train
3351,42,0.026268375168426714,0.1487622952358097,2.9946678232356128,0.17598646265737855,3.2320426059720093,1.0010478496551514,train
3352,42,0.023924795044359973,0.18774591818878633,2.410529497625068,0.1044498906385722,3.8705609349633745,0.9995962977409363,test
3353,42,0.035979448957654876,0.14957936243657138,2.511615823814923,0.08874993202909394,3.9186748564058496,1.0028200149536133,train
3354,42,0.022449843255945425,0.06908400944373186,2.2937602842288074,0.10321967763428826,3.868047563505525,0.996049165725708,val
3355,42,0.0328117518814815,0.16655040943542396,3.856209812517246,0.09468202405125084,3.1282406390287307,1.0003324747085571,val
3356,42,0.03199655057265273,0.11586974387868691,3.4664163295191712,0.09867176562104905,2.9978283698553634,0.9983346462249756,train
3357,42,0.04426146470407276,0.055419140971553246,3.6950559424935623,0.09331417297698713,3.2989564715510644,1.000481128692627,ood_test
3358,42,0.03629602409680428,0.16802116930872357,3.2060802153513053,0.1852882388388027,2.6060166453919633,0.9982635974884033,train
3359,42,0.029778360685116502,0.19313776935516702,3.3121312562606535,0.15934627661805273,2.9912958317945932,1.0000203847885132,val
3360,42,0.042163767738226526,0.1446786585206737,3.082884247226585,0.13897406300822016,2.9268735818094433,0.9996641874313354,val
3361,42,0.030883577641103995,0.11477041939288672,2.2340334373487902,0.10412321472582628,3.3500621419949685,0.9965630173683167,train
3362,42,0.023952563323096764,0.1915582182182236,3.417740221462801,0.10707563540918273,3.8279067667037006,0.9968631863594055,train
3363,42,0.021265440034195306,0.10384787184805129,3.9202177223125014,0.1866443953491287,2.556391997979025,1.0011520385742188,test
3364,42,0.022441624838339516,0.11768054957101241,3.1788158524405334,0.09415228290869816,3.7930327974376703,1.0009547472000122,train
3365,42,0.04307118875555673,0.07454939203518045,2.0962962009976716,0.11754218438137824,3.4757853399283194,1.0002036094665527,train
3366,42,0.033853539610252024,0.10521918447639494,3.906929826967049,0.14688887007990825,3.8444860120203606,1.0041890144348145,train
3367,42,0.04951023354551294,0.15087843168567108,2.3508340563419763,0.12633766006833164,2.777473763029337,0.9992926716804504,ood_test
3368,42,0.035682306875393456,0.19844996499816192,2.171960298460643,0.11561626899112538,3.183407778285617,0.9997003078460693,train
3369,42,0.04555163373376962,0.1533848892666984,3.6778063511575416,0.17944530722784666,3.9635765526555975,1.00216543674469,ood_test
3370,42,0.04069209651200664,0.15772385775288966,2.0739818940920025,0.15542189664392028,3.421762156611203,1.0012362003326416,train
3371,42,0.036369226480791744,0.13675237154294653,3.7082747410864183,0.1455428295264678,2.782764671160489,0.9998108148574829,test
3372,42,0.04901351833041885,0.062032702718428256,3.6477855097069023,0.13981293918208604,3.64442437021819,1.0064586400985718,ood_test
3373,42,0.02504895874647784,0.14317780986690298,3.6351186719423225,0.19593842859731614,3.176395373665872,0.9982359409332275,train
3374,42,0.028057488973815034,0.10295769062739497,2.5201363618326407,0.15603094111932628,2.859407179692299,0.9982751607894897,test
3375,42,0.024619308434861552,0.06236094337556591,2.213145149188707,0.17746867472482733,3.22293951510915,1.0009181499481201,train
3376,42,0.04443603662211063,0.056633731030187144,3.864411423452127,0.08232361466250904,3.5039799168568395,0.9971252083778381,ood_test
3377,42,0.03643898306195214,0.09337376258630034,3.901686185320231,0.13585297124255324,3.2377922027135457,1.0002193450927734,train
3378,42,0.029209113998096718,0.15796751688714683,3.5465672253707563,0.18132980098811458,3.274562302295082,0.9967435598373413,train
3379,42,0.042719083755451595,0.14184620797538366,2.9741307028682096,0.10658954805375208,3.3047581958456256,1.0015352964401245,train
3380,42,0.03598073450561361,0.1981371402751798,3.336525505654317,0.12685507754641964,3.986621226705605,0.9991961717605591,train
3381,42,0.04682734937239356,0.07048202923368099,2.2674240749497274,0.11858033905629217,3.4203487380242263,1.0010275840759277,ood_test
3382,42,0.047256811103161774,0.1573901749067978,3.0289330236327237,0.17282889232165444,2.506952776336208,0.998650312423706,ood_test
3383,42,0.029654266580053733,0.07601440241003261,3.5679768150911935,0.15067116010088422,3.699133086279688,0.9995004534721375,train
3384,42,0.04727773436995085,0.1569034733664455,2.680484839196782,0.15900595657778005,2.6425027912659864,0.9983217120170593,ood_test
3385,42,0.041368410830761426,0.06251617190387189,2.985841449002332,0.10802796906316306,2.6267370069543183,1.0003342628479004,val
3386,42,0.030459268871680618,0.1548278361263345,2.646336037142924,0.14532533112844914,3.0521590623470654,0.997096598148346,train
3387,42,0.025113323540882977,0.08198327950480389,3.6521055316866247,0.09745836070586973,2.836707407116063,0.9977666735649109,train
3388,42,0.03321785058783284,0.05990963389143453,3.8933841433070997,0.1671262035535934,3.2692791413397466,0.9997367262840271,val
3389,42,0.0265633303865739,0.15424723935915835,2.9049855267238374,0.1589086222516106,3.9804434922726406,1.0015053749084473,train
3390,42,0.03195146465134246,0.12191673074837733,2.9762929281106256,0.18888317818962347,2.5381616315187667,0.9986968040466309,train
3391,42,0.02993367125474992,0.13259818014342462,2.8701570592140335,0.1042285810426074,2.9594360929318837,1.0003124475479126,train
3392,42,0.023894781937816852,0.17440439679287106,3.1549174685303925,0.1284510674373465,3.9244519385965164,0.9989925026893616,val
3393,42,0.020741132029002136,0.19355029535008134,2.0441321707264724,0.08596917288485371,3.670312496485229,1.0008553266525269,val
3394,42,0.041291636032562855,0.09513008568206344,2.876907690869269,0.16026224284150756,3.404066235355974,0.9994339942932129,train
3395,42,0.03537195101371165,0.10936931077372357,2.0544435383794664,0.09042675632503888,3.3769180450586247,0.9996678829193115,train
3396,42,0.027072176460499232,0.1632998864147881,3.5665868719189544,0.09288187741072543,2.6113142004228505,1.0002738237380981,val
3397,42,0.03326537851238341,0.12566130420117305,2.31834313939215,0.1844856711053117,3.1947753336221307,0.9971721768379211,train
3398,42,0.049153684668427254,0.07216122841273065,3.527269915034373,0.154741496040265,3.3111289433894946,0.9997473359107971,ood_test
3399,42,0.0460588172024032,0.09272168577412104,3.586739150873436,0.16982581718934237,3.8502268329772957,1.0002859830856323,ood_test
3400,42,0.03584270960894614,0.14951024451896985,2.195925381403767,0.17166627036404425,2.97459956097494,0.9986851215362549,train
3401,42,0.045721796275469545,0.18311217124221107,3.4997386092854095,0.19381350602266578,3.913321719468082,0.9956456422805786,ood_test
3402,42,0.0420502647474057,0.07571187876006767,2.1481731021459094,0.1049523888391726,3.4787972048461016,0.9974648952484131,train
3403,42,0.03083098967504146,0.12690442383667952,3.4825377984008856,0.1301988369043925,3.485018402967504,1.002164363861084,train
3404,42,0.045845178476404166,0.13143945483197866,3.5205309910184575,0.19816359987091295,2.955377168598824,0.9986011385917664,ood_test
3405,42,0.022113094942167823,0.14595726891152572,2.3506404019835134,0.1515744977316381,2.779725996244621,1.0025807619094849,train
3406,42,0.04347318483889583,0.1202719455941068,3.9801867877584876,0.16289660853156113,3.8755666038547067,1.0002734661102295,train
3407,42,0.04651247951421664,0.12628618087387877,3.315164516080471,0.1061037837377575,3.0138706657207397,0.9997014403343201,ood_test
3408,42,0.04474487866837134,0.1496524451827949,3.0807845016188367,0.1712944637364611,3.375120051861814,0.9984583854675293,ood_test
3409,42,0.02789574869163383,0.1665126640219432,3.664206183701169,0.10275044717202793,3.8693093362465465,1.0053080320358276,test
3410,42,0.025043783540444765,0.19835282355193817,2.2072655782361075,0.12004549207552381,3.477791940620344,1.000875473022461,val
3411,42,0.03468871222245203,0.13419579213131916,2.4999314089980054,0.0805718201064808,2.689321757281652,1.00077223777771,test
3412,42,0.04871646640299532,0.053407450732945394,2.5823711508451628,0.19422757202717517,2.5823526076117034,1.0012022256851196,ood_test
3413,42,0.03907177202080084,0.10441779057617205,2.081341112981152,0.15570232762693212,3.9811789905927806,0.9972765445709229,train
3414,42,0.02827324819053216,0.1960627641133489,2.8002287165938284,0.14863046820767478,3.125938406871988,1.0021501779556274,test
3415,42,0.03766749179990869,0.0666878548575884,2.3742453569585695,0.16009241761724796,2.59859262428575,1.000449299812317,train
3416,42,0.023261990959265073,0.055985080459733834,2.4287360716201074,0.09285020485113214,2.9236553257974536,1.0016610622406006,train
3417,42,0.04614265700910122,0.17238878984282224,3.4713237491593425,0.1868545060611282,3.2151176355147815,0.9991390109062195,ood_test
3418,42,0.04824068262221544,0.1755078878420645,3.1284712465199567,0.10900387005533835,2.61783613020757,0.9986267685890198,ood_test
3419,42,0.034294656045881264,0.09775085665844539,3.7411863370600753,0.10281380359638921,2.5149727499191163,0.9997321367263794,train
3420,42,0.03449345857476016,0.07623698932989732,3.4997229471505764,0.15040914591626095,2.870513238099791,1.0007429122924805,train
3421,42,0.041873912977753,0.06642283895272819,3.782140480410337,0.1761669295057349,2.630048439883498,1.0012781620025635,train
3422,42,0.0473772227765783,0.14966902392366016,2.1936397699654617,0.09812014640846961,2.721200907434384,0.9984780550003052,ood_test
3423,42,0.025100113276063655,0.12780218880460287,2.8542919369988407,0.16656916937502309,3.275356437636624,1.0006859302520752,train
3424,42,0.04548799665681074,0.12383508982640021,3.339861812581643,0.08860295486715661,3.054558219286794,0.9987802505493164,ood_test
3425,42,0.04426664057871239,0.1817414084484384,3.7315963461757047,0.1470498729677875,3.1008259261070434,0.9995279312133789,ood_test
3426,42,0.02127106938403985,0.09463747916642004,2.4453722558066184,0.15061615069782744,2.5066253820751,0.9988406300544739,train
3427,42,0.020029208813903916,0.16084023202315972,2.1511734130413327,0.12914936411070935,3.1078493880394777,0.998906135559082,train
3428,42,0.03925829688076683,0.1951759673022605,3.051455513553387,0.1397000329142185,2.8345765333792623,1.0026049613952637,train
3429,42,0.04340168689139774,0.1784786942025285,3.079244959870807,0.1608364289520014,3.955400533062612,0.9975160360336304,train
3430,42,0.04377201153417609,0.1759455426291806,3.6308512193431435,0.14033192914746664,2.565880125797709,0.9986581206321716,train
3431,42,0.04500173498702406,0.15316118368648776,3.4170151136262845,0.16231025182168868,3.5442184380884694,0.9991428852081299,ood_test
3432,42,0.04408039895335565,0.1013001252210125,3.973437394626867,0.19986249260264907,3.8028080770850066,0.999148964881897,ood_test
3433,42,0.03715149836044407,0.09607325430914951,3.2522675752401584,0.09232554759094688,3.1673948955363675,1.000544786453247,train
3434,42,0.020111001449191764,0.15208387243654403,3.6561157582358375,0.16526316844579036,3.812621952853479,0.9998248815536499,train
3435,42,0.03154362112223673,0.11140261839877957,3.36021904864769,0.17575681331492887,3.6879442318166857,0.99991774559021,train
3436,42,0.04554849247598035,0.17565102911276886,2.479070651531511,0.15851713084161762,3.126179655969068,1.0007814168930054,ood_test
3437,42,0.03779102495945028,0.09845571603645367,2.7580258277200276,0.10247872038099447,3.081637930259066,1.0004026889801025,train
3438,42,0.027273336810224598,0.11765020466903756,3.6893114550269095,0.09174009987450878,3.458715855709691,0.9972531795501709,val
3439,42,0.02895012491775057,0.08407781528237844,3.7619045209114184,0.09085817217545566,2.5303913835800036,1.0001733303070068,train
3440,42,0.03886095655968984,0.13020980447439162,3.060788448712539,0.18748637146414285,3.2114718644063416,0.9993352293968201,train
3441,42,0.04758060988678363,0.12478723266692361,2.31888885374364,0.12186256915069081,2.801843838363424,1.0005724430084229,ood_test
3442,42,0.042664001953306344,0.1921582185536843,3.975827064755909,0.18414831363505962,3.3777769128693453,0.9954282641410828,train
3443,42,0.048516128124300874,0.09232892887228622,3.6776975762803064,0.14657838935872844,3.9243324484594444,0.9976236820220947,ood_test
3444,42,0.044386136320770785,0.06707699910307412,2.1199337767038653,0.08707334889454874,2.7467403321393973,1.0011931657791138,ood_test
3445,42,0.02847353447983811,0.19389278374969732,2.5077674169985587,0.12468821331774321,2.5697148971369344,1.0024604797363281,train
3446,42,0.04039202837532345,0.11193088166001774,2.5204166068565064,0.14011197143518994,2.8568680372869575,0.99948650598526,train
3447,42,0.020226001701542498,0.1334830083709651,2.042229921648194,0.08215404343274586,2.8762753526802554,0.9990501403808594,train
3448,42,0.040663281187066413,0.14613884918337094,3.699346908708762,0.0828182104830029,3.910959428949192,0.9979607462882996,train
3449,42,0.02048244753829189,0.1474194449625209,3.154278338807383,0.15699027125116083,3.900775413335234,0.9999487996101379,train
3450,42,0.0459281372498472,0.14744275419213806,3.082997354318954,0.1010187686192718,3.932790526108482,0.9996479153633118,ood_test
3451,42,0.04275435535792451,0.11948956141748485,2.4923960045986533,0.14637195030222727,2.9167605765350073,0.9973828792572021,train
3452,42,0.048196578945971465,0.17465356861234985,2.496318767535281,0.15124948280727388,3.3702201193975387,1.002138376235962,ood_test
3453,42,0.028369083322197612,0.130985426806693,2.1118453696576034,0.09000381353033914,3.551498286800965,0.9998849630355835,train
3454,42,0.04019196443691632,0.06810238749354001,2.940874810255203,0.16582664665565144,3.6025917844558313,1.0019721984863281,train
3455,42,0.042735408328281134,0.09507991497197621,3.4698465554637226,0.12146224267955322,3.7328618386045855,1.0013716220855713,val
3456,42,0.04821320833053198,0.11951867416828223,2.4392108193828532,0.09618261347490559,3.5122337097809795,0.9972621202468872,ood_test
3457,42,0.045979139040502756,0.09679558317931009,2.881502969531423,0.17585434769522063,3.7627674199248013,0.9960532188415527,ood_test
3458,42,0.03847016125466784,0.1716164353736056,3.0513296027338503,0.0939267824278159,3.170215786805568,1.0018030405044556,train
3459,42,0.03891947644592943,0.08886308240611923,3.8064480334686666,0.10380170935902958,3.1798038351145346,0.9992358684539795,val
3460,42,0.023282305771113607,0.07557650591084203,2.5085034326803104,0.19194321202067918,2.6161686106762607,0.9982415437698364,train
3461,42,0.024893923658700287,0.1918338047221298,2.3884760641935334,0.1695614809316514,3.148839363704504,0.9976233243942261,train
3462,42,0.03731302320288971,0.08671453135814891,2.1672900303293705,0.09954889960365093,3.8216874371418594,0.9974232912063599,test
3463,42,0.030047855552129098,0.158093200377101,3.2973815010029055,0.1792372245825846,2.974108755518676,1.002873420715332,train
3464,42,0.03371320791542511,0.14373805198460787,2.088404041523865,0.09397163441283869,2.8921838541710265,0.9998512268066406,train
3465,42,0.0296253547116389,0.08115723233111448,3.9491572632732153,0.14208179013973746,3.771163336034991,1.001871109008789,val
3466,42,0.029840084597014586,0.059558621624611924,2.436151182453025,0.1333101265813008,2.934230690942548,1.003956913948059,train
3467,42,0.04307359766040781,0.14914666653185485,3.8727787098446145,0.14189315161204266,2.8771140704370723,0.9979983568191528,train
3468,42,0.04711947387225931,0.05926478114230967,3.752478800219574,0.17849682974276534,3.873074827540144,1.0013834238052368,ood_test
3469,42,0.027516400616970926,0.10980947609339473,2.835495174394524,0.11759684368134868,3.4007231596940777,0.9988197088241577,train
3470,42,0.04452337859066629,0.09859051933687293,2.1515783720958224,0.13965713344585393,3.660873050955884,1.0006115436553955,ood_test
3471,42,0.04205630546831382,0.1301144768127712,3.6253200264168797,0.09619536690793537,3.907893105227143,0.9995348453521729,val
3472,42,0.023950638469861424,0.059281765044755616,2.4029499472460234,0.10965726592633648,3.953652507645619,1.003097414970398,val
3473,42,0.030153752052527974,0.1168999185238629,2.831556429397243,0.1351107906286732,3.939521263349021,1.0005004405975342,train
3474,42,0.03527680440260638,0.10409284077734328,3.298280223672972,0.11749795047247708,2.7074579700486052,1.0000553131103516,train
3475,42,0.034911156182061254,0.10551705789163295,3.214302805630489,0.1422090877367661,3.2746898198741645,1.0018370151519775,train
3476,42,0.03645420580522722,0.08858416532460107,3.1634931011231826,0.18154325943852145,2.756357285130359,1.0014801025390625,val
3477,42,0.04418948551081744,0.14418950182687945,3.817235873603183,0.09556382219699924,2.5862302549019205,0.9995043277740479,ood_test
3478,42,0.04118722746964355,0.1527217589478962,2.7836672631892636,0.12218604727414523,2.838297270002821,0.9998738169670105,test
3479,42,0.020982823498783,0.10067702007518686,2.446199955346568,0.11316737330426588,3.22105112979177,0.9980659484863281,test
3480,42,0.030947884682217135,0.1738295143849572,3.042447321813392,0.10041912807772704,3.3081633485139434,0.9981647729873657,train
3481,42,0.0406613697371344,0.1835881023999602,2.289783034467794,0.18856369276791746,2.5067524801333745,1.000657081604004,train
3482,42,0.04272392236864392,0.06107196634462123,3.2066352683149746,0.19578627086887818,3.77121615478737,0.9978228211402893,train
3483,42,0.032935605010669104,0.0765029826007457,3.5332221385091955,0.11179033448544765,3.425619664635571,0.999592661857605,test
3484,42,0.04255519193220368,0.1560226190040374,3.0768331343875324,0.09338068814893838,2.5658950637981923,0.9989177584648132,train
3485,42,0.04944143910544721,0.07852875621105014,2.181828852119337,0.08097713567661995,2.968714998953123,0.9994754195213318,ood_test
3486,42,0.02218655453681232,0.05241370753539658,3.2110079677584142,0.10600609555278345,3.0503420956918506,0.9989879131317139,train
3487,42,0.0227372735689121,0.18193678365472005,3.932591413124787,0.1692367310840503,3.048376829666063,0.9985349178314209,val
3488,42,0.031204598884587022,0.16339958516698805,3.1572168872085298,0.18603309981188607,3.0599928489172363,0.9984447956085205,train
3489,42,0.025277646624533162,0.14801467246877803,2.582843390644096,0.1756469220194135,3.8413265097281304,0.9999611377716064,val
3490,42,0.034881036190845004,0.12391590682754289,3.6587934964058233,0.10687456460144892,2.9745831267164715,0.9996137619018555,train
3491,42,0.031357061951450965,0.09396280469244965,3.1803042020426346,0.10223971779389135,3.3090813889649047,1.0011131763458252,val
3492,42,0.028039015586044082,0.07227426097662354,3.180163256768407,0.12997079285027285,3.0201388348862857,0.996780276298523,train
3493,42,0.0403447590787233,0.19496732216348422,3.9478373312953563,0.1551018247074487,2.8453147020326037,1.0004091262817383,train
3494,42,0.030602881283809273,0.19805493300564914,3.8636439170500188,0.14652530368702682,3.620438779681623,0.9985717535018921,train
3495,42,0.041625529128914554,0.11592707415343736,2.9939726852272965,0.18322470238891714,3.1349943986408033,0.9991536140441895,train
3496,42,0.03154660048609771,0.1872525500367273,2.5800726561289373,0.10069002977075332,2.876015522605416,0.9986031651496887,train
3497,42,0.038376786717619446,0.12194834012011188,2.153285161078748,0.13807037245361406,3.4245886930815894,0.9989650249481201,train
3498,42,0.029912212183650443,0.1613245758692536,2.407593508502978,0.15743408157505492,3.0824081331290873,0.9972792267799377,val
3499,42,0.03617676049134176,0.05609860621027485,3.2044209124552356,0.13326778250242455,3.879256783134938,1.0001634359359741,train
3500,42,0.020525945498558698,0.1617929153798412,2.5295044101356527,0.16228568292941875,3.249526667306939,1.0022947788238525,test
3501,42,0.04956683078913703,0.06238722751489959,2.8533443501810405,0.17587248984047466,3.7727038343423356,1.000290870666504,ood_test
3502,42,0.04546116712149027,0.11052370593193195,2.998505225323889,0.13845254174462912,3.2163806080616633,1.0040944814682007,ood_test
3503,42,0.04942086017787259,0.13110535054978126,3.908772236801016,0.15516659423689833,2.835311939980979,0.9995861053466797,ood_test
3504,42,0.04397207711153053,0.07173714439659946,3.348949868464233,0.15171436823331252,3.405291376053732,0.9989943504333496,val
3505,42,0.021600676354698985,0.13077065173794494,3.739634737578844,0.1635806973183629,2.6259460524067055,1.000598430633545,test
3506,42,0.03441552192276935,0.10557466240515764,2.6589574600783292,0.18400097122001693,2.6175769904672324,0.9998685121536255,train
3507,42,0.026723355547932436,0.17479815012931182,2.742565083471128,0.08209715100749533,3.664509128306321,1.0011560916900635,train
3508,42,0.04406412347271903,0.12632301545948704,3.065937503474963,0.1839818408794388,3.4017846833963317,0.9999328851699829,ood_test
3509,42,0.041384129984153334,0.11646431688897611,2.2871775134266414,0.13934741092962524,3.7171568667881445,0.9967654943466187,train
3510,42,0.038147422201911516,0.052608489233891435,2.8901655800902075,0.13397261340069516,3.6818631941424016,1.0015068054199219,train
3511,42,0.037350730191907384,0.0884903458660774,2.705794635767888,0.08072001764072105,3.8343588691107136,0.9988890290260315,test
3512,42,0.045471512093078,0.18177651570752423,2.4042496648529363,0.09841642317636029,2.9938086521015066,1.0002332925796509,ood_test
3513,42,0.04026608228757206,0.07422459273616713,3.807218702379161,0.19849033200221833,2.9113433428802558,0.9989669919013977,train
3514,42,0.026577096109595664,0.16947138947389523,3.69627594567116,0.13147210660920813,3.65587424662505,0.9987725615501404,train
3515,42,0.04118592918438142,0.16803282595708455,3.7988697881762974,0.10467352198682503,3.026469633187752,1.001242995262146,val
3516,42,0.042356019321257266,0.06291187977488007,2.7684927776420265,0.08759698021114806,2.763058841554281,0.9993614554405212,test
3517,42,0.04602947681595009,0.08590582758181875,3.921418671266512,0.19212001398674006,3.3367791647038363,1.001772403717041,ood_test
3518,42,0.045326371073694,0.1591679213793888,2.0931132991303123,0.16664978747504164,3.333617652536186,0.9991496801376343,ood_test
3519,42,0.02562874570808815,0.17625884527635577,3.3462339400551224,0.1408660894053393,3.3020401833936868,1.001755714416504,val
3520,42,0.035171845062744865,0.15214716666914774,2.438233271953143,0.15178964124071512,3.7074887511090626,1.002068042755127,test
3521,42,0.043221096732092415,0.07929219251320395,3.5716607589432203,0.15681710146877217,2.829162572318966,0.9987086057662964,train
3522,42,0.04702678188557694,0.13073944614299332,2.584841840520655,0.15296693684684542,3.6530052660227508,1.000995397567749,ood_test
3523,42,0.0350043671078286,0.1352874491232649,3.3673635650692315,0.18865403530569466,3.6713473839331123,0.9997085928916931,train
3524,42,0.04619689589535976,0.11410469405991151,2.8338389347756583,0.12770941458466142,2.733612139762302,0.9996628165245056,ood_test
3525,42,0.029169627048719247,0.13309547446722592,3.8365732563394883,0.16878332201797988,3.0489588233721223,0.9996834993362427,train
3526,42,0.030618057176596117,0.07430440873406954,2.69305556597497,0.19798867431317427,3.5922333586934796,1.0022317171096802,train
3527,42,0.037704260821730326,0.17582523298054298,2.283712230941125,0.1425459474245626,3.9032848387990375,1.0016149282455444,train
3528,42,0.025708604693005767,0.15646197516400617,3.2006024384786556,0.09852907164770015,3.930520943733307,1.001096487045288,train
3529,42,0.04764942404217748,0.15777043923423606,2.815487066899493,0.1115870750180436,3.8305190892087295,1.0000452995300293,ood_test
3530,42,0.03298130462603083,0.09849651916212969,3.4625250886158314,0.18810188554245572,2.909103650022682,1.0013386011123657,train
3531,42,0.029695575323278482,0.16469233277871168,3.4726656058657612,0.17560680680624602,3.7219791989564603,0.9976997375488281,test
3532,42,0.04672273806100226,0.1659006347596494,2.06766973256024,0.12183081538784354,3.725048391480362,0.9998254776000977,ood_test
3533,42,0.04945029217741059,0.18325677875140062,2.745563795369912,0.08889419421680657,3.5370276307854436,0.9989577531814575,ood_test
3534,42,0.02874263847099717,0.14065871704311583,2.2191465780089317,0.1955752148173423,2.6932114806897536,0.999937891960144,train
3535,42,0.03237249731630028,0.1867105245675258,3.995844613652795,0.15619374965708704,3.874592822360828,0.9987137317657471,train
3536,42,0.020717435124681716,0.15108653993717147,2.4842096606828967,0.13738953053748915,2.5731324024700335,1.0000725984573364,train
3537,42,0.03432150435110998,0.189860940503419,2.9690668062579393,0.08810061139994968,3.3310879698763936,1.0000824928283691,train
3538,42,0.03219890227670098,0.05819811928018983,2.8589876276597064,0.128190350540142,3.5361361542547667,1.0002317428588867,train
3539,42,0.024773899173234176,0.09324961554628655,2.945284170064646,0.19837356574895315,3.7137595989283643,0.9989489316940308,train
3540,42,0.03768942931874934,0.1719092352246897,3.9085411208077234,0.11315007882716524,2.8782677025135603,1.0016531944274902,train
3541,42,0.04328396297407407,0.08156080250655101,2.7727330172289677,0.08613160419674123,3.081170416883345,1.001727819442749,test
3542,42,0.03251428785369301,0.17655750802823816,2.4985105770669733,0.1909026686143675,3.256548469395149,1.0018281936645508,val
3543,42,0.04091265907060762,0.1607945390469836,2.7867097898320115,0.11785374776745161,2.967527193799086,1.0011459589004517,train
3544,42,0.0421503321842204,0.06612975166634222,2.837607123977164,0.09768887588774504,3.7900354234077605,0.9987332224845886,train
3545,42,0.040462903939778874,0.13558954963641143,3.4386359330660663,0.09331233100077997,2.802613037530734,0.9994585514068604,train
3546,42,0.04181032109142749,0.1468897588780257,2.8419553763051004,0.1775468664861724,2.6296956555498716,0.9994558095932007,train
3547,42,0.04850525972639978,0.06391886556329017,2.9241275387170464,0.1338053940317387,2.5073831540329734,0.9987645149230957,ood_test
3548,42,0.0350213177990116,0.11310921117636363,2.012120837714883,0.11069524117500669,2.5451990632591013,0.9991798996925354,train
3549,42,0.03973766460941369,0.1967980781899495,3.6691164786555457,0.1190807208417557,3.741067653546942,0.9984988570213318,train
3550,42,0.043110386404452194,0.11019802283851943,2.223193060795161,0.1299396109369073,2.9290856233911793,1.0000758171081543,train
3551,42,0.03851291128004323,0.12327903887655421,3.2808185928610754,0.10732975481404694,3.844167767387707,0.996820330619812,train
3552,42,0.03034816365014952,0.17135957495244897,3.504895544111516,0.1979317615537082,3.5024553689953635,1.0001286268234253,train
3553,42,0.03512652832824522,0.10889869816857649,3.603928133486997,0.17880900041436923,3.2646437032504685,1.0011241436004639,train
3554,42,0.03528935398837102,0.12037782702386916,2.5079358727263514,0.10301459801875118,3.3738999624009454,0.9977725744247437,train
3555,42,0.025938095164081958,0.18643617435006676,2.5416434238048646,0.18383595599513813,3.0379828025672246,0.9970699548721313,val
3556,42,0.0484377434125831,0.18579128731762806,3.470888424692655,0.10118810547882728,2.8645909534915908,0.998572826385498,ood_test
3557,42,0.04525883439736919,0.17882184995207684,2.7557270517347994,0.16234555272477377,3.9611787709499824,0.9999476671218872,ood_test
3558,42,0.026147348099008802,0.11827236180411009,2.0389296806740043,0.14264872842228396,3.6382677300480712,1.0020772218704224,train
3559,42,0.04605184473261844,0.18204953120738426,2.3606912231383217,0.1447316168803459,3.044267015794134,1.0008454322814941,ood_test
3560,42,0.03364112181822431,0.13382146093737673,3.915539453888907,0.0922202475648881,2.8956870750830905,1.0000076293945312,train
3561,42,0.030248635051573547,0.14036468685833564,2.197228055267866,0.19194616349846727,2.8019760793415567,0.9975076913833618,train
3562,42,0.0237072782428941,0.13612205656016613,2.60972592233096,0.12836019900017948,3.682005545411131,1.0007576942443848,test
3563,42,0.03650750034458095,0.1767796080474513,3.833103263717218,0.08851409527171825,2.916865835455871,1.000399112701416,train
3564,42,0.021393146688759388,0.11053549606310045,3.6476482637533003,0.16017282167152286,3.656757205513773,1.0004611015319824,val
3565,42,0.040894612161927885,0.058167584523586,2.8063841815869948,0.19167639975122377,3.4931785585907384,0.9997826814651489,val
3566,42,0.04091602592069266,0.1181830807080626,3.8700724955629777,0.11283508346397447,3.6298711278410267,1.0027263164520264,train
3567,42,0.04012651259623595,0.1650244175617572,2.769807833400408,0.19371920353701422,3.407065292177167,1.0016857385635376,train
3568,42,0.04476987132638993,0.11152279059771229,2.8284075794958463,0.16088682185072992,2.879395468577212,0.9981036186218262,ood_test
3569,42,0.020020910014033135,0.1815922368654787,3.4976163219150647,0.11717696443959105,3.3653052693812535,0.9988232851028442,train
3570,42,0.02726435204137917,0.1573535289981208,3.1202899260593386,0.16734047145872466,3.120345510636878,0.998684823513031,val
3571,42,0.03878471282706508,0.14815674963265027,3.9629747759964307,0.14312500671289735,3.3645178944267062,0.9966633319854736,train
3572,42,0.049239155704461815,0.18518805213405493,3.893983326353988,0.10683598145178448,2.9395025037455165,0.9989338517189026,ood_test
3573,42,0.020145847264302196,0.14538641157464394,3.2186631413135247,0.19527833663461508,2.8370129563620887,1.0010783672332764,train
3574,42,0.03112780146438042,0.13683022809282958,3.4475378372195173,0.1382489432044008,3.234015504367191,1.0001482963562012,val
3575,42,0.04350293779075942,0.08464639133643811,2.798421866782811,0.1324477397508848,2.953190607416467,0.9968303442001343,train
3576,42,0.028409822795078123,0.1679505249183052,3.706087632924075,0.12807999626126973,2.9110808852301924,1.0002413988113403,train
3577,42,0.03605660375895063,0.1761475662124506,3.8726433657463297,0.08912372327523395,2.963876645992346,0.9992727637290955,train
3578,42,0.040483245832657694,0.14106698531610057,2.055862625941547,0.12689846054671358,2.513380654916517,1.0001944303512573,val
3579,42,0.036471680250567406,0.1474741428425721,3.056841541335581,0.16421047737474165,3.06627069185207,0.9989986419677734,train
3580,42,0.045480585308164165,0.11214225861217653,2.871014048799459,0.1964120912134423,3.6930801482832214,1.0059131383895874,ood_test
3581,42,0.03055245679612159,0.13074516765126876,2.3683761783041684,0.12653408472242458,3.850690804443353,0.9972386360168457,train
3582,42,0.021932533304242007,0.14835793574857994,3.928722526401603,0.09227496495090576,3.8862683414839534,0.9983408451080322,val
3583,42,0.04478732875928767,0.19273043891795666,2.8658096383223404,0.16717660872841128,3.1525658849034306,1.000913143157959,ood_test
3584,42,0.025480607474508532,0.17339932957235016,3.5188676752824315,0.12101450308788109,2.8170206616575855,0.9987622499465942,val
3585,42,0.028149253626318295,0.15571471671840653,2.9378931341840433,0.10373785897069825,3.449137351152653,1.0029430389404297,train
3586,42,0.043542900278069424,0.18823715187029444,2.4713579848769,0.09568174519255473,3.2677151443784354,0.9999577403068542,train
3587,42,0.033732729429911484,0.1944092843398531,2.4592127139728426,0.10901767975042964,2.8963563094298332,0.9993380308151245,train
3588,42,0.028285012761099217,0.1285511388030136,2.3130516103689223,0.1361730910224345,3.6374585863478712,1.0013236999511719,train
3589,42,0.033600818383918915,0.05469761128526149,2.1247726518141876,0.09524531333654133,3.7553035518768545,1.0002168416976929,test
3590,42,0.022552492163327914,0.18631790552649174,2.7652137271291264,0.15677453371667796,3.4062064308178024,0.9962695837020874,val
3591,42,0.04016848214057242,0.12362061165600725,2.451590843973817,0.16398193479694756,2.595685598817427,1.0001206398010254,train
3592,42,0.03215667791892029,0.1434672514103636,3.216966367397509,0.11013400437969513,3.7313330860378517,1.0002551078796387,train
3593,42,0.03510669429184886,0.10951001810604133,3.320463814844633,0.08612736778767821,3.6018541588261623,1.0010746717453003,val
3594,42,0.026983179975602026,0.09199661045507618,3.7588266794378162,0.1329521738391573,2.855689329825274,0.9996646642684937,train
3595,42,0.03272475789559809,0.16826013387165,2.264998325192312,0.16424946134195934,2.5228251961522465,1.000826120376587,train
3596,42,0.022710545597669714,0.1036416601926976,2.5375447515937735,0.18732985319478668,3.435016546130475,0.9964144229888916,train
3597,42,0.040285879716231224,0.14338398151048315,3.4962673409100065,0.19411922216334743,2.5679851736564245,0.9995527863502502,test
3598,42,0.04119576629596785,0.18884820501192756,2.2862691351443383,0.16658051422196168,3.973362190031297,0.9982641935348511,train
3599,42,0.04447918233122149,0.06273024271657539,3.8536714911334036,0.15932590330776814,2.8856145427249866,0.9986145496368408,ood_test
3600,42,0.0295437385991943,0.16759290086950224,3.6293786565254518,0.17797436233084896,3.2304360163993113,1.0025056600570679,train
3601,42,0.0231887365731007,0.14946127650759022,3.6404333518961653,0.1443241460856729,3.0341605781980365,0.9995160102844238,train
3602,42,0.04487531442141708,0.06713429710443772,2.558036765322619,0.12744843689058333,2.639291251175175,0.9999136328697205,ood_test
3603,42,0.038812457813255465,0.1656832538183439,2.8208314631076847,0.13448924857197989,3.818223454373877,0.9992800951004028,train
3604,42,0.03741529364979497,0.16850623052350494,3.683665548118232,0.08526891532530238,3.3414718126034275,1.0006259679794312,train
3605,42,0.04934530984914821,0.16577140710292287,2.7471774632969304,0.19354046212917886,3.8734849769655466,1.0004535913467407,ood_test
3606,42,0.023044090142867558,0.09574492736968374,3.6846082830293163,0.16250845027261113,3.6852707934247735,0.9997742176055908,val
3607,42,0.024955703454012684,0.10022311845165623,3.44909495252137,0.11411023839273968,2.857980655998131,1.000383734703064,train
3608,42,0.028333631488826783,0.1689971684259179,3.5874898277734832,0.10637473296952267,2.7103233820238626,0.99836665391922,train
3609,42,0.031023064768640144,0.05913989416356774,2.5070549940666167,0.12109402704675919,3.3228141463486236,0.998986005783081,val
3610,42,0.02940719049699625,0.11446809070646,3.864374781455262,0.11251631899657083,3.7405773868056147,1.0011085271835327,test
3611,42,0.02151651482221581,0.09417645944904679,2.0675800577445638,0.19337290928506265,2.736584798247256,1.0018367767333984,train
3612,42,0.029367516972593488,0.1219973334870834,2.5110523990926006,0.09421955618126454,3.112095275590119,1.0009667873382568,val
3613,42,0.02143212466160346,0.1265599933155063,2.7523701932451696,0.08961249338935783,3.3773194115382643,0.9996751546859741,train
3614,42,0.047942235570091196,0.1614221591599913,2.7886646646971576,0.14970982692415188,2.8840972944290435,0.9997866749763489,ood_test
3615,42,0.03665178544570895,0.1034621690421421,2.2647718060772375,0.16643082895523342,3.8588907099720817,0.9978080987930298,train
3616,42,0.03315409832479146,0.14370891015684994,3.4301140676005684,0.15191567336750833,2.8594322441581115,1.0016388893127441,train
3617,42,0.02014894600997598,0.06439835582119041,3.818094770972134,0.1429445949728787,3.5812654706865175,0.9988124370574951,val
3618,42,0.04607197710582184,0.1009743026176165,2.213300896717925,0.12102686056108869,2.712110693335353,0.9987199902534485,ood_test
3619,42,0.0422911672254377,0.15003640473112523,2.688222226090016,0.18248265517197598,3.9831756604168618,0.9987870454788208,train
3620,42,0.021906473517657076,0.1128616442769764,3.8965538111856164,0.11240249706143898,3.7464690144153607,1.0014841556549072,test
3621,42,0.03666112581089859,0.1904284104649882,3.5637809557904774,0.15020089330949554,3.5762046365151585,0.9999175667762756,train
3622,42,0.034780956257643277,0.18098796948460893,3.5880680821262527,0.12849063489715054,3.6527262530938165,0.9998935461044312,train
3623,42,0.023832136644280227,0.1348979017800383,3.834889328095421,0.11077817998082429,3.8158717125206585,0.9975581169128418,train
3624,42,0.026599728727418483,0.0962917953443296,2.4975982180136183,0.15082699189055873,2.9804822708494267,1.0006117820739746,train
3625,42,0.02760168187054865,0.07345740919912902,2.7203514003103053,0.11698952241175373,3.6551052268730917,0.9998010993003845,train
3626,42,0.026133554233765757,0.09017497382407577,2.6121803931557475,0.19693580043887132,2.5039465195015422,0.9991655945777893,train
3627,42,0.02368290155906667,0.07940318746954388,3.160305718905221,0.14691799045263226,2.7230025755777927,0.9997338652610779,train
3628,42,0.03742792740183214,0.0737268580804364,3.701049339937585,0.09142196305984666,3.5180851797295043,1.0009665489196777,train
3629,42,0.040203341567389694,0.05791311833374672,3.74059566297301,0.13684667058857583,3.4160805558898506,0.9981779456138611,test
3630,42,0.026765846571961432,0.07395162910004094,2.0045803258210695,0.11927196772513815,3.829043154443334,0.9964165687561035,train
3631,42,0.028540181934120022,0.07310260243685464,2.316622767715659,0.09602407609801406,2.66745503063542,1.0004709959030151,train
3632,42,0.03215017666877051,0.1368469366840248,3.0455338717088694,0.13377673073884067,3.219905406346907,1.001209020614624,val
3633,42,0.04209414191647454,0.07063598101904993,2.0458847277454915,0.09027875464356175,2.592864366156181,1.000707745552063,train
3634,42,0.0381614798476904,0.10703516730014516,2.021194809295029,0.18136809454846348,2.9226058309383265,0.9998616576194763,train
3635,42,0.036875741755379346,0.1521160749317796,3.788613661650505,0.08771099391789178,3.4590297802791325,1.0001389980316162,train
3636,42,0.03189245822725845,0.10288211826874882,3.024521804619104,0.18468103378537892,3.418711178407235,0.9983124732971191,train
3637,42,0.020236483263271654,0.16368259482456615,2.9401201406890323,0.16427108083937553,3.5350545661356194,0.9989016056060791,train
3638,42,0.044983560103821055,0.06860425562883776,2.13673455893494,0.17028563641546596,3.239344180886391,0.9991933107376099,ood_test
3639,42,0.042069566947387615,0.10111485139989632,3.8999028508722917,0.11788783776026013,3.013382162460513,1.002045750617981,train
3640,42,0.04735620944842023,0.12100978474728417,3.593229176553315,0.10206397818284432,3.840190823729901,1.0024573802947998,ood_test
3641,42,0.03617594042212802,0.05368130876923507,2.872457885582137,0.11331467907970412,3.235180342943501,0.9987038969993591,test
3642,42,0.020333814073646796,0.09226566817195025,2.175686620126891,0.16390748531537513,2.88868240570295,1.0010709762573242,val
3643,42,0.028532597946564868,0.11242875008670214,3.9579292196259486,0.18019654295609536,3.9290484525931495,1.0018465518951416,test
3644,42,0.03453465336400793,0.18420229141864103,2.1612687174618053,0.15092339295509943,3.588127148120476,1.0006240606307983,train
3645,42,0.042302423205350895,0.05011535984743719,2.901125691673016,0.13150069928626734,2.8309673921376572,0.9989827871322632,train
3646,42,0.03956935301162247,0.12675786128042713,2.0152091266836356,0.1636288164439904,2.927604653730084,1.0023006200790405,train
3647,42,0.027274784699877805,0.05640076052370881,3.0899337273962475,0.09118967297743445,3.7781411493139463,1.0007081031799316,train
3648,42,0.04434593713507683,0.10219760370172892,3.244203795105687,0.13986340944326225,2.7588066382151655,0.9986382722854614,ood_test
3649,42,0.042441401165190074,0.1620206459997695,3.673665059331518,0.10332172978084775,3.4985757633913224,0.9986070394515991,train
3650,42,0.022770444490979078,0.11297672545561341,3.635856927682953,0.15779660370861404,2.8303925008370534,0.9991042613983154,train
3651,42,0.028951480929143035,0.09949175554386948,2.7786145108716878,0.09981440379620565,3.8883248073155983,0.99958735704422,val
3652,42,0.04618467143965575,0.11783284810534216,2.3281089449968997,0.12739364393469393,2.5426595075937453,0.9993833303451538,ood_test
3653,42,0.040634833035975405,0.17131093900584943,3.8288013902178664,0.1129335446654294,3.915723422291984,0.9993242025375366,train
3654,42,0.03670476365548138,0.17868468473771942,3.926703028082609,0.1410934866455128,3.4057915848561366,0.9987916946411133,train
3655,42,0.04183456027743776,0.06090896548397276,3.2631494522863074,0.1348211529794972,3.711789290547883,1.0006823539733887,train
3656,42,0.04812421876882561,0.05468132104653717,2.7548539140844595,0.16166085376928346,3.050807061143267,0.999422550201416,ood_test
3657,42,0.026440243079478155,0.159552864276458,3.8828822741546825,0.10554593910566595,3.355407197763159,1.0006630420684814,val
3658,42,0.036958103063847496,0.11433488466467391,3.1520081490682585,0.0864625391221052,3.8904002055075027,0.9997543096542358,train
3659,42,0.03880054825387158,0.071911881484468,3.26535190483574,0.16895893974396475,3.4253775176046464,1.0001646280288696,val
3660,42,0.03724006225624541,0.13443919438353868,2.260176720577079,0.1147822884609319,3.3179741501361093,0.9987244606018066,train
3661,42,0.022975203663920998,0.1530316810907223,3.3330182877235224,0.16770667238235176,2.9904641925469657,1.0005455017089844,test
3662,42,0.023272645537680398,0.19082034618124805,3.6579770148122943,0.1704282054796521,2.8630222490561335,0.9985799193382263,train
3663,42,0.027552944345463543,0.16483393218001746,3.238439512647239,0.15652713867850043,2.6798781502985123,1.0002394914627075,train
3664,42,0.04397625079043234,0.14840023407393263,3.205605929894433,0.14612048574392766,2.7884783487034466,1.000447392463684,train
3665,42,0.030497285400870745,0.11020507545230725,3.794381879967019,0.08788498844688108,3.8273958344908263,0.9991999864578247,val
3666,42,0.03784246617328668,0.05644555268852507,3.5736284693673,0.1075245706041569,3.4841236927679784,0.9987090229988098,train
3667,42,0.03200629567255024,0.1754477300041572,2.4411728101635717,0.10725251677240241,3.7882317537476324,1.0011320114135742,train
3668,42,0.03226485418415216,0.07623978725690475,3.5063463973932043,0.10514472508153029,3.7389959952157046,0.9987826347351074,train
3669,42,0.04746139307835492,0.18185705492349336,3.260731077711224,0.18559114383667102,3.4197028285395215,1.0008039474487305,ood_test
3670,42,0.028668603953586204,0.1955896856441533,2.2022136698897223,0.16030583487739272,3.325928396681123,0.9985699653625488,train
3671,42,0.022229612903981285,0.11461793934635964,2.6701375032261234,0.1357026737915699,2.591965745556264,1.0006380081176758,train
3672,42,0.025195658117384397,0.16389366471926844,3.9725899193780156,0.13360284345200107,3.28540008035163,1.0035017728805542,train
3673,42,0.04788006165298521,0.09152681917839717,2.902202534676013,0.1131711107295017,2.6576559783486733,1.0004000663757324,ood_test
3674,42,0.02396436186570581,0.12566603908476476,3.791763446512335,0.09633888649690332,3.751204567625559,1.000291109085083,train
3675,42,0.029819081990677666,0.05297512188381585,2.368315963661517,0.09881967308513506,2.91575084893729,1.0004953145980835,train
3676,42,0.03160476092389812,0.16093346927432273,2.5172450231929178,0.10789224986556112,3.9420758925702244,0.999176025390625,train
3677,42,0.046367285051925666,0.14610386804540837,3.0931109212853167,0.14209217921575837,2.540399772894029,1.0000401735305786,ood_test
3678,42,0.02599179857621632,0.11877965289864947,3.93960308811572,0.15509108434343416,3.858316755418846,1.0012129545211792,val
3679,42,0.03782113311818353,0.0621433112523885,3.5296186594177046,0.1799736263950889,3.99666541137157,0.9995334148406982,val
3680,42,0.021420521357555924,0.10037113165566174,3.405945225939033,0.10795140375819329,3.4037875285409642,0.9993842840194702,train
3681,42,0.03698067651592207,0.08232022682033598,3.0551468317852644,0.19070494604148647,2.6325247871177524,0.9998239874839783,train
3682,42,0.04185985127470783,0.1578944246740452,3.0682942151753103,0.09635106052352146,2.8171712222532435,0.9991978406906128,train
3683,42,0.02493335969322537,0.06176018620058421,2.8899220103832404,0.11649781928265127,2.588728504136706,0.9999146461486816,train
3684,42,0.0393861822953373,0.15527543390565063,3.339285080045686,0.09427125097862522,2.8680764523358926,1.000535488128662,val
3685,42,0.031466074050823356,0.07634871402173585,3.701209943041696,0.1287962439071059,2.6963912567404202,0.997783899307251,train
3686,42,0.0405169723833458,0.054340673406491076,3.329742613793875,0.1931098472301207,3.3971233424372302,0.9999510049819946,test
3687,42,0.04481243225846683,0.15945411904875667,3.6233151393560368,0.08256652763322728,3.224770254417911,1.0002946853637695,ood_test
3688,42,0.03626725176365166,0.1284634789474864,3.6047178662143113,0.13176191396247253,3.807626093997848,0.995988667011261,train
3689,42,0.0324314130185688,0.05529040386120088,2.6543949559611653,0.08844935638971325,3.2869370978361423,1.0001834630966187,train
3690,42,0.040647238936945954,0.15104199067756408,3.494847633052961,0.1068577564087012,3.3106496138760333,0.9993557333946228,test
3691,42,0.03666346438751638,0.19148238192506845,3.8844603874246637,0.10912746372982844,2.6631896685571563,1.00105619430542,train
3692,42,0.049037578145295364,0.14386505870143548,3.3517794473211935,0.19466315092773728,3.918288982447862,1.0019333362579346,ood_test
3693,42,0.04561372256092296,0.17505403896512334,2.6473623582546812,0.1002995886340032,3.6017237570966723,0.9989340305328369,ood_test
3694,42,0.025044539686913045,0.09515598317151838,2.5432674626484033,0.15004555998289493,3.8490885260460406,0.9980925917625427,test
3695,42,0.025328633391187513,0.09013129267316039,2.3905708704053032,0.15791843152187196,3.2904423266547145,0.998652458190918,train
3696,42,0.029774941129296018,0.19133720625024292,2.5082660048774477,0.16481296830494546,3.8526605772986775,1.000722050666809,train
3697,42,0.0255601143427531,0.16592926092343632,2.671884754066454,0.08003267823214999,3.8472646666143913,1.0009344816207886,val
3698,42,0.04193348088231136,0.08545550082863167,2.6507522949289055,0.1401014983432995,3.211366166531403,0.999620795249939,test
3699,42,0.03484323451647438,0.19561286785999682,2.5334646523544784,0.10362460289967107,3.073835441419779,0.9988183975219727,test
3700,42,0.022249990705204517,0.08637106139538364,3.0115241707515095,0.19126264461621523,3.714788133854448,0.9984550476074219,train
3701,42,0.03074542516554881,0.14894418780956986,3.137313163091201,0.10034638756734515,3.6539231789235997,1.0002317428588867,train
3702,42,0.04652241806249912,0.19186223312213285,3.0614102423332676,0.18743654758840045,3.6884847584105325,1.0000274181365967,ood_test
3703,42,0.036169381784684033,0.11545465197896573,2.169424858060278,0.11155427690582637,3.6356626660932143,0.9995468854904175,train
3704,42,0.029458441103560246,0.131163076092986,3.251183120406295,0.10246562178087376,3.860719787179978,0.9986759424209595,train
3705,42,0.047435284086727536,0.18668766342736615,2.573524458496621,0.12098741790162257,2.7741314839578544,0.999352753162384,ood_test
3706,42,0.02661269264401433,0.1605172464815926,3.7601795604952595,0.1479700330135012,3.3545065932268865,0.996175229549408,test
3707,42,0.02520143814071285,0.1450516582706664,3.9046369556157776,0.156148614350989,3.886245332724384,1.0029405355453491,train
3708,42,0.03212889118943172,0.19384848664109522,2.1928142843247693,0.0960579945185601,3.397687677613178,0.999190092086792,train
3709,42,0.04671463889890745,0.10376798012654452,3.151893518535984,0.12688720320463792,2.8792772827594666,0.9993023872375488,ood_test
3710,42,0.028377282980509337,0.11297303383063459,3.924012677429179,0.15303772818442535,2.7834717490226604,1.0008583068847656,train
3711,42,0.033662059630986625,0.09117994795706591,3.1947088772471917,0.09859084583743379,3.188642497285313,0.9979820251464844,train
3712,42,0.04340139130321434,0.1243491602420978,3.53900250078642,0.1302911823306924,2.820005409725992,0.9999822378158569,train
3713,42,0.025064025295394095,0.17926242554192567,2.718735441378408,0.16573864381732734,3.9349411498614226,1.0006942749023438,train
3714,42,0.04962378303269328,0.16537428998974513,2.7813184686033776,0.1954338893422381,2.6620959664429105,0.9999457597732544,ood_test
3715,42,0.034787500857975925,0.1752012763351723,3.953883554454826,0.10209450754741276,3.8716923199000775,0.9992790222167969,train
3716,42,0.04889025085271041,0.09838242316689422,3.892925766401728,0.09870566419777149,3.85489818144813,0.9970934391021729,ood_test
3717,42,0.036339715364531185,0.10828583897289301,3.289079928439514,0.18099246286096143,3.3837843155401095,1.0000356435775757,val
3718,42,0.029336520943328687,0.14895519507342647,3.1414038060385487,0.09357117215570215,3.1496189530577348,0.9994295835494995,val
3719,42,0.044066342084219,0.1463061036854872,3.5579161352966207,0.10700763406147236,3.0694744173400785,1.001298189163208,ood_test
3720,42,0.03148461939577136,0.07063602550940187,2.1448193421166595,0.13437954588465814,2.844890168764346,1.000002384185791,train
3721,42,0.02383162841112936,0.11901538156659279,2.733692079925938,0.17573942378407398,3.02340791092539,0.9994769096374512,val
3722,42,0.04030152506348254,0.062080092988237884,2.0176787776947345,0.14292490784127845,3.7167517035652624,0.9984302520751953,train
3723,42,0.024899228365065237,0.1629171928690638,3.74058082944095,0.10994010968097453,3.9997357670398976,0.9985246062278748,train
3724,42,0.023063064953288366,0.19568271545235044,3.453644042624747,0.175853043664557,3.76398608368834,0.999117374420166,train
3725,42,0.039771876049825586,0.10340875019869822,3.2107153871524274,0.15654078487769574,2.5796805354383388,0.9997633695602417,train
3726,42,0.02047251716045935,0.09490358192934717,2.507991623766355,0.16334084867286636,3.319914678970016,0.9993435144424438,test
3727,42,0.03735413542984054,0.1828643079875792,2.0528383219966493,0.14011314170855135,3.761915852317571,1.0008876323699951,train
3728,42,0.04734500378666229,0.11277594009849654,2.121683785590117,0.17927337045105787,3.7643794265911423,1.0007281303405762,ood_test
3729,42,0.025051644606203915,0.05067883593618792,3.8338009104647828,0.19420786495152695,3.417456541800526,0.9984846115112305,train
3730,42,0.04994212026299868,0.16374527316756748,3.7287014560657816,0.10838432773757743,2.823621304835052,0.999114453792572,ood_test
3731,42,0.036894179013543874,0.19038128560928474,2.8007515470302358,0.11916988397087552,3.1952657907643083,0.9995846152305603,train
3732,42,0.048793154413130785,0.14510781741900947,3.3166345551373535,0.08617331307898932,3.9479861509256624,0.9976775050163269,ood_test
3733,42,0.03827614684165917,0.08427923113021493,2.6668398856736903,0.13360279091560393,3.3140546349497475,1.0015949010849,train
3734,42,0.02167174667872231,0.07243913319629477,3.547242493819821,0.16735533472767117,3.284017575416601,0.9991352558135986,train
3735,42,0.030792983038063316,0.09048278659516668,2.90881747118778,0.18609931752058967,3.9172675268134585,0.9978673458099365,test
3736,42,0.026086363944675436,0.18895972635394326,3.7611075272009407,0.13116898838060398,3.1282781126797143,1.0019230842590332,test
3737,42,0.030838300229816692,0.10587143204180532,3.7870747174270454,0.18689286195645607,3.557715120341055,0.9994125366210938,val
3738,42,0.023593551330042418,0.07857047268084053,3.6122723591456607,0.1669617125785977,3.6744876082639126,1.0016471147537231,test
3739,42,0.023629691062175447,0.14360874904976767,2.2148784036988527,0.1344736465003191,2.727205172655119,0.9986742734909058,val
3740,42,0.021414955990548497,0.18000456486288702,3.9804937134258367,0.13060605459192706,2.869033996707616,0.9996157884597778,test
3741,42,0.026466369588042986,0.08105426221321022,3.8654506212272324,0.15752940201627638,3.986160462326159,0.999245822429657,train
3742,42,0.020787208521316016,0.1224936775620129,2.4285392212862207,0.13270603562869,3.2290860646419994,0.9999767541885376,val
3743,42,0.020757678557293074,0.17341185663592626,3.0616915395029705,0.12112163719960163,3.4241174992864263,0.9993798136711121,train
3744,42,0.02787001473454728,0.1486055453458069,2.1254330408553948,0.1643076867329777,3.8943537559176478,0.9974571466445923,train
3745,42,0.03295393781357925,0.10343168704471813,3.516429042264961,0.117482052846201,3.620382483330921,1.0022138357162476,train
3746,42,0.029016764006476327,0.0580566541338397,2.721189295893493,0.16798064279164102,2.701368360418103,0.9997900724411011,train
3747,42,0.03160877197344066,0.06793899343436083,2.110057693408981,0.14945383930223438,3.3186284125871612,0.9974026083946228,train
3748,42,0.0214804025508039,0.06907614552467722,2.3081588985307393,0.13177396854407514,3.4384246057516217,0.9978974461555481,train
3749,42,0.04966035933894718,0.1813671320135325,3.509994996576804,0.19690861511318375,3.93965996176631,0.9995640516281128,ood_test
3750,42,0.046194999526178046,0.16547603186591658,3.5860358797834415,0.08525813010421189,2.8423936158897396,1.0004119873046875,ood_test
3751,42,0.0327901645814717,0.06329731705071368,3.994846041512459,0.11356587521463153,3.5967427241882417,0.9988824725151062,train
3752,42,0.04792368509664953,0.1802866253928876,3.722516604124341,0.17472810461507293,3.8041456490256795,0.9992673397064209,ood_test
3753,42,0.043821839185664645,0.1183116012639459,3.463451496002768,0.17638438854632515,2.98477051968137,1.0039350986480713,train
3754,42,0.04842076950918047,0.062342807646361215,2.8332643864536684,0.1537768382196777,2.860541110383333,1.0001579523086548,ood_test
3755,42,0.04118022268818103,0.16872968995106669,3.3283521704399757,0.13111089238190582,3.209331100933568,0.9999724626541138,train
3756,42,0.0202727577920587,0.0651910021011409,2.452530057516939,0.142123718629267,3.5458864667689247,1.0026400089263916,train
3757,42,0.02243615336282862,0.153304091127638,3.5632436266123557,0.15135036662044576,2.566630266208728,0.9982050657272339,test
3758,42,0.03440082633138923,0.17060959035252665,2.873717062465477,0.17930635340490386,2.883867635989149,0.9997893571853638,train
3759,42,0.02811072478404808,0.1652375767735434,3.498195755117102,0.1951492871135498,3.9594645004521127,0.9983417391777039,train
3760,42,0.03883764402883402,0.15325949411645012,2.635752298133305,0.15793307908115362,3.220984408510117,1.000747799873352,train
3761,42,0.034869323707450356,0.1499430392310193,2.271192533330097,0.18892646422021933,2.7136711524362442,0.9991793036460876,train
3762,42,0.0376534675443361,0.07176995455941684,2.8459018541379835,0.09014977218739123,3.230349974641147,0.999585747718811,val
3763,42,0.04660691295144702,0.14846197168197517,2.1010866451204135,0.1482888217321302,3.3934712200694257,0.9992136359214783,ood_test
3764,42,0.03314038529149844,0.14169280901116085,2.3522005052209147,0.1515456718963255,3.6355859061365328,0.9991298913955688,train
3765,42,0.04940522700503426,0.089914534033457,3.9197293439466474,0.08019031672241406,3.739403266951216,1.0014134645462036,ood_test
3766,42,0.04018306336435329,0.14837748581734975,2.055518437950958,0.1529536063403571,3.3105885671386783,0.9992124438285828,train
3767,42,0.026973151623282916,0.18658050984626495,3.35947053741519,0.11380019355058851,3.866889520727658,1.0003368854522705,train
3768,42,0.025554426132446288,0.08968160549499521,3.4651660009703003,0.15698009980217706,3.27197519967157,1.0035309791564941,val
3769,42,0.048532161238118224,0.07449156772350474,2.37273221866553,0.14735404491710316,3.1452310096692377,1.000931978225708,ood_test
3770,42,0.02004011836490239,0.08807202922039509,2.8337560877010777,0.08358298308962281,3.285903723915233,1.001720905303955,train
3771,42,0.04516278659154391,0.1272198397579442,2.1189704777831206,0.16309289548334954,3.7567691260478804,0.9999100565910339,ood_test
3772,42,0.03865271417018744,0.06472986327308193,2.8380813265921856,0.13015844281826364,3.2107386351066567,0.9964713454246521,test
3773,42,0.03979708563016053,0.17294401212058183,3.437706314292366,0.12282650619333191,2.9473712134032253,1.0004351139068604,test
3774,42,0.0316580297315184,0.09042429091849041,2.2281171200295846,0.18030201505285356,3.929374401088534,1.00123131275177,train
3775,42,0.02226110437310075,0.1834650453086435,2.059720623035992,0.10388683911754071,2.5955697441829315,1.000898003578186,train
3776,42,0.046279942611018504,0.13413498990067363,3.3965586577177898,0.08048746588803346,2.751735943319631,1.0011100769042969,ood_test
3777,42,0.025028547756818603,0.06727142313608028,3.294415678377556,0.14606586083385778,2.804645775528989,0.99900221824646,train
3778,42,0.02616430968572136,0.050943526684001046,3.6158258317587753,0.18500935943768682,3.087785068801237,0.9998976588249207,train
3779,42,0.02169915330367528,0.15049296937373954,3.8176684980099482,0.15777158523765852,2.6152738101509683,0.9978402853012085,test
3780,42,0.022609716553179615,0.1649824214727657,3.21112423733285,0.1270099525310897,3.5476061272779393,0.9999915957450867,train
3781,42,0.022959978086546432,0.10940180826832313,3.091245818245625,0.08174144429552017,2.880231822393356,0.9993254542350769,train
3782,42,0.04876114399943813,0.16499440063769516,2.1169675564137993,0.11261114680593298,2.6257485600096064,0.9995104074478149,ood_test
3783,42,0.04355555751993051,0.12006015589660975,2.8634092426147157,0.09448968646812606,3.1962732110610905,1.0018844604492188,train
3784,42,0.038583468420425926,0.07084195096524784,2.5953061592842905,0.0979657224909658,2.690007361846215,0.9992702603340149,train
3785,42,0.02142806309662032,0.07738603340594184,2.867899508730286,0.0997503524528685,2.667376279944912,0.9997721910476685,train
3786,42,0.028616431689046585,0.06851284898832,2.1340452020643452,0.11369264655001413,3.6876922432426724,0.997438371181488,train
3787,42,0.040445233590731405,0.1551941311831609,3.782617143463945,0.1669714576780995,3.8244083963047037,1.0017898082733154,train
3788,42,0.022492566217333455,0.0887668754656103,2.4548721247312058,0.10535006456631771,3.4334026327126774,1.0002275705337524,val
3789,42,0.04920014635206782,0.1576650566601398,3.4385267760865776,0.17489320180498327,2.9284881115406054,1.0024027824401855,ood_test
3790,42,0.047667505908092794,0.17916145258901328,3.805008625786523,0.18427245493280586,3.815028997362554,1.0014957189559937,ood_test
3791,42,0.025574042335241794,0.12241952607209762,3.103551359842566,0.13306895568009006,3.4471515825680834,1.0001511573791504,train
3792,42,0.0253459424944373,0.06920438805094908,2.2822742552241024,0.11969762845745399,2.9457093223046327,0.9998615980148315,test
3793,42,0.044010946202535026,0.07811438238866991,3.9964868109931757,0.1464057283262027,2.5009478064510686,0.999833345413208,ood_test
3794,42,0.04002878696367167,0.18351022951807638,3.1975289017592146,0.12068910455282142,3.8365624814480923,0.9999056458473206,train
3795,42,0.03848861989304328,0.1949348284477328,3.554683824561269,0.18978824531410815,3.8911178738585828,0.9984275102615356,train
3796,42,0.043636600829527486,0.08519127999246189,2.6715410504653505,0.13477954262493302,2.9630995246590395,0.9988555908203125,train
3797,42,0.025211956846043035,0.14959344443306394,3.237729741634352,0.16870533652092495,2.765881689139588,0.9980691075325012,val
3798,42,0.025295175569449487,0.09844955592450416,2.7319371425746084,0.10166564280231212,2.9119769005562683,0.9997860789299011,train
3799,42,0.04651513054692222,0.05928437697837918,3.7928507397491193,0.09425712556995777,3.9532998364695304,1.000758409500122,ood_test
3800,42,0.026642781924088636,0.13472016685601879,3.5107001073682627,0.11438318920408519,3.159442551682484,0.9999368786811829,train
3801,42,0.04147995450834452,0.19691649179209758,2.6101743648479623,0.1488814945498583,3.332846735610651,0.998354434967041,test
3802,42,0.045178414382383625,0.12621706250998388,3.611294708765598,0.15565670699234535,3.3997532262026287,1.0001795291900635,ood_test
3803,42,0.047268366165059084,0.19688782963797918,2.4221540374201247,0.18234289132772036,3.5816712451714996,1.0011494159698486,ood_test
3804,42,0.022297625537466552,0.15119467597426756,3.3834044823016,0.10708593033288266,3.19460609754617,0.9996029734611511,train
3805,42,0.026918223864279302,0.13746385402740532,3.7630690711802846,0.14588432118378003,2.6161853946126157,0.9987938404083252,train
3806,42,0.020703686135214953,0.1672252879062088,2.75843871963568,0.11060367377129555,3.11659017888513,1.0001258850097656,train
3807,42,0.024740740972590925,0.17333664495363532,2.4308398185172435,0.10614282381791727,2.896847013464459,1.0002353191375732,train
3808,42,0.029428768456317186,0.05652619358507263,2.3403403790279347,0.1737416591859053,3.6215174438166184,0.9982909560203552,train
3809,42,0.024456452253539502,0.15120768776660964,2.3504471015656567,0.16741912831282585,3.5029559121419487,0.9998291730880737,val
3810,42,0.03501856293216671,0.14425293602023315,3.0770397682005015,0.17984939838810624,3.15120910196101,1.0005155801773071,train
3811,42,0.048282636566970676,0.11217992219825706,2.6522450927290255,0.11369217933931683,2.5574590409420592,0.9991530776023865,ood_test
3812,42,0.03486774685823413,0.12034106755417791,2.2133135537563975,0.12041749572074952,3.2482955379346787,0.9977708458900452,train
3813,42,0.03385825667855478,0.08436487352711575,2.0817002681178236,0.15582421817015069,2.9385414682670956,0.9992042183876038,test
3814,42,0.03347478408915549,0.14022705926926896,2.240558345875083,0.177759057164621,3.951160896055499,0.9991650581359863,train
3815,42,0.02966971790758543,0.1228969162436994,3.272689679245011,0.12300913040129025,2.942441070710962,0.9996501207351685,train
3816,42,0.03742889920472969,0.06589154877109697,3.553397501487435,0.12125264444484335,3.061477106367674,0.9997000098228455,train
3817,42,0.03317858516586313,0.1263786531750189,2.0220644216442736,0.14622420887318832,2.7591606718660167,0.9988079071044922,train
3818,42,0.0357539704784203,0.1907595232557086,2.278041638263302,0.17776731041747423,2.8173111118985843,0.999840259552002,train
3819,42,0.040326754608509846,0.09211181668123211,2.1272143479958285,0.15461515318384766,2.6180611248771126,1.0001384019851685,val
3820,42,0.04564790949613787,0.187336088135045,3.4697765562151464,0.08120470520817577,3.8038737761253203,0.9972914457321167,ood_test
3821,42,0.04284166452061306,0.17099926488820572,2.2612992347559917,0.19147904408327976,3.3928979841599056,1.0004059076309204,test
3822,42,0.0424319173788333,0.07273600080684453,2.09344614724593,0.19163439668588106,2.826405453586822,1.00015389919281,train
3823,42,0.03145966470994695,0.14500700769851566,3.3980559480166512,0.18738124736170933,3.293319194356689,0.9993464946746826,train
3824,42,0.020633603063009518,0.1820807789045254,2.963285078648381,0.16583603692775656,2.5639450724478356,0.9985448122024536,train
3825,42,0.047338022811298536,0.13460308377543673,2.3389081692462987,0.12408427536299767,3.520036130534652,1.0008254051208496,ood_test
3826,42,0.020918330709304492,0.10149812690226392,2.2968395944431936,0.19343265350151864,3.866321175235235,0.998917818069458,test
3827,42,0.04994923566623623,0.08237697463085647,3.1643922939712525,0.18560773753588083,2.8007686962624097,0.9988132119178772,ood_test
3828,42,0.021100372321886707,0.15855136260080943,3.6035762814751653,0.17500276779102525,3.825601429931277,0.9984458088874817,val
3829,42,0.048595459272312014,0.1181496253378748,3.7677392290461635,0.11853055761734597,3.31742524715577,0.9996111392974854,ood_test
3830,42,0.03210228554653719,0.11366146970511828,3.120739821408816,0.19237495689823772,2.848025105807118,1.0007104873657227,train
3831,42,0.027410354503352316,0.1748389900210403,2.2422047012247077,0.14931020819580382,3.475027820742201,0.9996166229248047,train
3832,42,0.03571642830126193,0.17322015371564561,2.5219297944247896,0.0817776324450048,3.486857717288798,0.9996973276138306,train
3833,42,0.04596317671554287,0.19453222292761868,3.640042951356045,0.18666298168496917,3.2161387279174845,0.9975150227546692,ood_test
3834,42,0.046281921881883126,0.16044142559564564,3.9287670183432244,0.11280494954830411,3.090981763896162,1.0016729831695557,ood_test
3835,42,0.02481268363165777,0.12295346822862219,2.7470935376618226,0.10829274539472299,3.002343554377374,1.0000059604644775,train
3836,42,0.03772573530120213,0.06277265549345924,3.2622186906558666,0.19611964347486277,2.8268872694857152,1.0001976490020752,train
3837,42,0.024559128852141683,0.14809414726866998,3.5599113838233807,0.08719297590931506,3.1736071720477392,1.0006294250488281,train
3838,42,0.022835905669772363,0.06425640012552787,2.0055553929143892,0.10991312234795146,3.26748423429151,0.9996941089630127,train
3839,42,0.04720953337905251,0.155030019968262,3.919418048841484,0.17328052808022112,3.846100082770046,1.003322720527649,ood_test
3840,42,0.04996861091578069,0.1973216990228127,2.10901394401444,0.1610722548606741,3.1284621133123283,0.9978697299957275,ood_test
3841,42,0.04204985141811089,0.1893510562725062,2.153560121542518,0.16135788726505296,3.0896819985243256,1.0003836154937744,train
3842,42,0.04141859656425728,0.05951008127703922,2.779157863123989,0.10551925477556522,3.2054314789159752,0.9995872378349304,train
3843,42,0.032238894794879035,0.19513460064042765,3.313212999867759,0.19416781126999805,3.6974048309005587,0.9994444251060486,train
3844,42,0.02453275538920049,0.07206600138142433,3.77036697897746,0.1953072270389018,3.643393618411805,1.0001071691513062,train
3845,42,0.030357201336533718,0.0524158361911353,2.2220700396968125,0.17427493388962484,3.009494040846068,0.9991780519485474,train
3846,42,0.02892107405929582,0.10294192140624689,2.2336966404384837,0.15798784594325596,2.648976822900003,0.9996421933174133,test
3847,42,0.03929318783940236,0.10253370141609858,2.5640049671581044,0.1700991931990637,3.6069334082703426,1.0025548934936523,train
3848,42,0.03965648474249337,0.16245134610678513,2.1268982525887,0.1894482390653609,3.930141806095984,0.9989649653434753,train
3849,42,0.020814910277178585,0.1272666850252966,3.618421399692325,0.15754451380065276,3.017282322818335,0.9993564486503601,train
3850,42,0.02587836425509762,0.08835285060902924,2.99040206842031,0.08435591244270436,2.8373941313422164,1.0011975765228271,train
3851,42,0.0326529267343702,0.09699321212195298,2.234119279063137,0.09387548010042544,3.5582742683822612,0.9996582865715027,train
3852,42,0.04296326799392059,0.14825084967655788,2.405306019242537,0.1519639643884247,3.6713877341945804,0.9965511560440063,val
3853,42,0.03276949241960648,0.16241246514020385,2.524631159837149,0.18261488765960587,3.763761277151155,0.9962265491485596,val
3854,42,0.045686337681107275,0.05002516454791271,2.5691973466875186,0.19270074417300248,3.4362157485393245,1.0035089254379272,ood_test
3855,42,0.028913690967967958,0.11726107388763314,2.6175924279586438,0.09756457014143952,2.507635236890807,0.9991786479949951,train
3856,42,0.04821695456540724,0.1943854225790071,2.7126673322770722,0.13568785862941068,3.65433781091821,0.9972896575927734,ood_test
3857,42,0.0368165180944687,0.1779476940339762,3.873022055048892,0.19705958363298115,2.8054960473652772,0.9980320930480957,train
3858,42,0.0444086030184979,0.06891287404575455,3.6232563552614856,0.16427837254614028,3.6187965830118722,1.0018138885498047,ood_test
3859,42,0.04780763029894904,0.10137758314043527,3.4076764698717943,0.18671268109030897,2.934448839983949,1.0003547668457031,ood_test
3860,42,0.035611961225455645,0.05840017251298453,2.5544136202805734,0.12382195162515305,2.920663938137139,1.0006144046783447,train
3861,42,0.0461088655563555,0.14930992808855972,2.529969559844094,0.15477677363591938,3.457132909116442,1.00034761428833,ood_test
3862,42,0.03270437695909802,0.11902719691901006,3.1967507345638557,0.1436405474734967,2.5632936335921355,1.0002714395523071,train
3863,42,0.04229071325986856,0.1452180853785706,3.048415230658669,0.11471701467367312,2.900189325865642,0.9995567798614502,train
3864,42,0.04812849122485913,0.1221870068888304,3.5723465939564463,0.166693893905637,2.936734486925695,1.0011495351791382,ood_test
3865,42,0.04205565190051526,0.05319141763917359,3.4527729121275854,0.14744438010027822,3.975790400961991,1.0040723085403442,val
3866,42,0.02454067396159027,0.09005215459325172,3.987385164967252,0.19770782251999272,2.677665952479936,1.0003337860107422,train
3867,42,0.04040341304552361,0.15592925450222625,2.865224689927178,0.1105142066200171,3.1350062503022054,0.9937862157821655,test
3868,42,0.04790040269859551,0.1388431522301186,2.2359453540826673,0.19467576839280604,2.745181965272442,0.9991552829742432,ood_test
3869,42,0.034579659820027794,0.1590131325719501,2.078894044076518,0.10629006037206332,2.5012151966203096,1.000322937965393,test
3870,42,0.04494547387398548,0.10205320262235011,3.4756401496016633,0.14293837100873102,3.234711591531781,0.9985978007316589,ood_test
3871,42,0.048879467103377136,0.059488250600738826,2.0916492244222606,0.18514581612385264,3.648906159194281,0.9978753924369812,ood_test
3872,42,0.04023401680074055,0.06070132458991195,2.490323100206758,0.19446577159724177,3.064708072438325,0.9993909597396851,val
3873,42,0.027709863550294953,0.14781663696157904,2.5397163951680946,0.18572000434698638,3.7811791467405325,0.9976673126220703,train
3874,42,0.02952657806634965,0.08096398075470208,2.811496176596376,0.17027662167729352,2.6760147445958125,0.9993993043899536,train
3875,42,0.028265060575981195,0.17479205039722084,2.668898918119655,0.12614624646492134,3.5307250836783624,1.0003893375396729,train
3876,42,0.026372157101875973,0.14241578343671396,2.723226634301028,0.11259393036801714,3.783771439680945,0.998704195022583,test
3877,42,0.02248024887210402,0.0892337302818397,3.539668946406084,0.15960436103549264,3.3161537169927686,1.0017378330230713,val
3878,42,0.04596163418778709,0.09835330446792102,2.6163537231430793,0.11626396203365126,3.9526854243976652,1.0017763376235962,ood_test
3879,42,0.037835638315045585,0.07716689538143742,3.2257295889799806,0.18861371955370443,3.24549281039369,1.0002121925354004,val
3880,42,0.03408982638789068,0.07824591258712653,2.157198585112797,0.11275881420389364,3.076313866144372,0.9987393617630005,test
3881,42,0.03314055173705838,0.10020706781367397,2.9836772537367198,0.1800403829842035,2.8740673796316307,1.0006099939346313,train
3882,42,0.021778253016951746,0.06089205235370442,2.291831132084658,0.16418840308347465,3.7137111993185323,0.9982209801673889,train
3883,42,0.04828533735107074,0.08606890185731123,2.6022239535379903,0.12623265548521773,3.0117845246114707,0.9989578723907471,ood_test
3884,42,0.046454784810230756,0.1543362081048067,3.0719232796304414,0.09946369732183816,2.699174684391042,1.0010343790054321,ood_test
3885,42,0.04792780970792095,0.07189702366899242,3.902756434781809,0.1067493655558594,3.3013245393290442,1.0006874799728394,ood_test
3886,42,0.026710138869404886,0.1969988559837798,3.7784786708587355,0.09698819025549014,3.4219831497648125,0.9998529553413391,train
3887,42,0.04935017515397866,0.10088551353075181,2.716428652680106,0.12134651754040483,3.7850464041950764,1.0018787384033203,ood_test
3888,42,0.03425367236744885,0.19540625104406112,3.7483921807239815,0.08214798216970867,3.275032600293227,1.0000207424163818,train
3889,42,0.03127483196712831,0.15478072491923206,3.351340359014685,0.1563822458775996,3.681242441432112,0.9987007975578308,test
3890,42,0.045760254338604846,0.07285241093729893,3.56555153599235,0.14711079796445564,2.572257073960707,1.0000452995300293,ood_test
3891,42,0.049653514723542305,0.15367253063898811,2.3066060392556476,0.10122617380555875,2.96910464947708,0.9988371133804321,ood_test
3892,42,0.04318826401068401,0.108996047061385,2.8705989650585195,0.11189981939601729,2.6487620110422454,0.9988710880279541,test
3893,42,0.04970035519294998,0.08971025545326441,2.8643257989718647,0.16910223720648626,3.3306770814668374,1.002030372619629,ood_test
3894,42,0.026966864546297015,0.1776048753365383,3.6450046551328867,0.1468772659817062,3.614734848501468,1.0048859119415283,train
3895,42,0.044030205620366095,0.16509897346008656,3.1590884766688108,0.1807985998166148,3.598653030336876,1.0047965049743652,ood_test
3896,42,0.02738577801151991,0.0695867982524128,2.41790849466693,0.09218204012192692,2.712530322835566,1.0004377365112305,train
3897,42,0.04290595814280942,0.15042890920173138,2.6029721053176385,0.1600826127661972,2.529694468091412,1.0002717971801758,train
3898,42,0.025667177771238444,0.18459771768334943,2.941204718916964,0.12786507835083605,3.5967937764124303,0.9964118003845215,train
3899,42,0.04722667643347755,0.05956416563930736,2.5503603649736055,0.196953125318463,3.7606424869426043,1.0006805658340454,ood_test
3900,42,0.037393294972196844,0.1088372629231929,2.1804899973029195,0.12217001757716396,3.135136173233084,0.9994821548461914,train
3901,42,0.021860224334870587,0.16350615179064149,3.8948495385444453,0.10273614718399271,3.2084033711640947,0.9996957182884216,train
3902,42,0.0319676402660998,0.06601759708583829,2.987515167398789,0.14472793814449658,3.1369055400243573,1.0003364086151123,val
3903,42,0.029041435961623452,0.08147731121276222,2.6650592056036855,0.13885116080877327,2.9692895409529516,0.9994619488716125,test
3904,42,0.0465792742393285,0.14488192612199646,2.5298835487451408,0.14749463395396803,2.6618090814038915,1.0007662773132324,ood_test
3905,42,0.04328041330541413,0.13289310077082406,2.4759169614111425,0.08723662706026139,3.6006209454080977,1.0014317035675049,train
3906,42,0.02141371542193255,0.06350700327524397,2.6680620954429175,0.14299212745637116,3.833159962996706,1.0008841753005981,test
3907,42,0.04618084711627322,0.19412998811805082,2.184598408268629,0.10257123503035766,2.573510107098097,0.9993315935134888,ood_test
3908,42,0.03170977090305604,0.09613765031834207,2.6206693921556736,0.1478422424004074,3.3021357762921104,1.0007716417312622,train
3909,42,0.043313822348672565,0.051090541976533836,3.3512180676827183,0.1810759465291369,3.2930234584403086,0.9986178278923035,test
3910,42,0.03952321154072458,0.1814577466687533,2.4670133071972913,0.15169845460898512,2.843410346292115,0.9998661279678345,train
3911,42,0.023143508972736666,0.11214161653492025,2.5552091574321736,0.10164265476793569,3.0814709083785923,0.9994926452636719,val
3912,42,0.048024775460842196,0.08743815865235222,3.7947745273403526,0.19359057762019088,3.27704000448158,1.0003939867019653,ood_test
3913,42,0.021966298362024655,0.1510949287437298,2.9075013230392965,0.1816332723458981,3.99822353531383,1.0008280277252197,train
3914,42,0.04887503933574264,0.059023000143007515,2.091389387229129,0.16209094212934821,2.8421470661445953,0.9984377026557922,ood_test
3915,42,0.04099557498015642,0.14939285196794286,2.868227956140162,0.19925979852976722,2.83738434348361,0.9993970394134521,test
3916,42,0.026536402052043558,0.13024999336328852,2.6210432869586335,0.1312091037972707,3.596183002827809,1.0019290447235107,train
3917,42,0.03660287712368821,0.05824507957372745,3.6232627224559657,0.1668046289876884,3.369409822455543,1.0004959106445312,train
3918,42,0.04204507591910207,0.13785071614551261,2.9923311966343933,0.11888054930205899,3.8652570608123717,0.9971568584442139,train
3919,42,0.021758534953805052,0.11719963667799088,2.9354213830516613,0.16298931063435432,3.8219161242171262,0.9994946122169495,train
3920,42,0.04723106631594021,0.05475321738130489,3.741136898633375,0.15277163500016896,2.584995989200136,0.9991955757141113,ood_test
3921,42,0.04531594218718288,0.06181072640150708,3.1124621887725876,0.08420701823427033,3.643936812416436,0.9997578859329224,ood_test
3922,42,0.04728118433908102,0.14710149751932103,2.9209800132181227,0.1834648289314037,3.7964046732561743,1.0018227100372314,ood_test
3923,42,0.033506296598534824,0.11491857968304246,2.817102835870352,0.16629334936616388,3.501679252254569,1.0004651546478271,train
3924,42,0.04707896343382459,0.13526388901232517,3.692766151931499,0.0912470015199697,2.5316985587883036,1.0001709461212158,ood_test
3925,42,0.02003496263198817,0.08967168009757154,2.746522358283852,0.14766543210051836,2.9325892317386772,0.999870777130127,train
3926,42,0.029426232721946315,0.18220277407989688,2.7636396293269083,0.09174190952435388,2.720055697643861,0.9989994764328003,train
3927,42,0.029510855007202928,0.16916958619017353,3.3521719025250736,0.13873192979422444,3.8555868999965552,1.0012807846069336,train
3928,42,0.04509837788377731,0.12153242005711855,3.633013854652264,0.12879866683609442,2.572723709176214,1.0006300210952759,ood_test
3929,42,0.032472009614306276,0.0884645164752258,3.7924166384317903,0.10428464534462649,3.8757417613708234,1.0022468566894531,train
3930,42,0.04679971885666119,0.1392576137718921,2.843843174685773,0.15619881844310318,3.7691458211311937,1.0031002759933472,ood_test
3931,42,0.04319629954835618,0.11616912874412148,3.1141079831622545,0.1499125179202682,3.075641481069554,1.0009584426879883,train
3932,42,0.02943970934410623,0.18604300493109888,2.2102623308259095,0.1783079322035125,3.357570297525804,0.9983205199241638,val
3933,42,0.04241115475224621,0.12523852741770847,3.9120547658425817,0.13679088284403013,3.5498972520564784,0.999051570892334,val
3934,42,0.02572037967996147,0.17873609939277463,2.491228374924412,0.17993783698433224,3.1663712131843837,1.0023787021636963,test
3935,42,0.021638944821392538,0.16760284666896283,2.0281379357924028,0.08542476570041134,3.501137160713776,0.9995136260986328,test
3936,42,0.03283604927102391,0.19127576636680382,3.5527181146120244,0.1440942911529947,3.027875179364494,1.002943754196167,test
3937,42,0.033466887573475324,0.1797152341376399,2.3307336732618618,0.08211383470549352,2.740865733449163,0.999262809753418,train
3938,42,0.04522115983992605,0.13537939043411878,3.5572967986911825,0.18149620033258282,3.430709264471037,0.9990425705909729,ood_test
3939,42,0.031782508708870255,0.06860581332151626,3.584147126544634,0.1792507087938049,2.894145672137537,1.0006330013275146,test
3940,42,0.042235390674504165,0.10522533132150945,3.70263275471752,0.11071406782007777,2.600954231311139,0.9995959401130676,train
3941,42,0.036915534487341445,0.05706346877040422,2.055246171332174,0.1485278645599506,3.7413840762267094,1.0000184774398804,test
3942,42,0.03842247918348288,0.16192258023479697,3.46528357707146,0.17830955033640927,3.7769404885056748,0.9996852874755859,train
3943,42,0.04167650840144571,0.06578944122532267,2.8003981690083597,0.18749152727105858,3.3674709408272916,0.9991775155067444,test
3944,42,0.030708103577343708,0.05539738573081951,3.13921348244786,0.08629982624941786,3.7281698777986767,1.0007011890411377,test
3945,42,0.02452466553607773,0.13109993538355902,3.202600276647104,0.08807124131095202,3.527656319628681,0.9995217323303223,train
3946,42,0.023492382895621267,0.16839591043522123,2.4660145299167073,0.09629057891246713,3.417697157083682,0.9992341995239258,train
3947,42,0.029468013491265266,0.17303679200765815,3.2829450586711015,0.17247265725841432,2.7810793929883455,0.9990350008010864,train
3948,42,0.04049857569315396,0.08632818180759685,3.1557316338843835,0.1403298423542485,2.6612900935690167,0.9984488487243652,train
3949,42,0.020669627067022373,0.08538524169468253,2.095111261273483,0.14956938422099245,3.5062263139360463,1.0005358457565308,train
3950,42,0.02051702251977751,0.17563295242524274,3.617921053622836,0.17140503077674307,3.801491499765306,0.9990258812904358,test
3951,42,0.04396461457690883,0.19274857849867277,2.9602799852043438,0.09204306956779011,3.1400857039586887,1.0007331371307373,train
3952,42,0.04552741571460338,0.17724354500631617,2.7084495120631598,0.14899996239380553,2.5468142301620134,0.9989889860153198,ood_test
3953,42,0.02330348827387893,0.09148783328829278,2.9968701821647494,0.10639387369771591,2.833867741319103,1.0013573169708252,train
3954,42,0.02267292914046125,0.1767494055708379,3.50657337516367,0.12323578045376014,2.9193779212779774,0.9972069263458252,val
3955,42,0.03515615303887655,0.19988256476856803,3.3105752014978367,0.0884977377717383,3.7185174415740514,1.0036470890045166,train
3956,42,0.031595295808326575,0.056181302194338145,2.4698363013796527,0.08358218732214245,2.5543828940694824,0.9991445541381836,test
3957,42,0.026239090526119793,0.057891140698363035,2.3461870559226843,0.08300694443598083,2.9996988225636807,1.0020720958709717,train
3958,42,0.04155721299004949,0.1526277969602658,2.8520380628056827,0.1307690399769632,3.6496524508424177,0.9984719753265381,train
3959,42,0.022312679867390856,0.17914284092981625,2.4147994473875585,0.1521678930626737,3.7582872383426293,0.9982985258102417,train
3960,42,0.032811182710267395,0.19288173385029572,2.8918074826032187,0.193945212623528,3.823552420291154,0.9984246492385864,val
3961,42,0.03788091717412591,0.134854073008789,2.6787796255571386,0.121763827030298,2.674099104450547,0.9999111890792847,train
3962,42,0.03483590250264117,0.1283358071426114,3.9345059821972908,0.16754055558397815,3.569648374373074,1.0027110576629639,train
3963,42,0.04861619773306887,0.06012460565297319,3.2183454475076227,0.11532380350825404,3.276077841589947,0.9998819828033447,ood_test
3964,42,0.045110899121488524,0.12726590284702566,3.2095636282989792,0.11088102428675005,3.0074436534481617,0.999508798122406,ood_test
3965,42,0.03507780930488762,0.10849172923604944,2.486353575445321,0.13617320563593,3.650961995948147,1.0017857551574707,train
3966,42,0.04286581008240503,0.09774475223943649,3.1770617761943605,0.0811246867134382,2.886487220076045,0.9986103773117065,train
3967,42,0.03731236959572544,0.11289800881259501,3.59654712852615,0.14128325190125676,3.840955367055833,1.0001088380813599,val
3968,42,0.025778933785497154,0.14618822896930184,3.7788672386855904,0.18195780945118817,2.721308595522875,0.9995865821838379,train
3969,42,0.03511970506249433,0.06003714309586557,3.3864225051118755,0.14244623556239655,3.4539032514916452,1.0002466440200806,train
3970,42,0.025725459091965004,0.07903147249470506,3.947433714726891,0.09196713052548071,3.9358368171696685,0.9989762306213379,train
3971,42,0.030434015263259763,0.18605403254610503,2.15470349298943,0.08765931002739961,3.072300881114842,1.0005879402160645,train
3972,42,0.04550374911505865,0.10975378530145682,3.1092601394186734,0.14585551316085626,3.9177231382552464,0.9984092712402344,ood_test
3973,42,0.034051984287021886,0.08648105216940824,3.000634741908967,0.09146846877590771,2.6992986332983624,1.0000147819519043,test
3974,42,0.028146802199930522,0.07715528509824601,2.5879889343275377,0.12284490694682129,3.529100635160487,1.0012516975402832,train
3975,42,0.04427792304421585,0.18773231241959243,2.023963635113182,0.11120177967584387,3.235527330510072,0.9999358654022217,ood_test
3976,42,0.03220853784952701,0.09527266644339102,3.9990370332426086,0.08366965180375144,3.6498182209043715,1.0018975734710693,test
3977,42,0.047044294735514455,0.16369692503956712,2.8007142612332805,0.1738541908074154,3.563281999470451,0.9980184435844421,ood_test
3978,42,0.040835562577242024,0.05624847020758645,2.2571360024949403,0.19136550548928905,3.7234036992872044,1.0041325092315674,val
3979,42,0.025047001599103898,0.12304183507626437,3.4003282099632974,0.1486645637324478,2.6075327765908938,0.9989901185035706,test
3980,42,0.04015333871145259,0.06817437110301935,3.791483281628553,0.08240479835400992,3.8659073887936235,1.0010391473770142,test
3981,42,0.021600149075341846,0.10391495474113818,3.757685166662779,0.19159063624509948,3.4217019720331883,0.9996911883354187,train
3982,42,0.03279305647643957,0.09262494482161637,3.830469105218034,0.1188344992013362,3.2035342014070465,0.9993146061897278,train
3983,42,0.023715683196376316,0.15296913285023667,2.8022723184046887,0.10070997876654252,3.121564209723757,0.9975308179855347,train
3984,42,0.02621779299360068,0.11829695838681596,2.6065649117225598,0.12994231663841374,2.631126392949627,1.000351071357727,train
3985,42,0.03569928321930008,0.10648190944438285,3.745988687722778,0.13889356018560284,2.56750993800871,0.9996112585067749,val
3986,42,0.02101625851753427,0.06737571752228967,3.6969412291072947,0.09509380683354915,3.2659776851212277,1.0013442039489746,train
3987,42,0.03998674134575289,0.05933504735529301,2.2255362774728207,0.18448990860020975,2.748350854626096,0.9961572885513306,train
3988,42,0.0496089554880384,0.06502848531019818,3.798850911039577,0.08956419615687972,3.4969890562080836,1.0019724369049072,ood_test
3989,42,0.048626603349693265,0.05732880818401766,2.9205559185591263,0.1724362613236167,3.474597571262166,1.001537799835205,ood_test
3990,42,0.036287047391005856,0.19698367067357686,2.8747511365699476,0.0844650631388636,3.772327421320824,1.0021507740020752,val
3991,42,0.02574797143902358,0.10222833287107501,2.735899947890635,0.18724529590103658,2.5893900892876127,1.0009615421295166,train
3992,42,0.025065464635718147,0.19155603251383074,2.6179124215977985,0.10415612744537973,3.8704269926476766,0.9970384240150452,train
3993,42,0.021665618202463363,0.06501545630156058,3.0825784939350402,0.19760409944645657,3.2608265982972684,0.9997912645339966,train
3994,42,0.04983959904868322,0.09415559546283389,2.3822786182328386,0.08504822567471923,2.8606959400740744,0.9990699291229248,ood_test
3995,42,0.027060531401921065,0.12358339270078468,3.357562563920939,0.11806286608064784,3.4660793746191,1.000704050064087,test
3996,42,0.03772632565938783,0.09811980420045743,2.8489663474033238,0.16514905338961855,2.821801570614242,1.0000187158584595,train
3997,42,0.03544212756512645,0.1258826530229673,2.854511674590312,0.08864749053204005,3.250168076520933,1.0006988048553467,val
3998,42,0.02131038531865016,0.13218811166932548,3.146327005754766,0.19124068741479783,3.286191717367437,1.0010685920715332,test
3999,42,0.048198495874864564,0.05247312558751555,3.0640328267198766,0.17986201104629534,3.3266272072953997,0.997806191444397,ood_test
4000,42,0.03937468634613882,0.16310883003939103,2.472484257895396,0.08567570620297005,3.527337992123328,0.998822033405304,test
4001,42,0.03924787844445758,0.05311888338320843,2.326655039520011,0.11407227430542977,2.9305320275868114,0.9990310072898865,train
4002,42,0.026863539833303404,0.10459856401520973,2.4985619305073117,0.09730446874020196,3.391773996698107,1.0016038417816162,val
4003,42,0.041529026655543214,0.13775598551950835,2.0518234664417783,0.11180195377555832,3.631628849984841,0.9993571043014526,train
4004,42,0.029731877198389305,0.11018956672868688,3.6801041781914066,0.10913248174471821,3.2705282549217465,1.0028085708618164,test
4005,42,0.03763783417015357,0.10666204514918512,3.6886927186619856,0.09751411799941384,3.5615394038575325,1.0004785060882568,test
4006,42,0.037190315929939,0.08003333020159256,2.5236098730104817,0.14720001304955288,3.890558038268349,1.0008020401000977,train
4007,42,0.046024965251363806,0.11523118078588582,2.0539748419723742,0.10146315274258448,2.7152082624885248,1.000110149383545,ood_test
4008,42,0.04339393600352712,0.19857916660876085,3.794219066262583,0.14361420429005134,2.6805944252286107,1.001640796661377,train
4009,42,0.022778631264071432,0.10119521149466876,3.023770692157339,0.08889827527985783,3.2784616097100647,0.9981856942176819,train
4010,42,0.03956931446600942,0.1233596407586156,2.853288436416337,0.15961200975966394,2.639949769472315,1.0002703666687012,train
4011,42,0.023406206658599014,0.142720587024406,2.2709981454114585,0.08363414806881189,3.1307837080146554,0.9993056654930115,train
4012,42,0.03112782624414623,0.15561183786834437,2.9214560256613797,0.15637594086934903,3.012502005854647,0.999355673789978,val
4013,42,0.030335236230854636,0.14477660274708495,3.4146062422872063,0.10722427016102082,2.7536583810616175,1.0011621713638306,test
4014,42,0.03548458768253982,0.0750830497049331,2.504560201761538,0.09266632341509976,3.4728283441629086,0.9989565014839172,train
4015,42,0.022920815446770014,0.1509957730610821,3.8437389625566114,0.16353938909395127,3.8495128239147567,0.9977889657020569,test
4016,42,0.021040992607897838,0.15059549302022562,3.4734005175217684,0.1114196305169222,2.7693881533640825,1.0009539127349854,val
4017,42,0.03180139822818637,0.12154289910271258,2.762740327635865,0.16192293932823643,3.9167036422505754,1.00507652759552,train
4018,42,0.034118268676915135,0.18412250480431797,3.6848202281948934,0.11463232403923829,2.629033169998017,0.999587893486023,train
4019,42,0.044345303710624666,0.182196926812295,3.603037320262408,0.14038841481006417,2.844802154516089,0.9986390471458435,ood_test
4020,42,0.040847967702823874,0.050161926494792675,2.5621794950811623,0.08162168754088653,2.6115834834578706,0.9988784193992615,train
4021,42,0.03482554175573907,0.08512215260649439,3.967631324995373,0.168654538505627,3.9828549212548348,1.0005009174346924,test
4022,42,0.04594491542949402,0.0798278696900343,3.928086018884185,0.1763707847252431,2.897790419816747,1.0009796619415283,ood_test
4023,42,0.027429755496055908,0.15963426393846525,3.383365014653037,0.17547436937671523,3.307278507977329,1.0005223751068115,train
4024,42,0.021118118149575472,0.18294856226545214,3.16292163947835,0.10696118644163363,3.230935885617643,1.002002477645874,train
4025,42,0.034778187964414814,0.1416105163132576,3.855583475903975,0.143979336333129,3.107870187813073,1.000132441520691,test
4026,42,0.03928443041557131,0.09823886028544407,3.448669362429829,0.18871164097633297,3.590866475858751,0.9988633990287781,val
4027,42,0.03449282048762871,0.1217578971564051,2.253741633724787,0.09559622888746701,3.030025207141706,0.9989522695541382,val
4028,42,0.030381991521861586,0.13431408867472888,2.92017727106664,0.08087515173429097,3.118759397423478,0.9992899894714355,train
4029,42,0.04476124155858967,0.07193783076055052,2.0475110637985097,0.14935412291173866,3.077701206540679,0.9993353486061096,ood_test
4030,42,0.022789170823153723,0.1070515585467019,3.2400945601588615,0.1403314211285569,3.8863322260145736,0.9983989000320435,train
4031,42,0.04210203779005648,0.18356920406240185,3.365102583990085,0.18157013910154374,3.740302262947516,0.999647855758667,train
4032,42,0.02378591412953173,0.1213471769418044,3.923192932829801,0.15989799010102757,2.946623979359341,1.0005912780761719,train
4033,42,0.047199179890647494,0.12671820554519037,2.706867955298552,0.19041828696592922,3.7258676111824265,1.0026897192001343,ood_test
4034,42,0.024670766631035894,0.1005244716640187,3.059263833168564,0.1979323791445955,2.9086687821794355,0.9987156391143799,train
4035,42,0.03291202431576215,0.0914626831071864,3.3570416303348116,0.12163434775099155,3.821721902836513,0.9971845149993896,test
4036,42,0.021994384739053754,0.05365525738498216,2.5806687504232446,0.1972841560418428,3.0165144800783104,1.0010416507720947,train
4037,42,0.02163566412495648,0.07973918968711093,2.7489057387829643,0.11838364170447713,3.8527457511723817,1.0001637935638428,val
4038,42,0.032100723935329686,0.12091026682887913,2.9818071006112743,0.10832860211446685,3.692240678941669,1.0002000331878662,train
4039,42,0.0466477555413646,0.14630043135748627,3.251146662493812,0.13342640573195208,3.1068863867515617,0.9986625909805298,ood_test
4040,42,0.03424282026662932,0.05243606252563071,2.063498170826417,0.11403423319835346,3.5086204478181466,0.9990344047546387,train
4041,42,0.0444877931938463,0.11542370910221916,2.035430300593112,0.1151744358524597,3.860993573324969,0.9996910095214844,ood_test
4042,42,0.032085456974134896,0.181556426567418,3.730309084736539,0.1571731244142096,3.3912010023208023,0.9988024830818176,train
4043,42,0.024047950323432193,0.12537366966665103,3.7663749356982907,0.14902124375785927,2.604456335944035,0.999531626701355,train
4044,42,0.036298254864748344,0.1254808142732547,3.311861311199161,0.1423533222390256,3.4069682196035878,0.9991740584373474,test
4045,42,0.03409249739413344,0.06800870554042404,3.899150098440734,0.16025066899340754,3.872073321519842,1.0002667903900146,train
4046,42,0.02631696254589834,0.1569623595238484,3.1054167471737526,0.12625682004627184,3.8129560189382024,1.002031683921814,train
4047,42,0.044809984482785364,0.117668521287996,3.6809254872816624,0.14489391742606128,3.8804859282099207,1.0005500316619873,ood_test
4048,42,0.04746706289083841,0.1357761852945975,3.309541239752609,0.16781145685489895,2.7227733083840593,0.9992951154708862,ood_test
4049,42,0.04360624548359524,0.08647657647998977,2.9830169146111842,0.08487309680225841,3.798648849355374,1.000605583190918,train
4050,42,0.04124036945918649,0.15432363674081095,3.0889525924839147,0.12015539957488378,3.456544605915325,0.9995085000991821,train
4051,42,0.04261513482060515,0.10508883651750173,2.362892080395365,0.14936818212387143,3.8536828850844795,1.0008491277694702,train
4052,42,0.042168893696841604,0.13679936706605045,2.6288603247259044,0.1388199614578306,3.8994183306450925,1.0013236999511719,train
4053,42,0.044342408959280544,0.06229800420603869,3.3506652879619927,0.1348599424799212,3.078915914839367,0.9991872906684875,ood_test
4054,42,0.04887427001605234,0.18008208122608205,2.5922388304470543,0.15727954869052396,3.302281995295694,1.0019350051879883,ood_test
4055,42,0.04029107045204682,0.1224312633411757,2.5357440027845444,0.15563373345389814,3.2106652128344346,1.0038923025131226,train
4056,42,0.038609715133025406,0.14157621708558107,3.8985487349510812,0.14017184083446235,3.4281243718889263,0.9980285167694092,train
4057,42,0.03922566662810876,0.19291186923492282,3.171973879413499,0.10935581036739225,3.609102653479275,1.0011178255081177,val
4058,42,0.021427838793563414,0.16700934606026863,3.041727347104151,0.08859622189711513,3.331833576474732,1.0005064010620117,val
4059,42,0.041668548718468965,0.11326406868094746,3.427560938309102,0.14122030606707386,2.6097119082769926,1.0021202564239502,train
4060,42,0.022087372612587183,0.0889341479666522,2.058070195823899,0.10529182793668453,3.07659021506742,0.9994430541992188,val
4061,42,0.02379502281749756,0.19029720046213483,2.8093888533934894,0.12040248267550827,3.4384998290844706,1.0032281875610352,train
4062,42,0.04477870887867607,0.09829458101500599,2.458024226174933,0.16790610283404744,3.6744771056427696,1.0039981603622437,ood_test
4063,42,0.04902028270477416,0.09940098302789974,3.5345792777502414,0.13525315055421444,3.5621437231118573,1.0004687309265137,ood_test
4064,42,0.024125514225502038,0.19218038299794343,3.383065733482222,0.1182857905594514,3.2480917637898328,1.0002083778381348,train
4065,42,0.03726902232969896,0.19501387360150524,3.9801301714413833,0.19734569566470295,2.7908491645446047,1.00173020362854,val
4066,42,0.03817043259024291,0.1228662967563122,3.5142800845940316,0.11788592781285859,3.119823969756678,0.9985651969909668,train
4067,42,0.02106140150448507,0.19915614767756035,3.043041821942733,0.13444517757594757,2.8526891048479834,1.0000605583190918,test
4068,42,0.04192241642267851,0.15677393436202752,2.6800198763100163,0.146703365292505,3.4019529147500593,1.0013693571090698,train
4069,42,0.03129191735898765,0.1733061970925719,3.7361103214397677,0.10927662377970529,3.267603573723713,1.000547170639038,train
4070,42,0.025524358402818765,0.1516966178811635,2.7649933637937307,0.1953833658486121,2.745765343170705,1.000032901763916,train
4071,42,0.027068460837395135,0.06663339406480445,2.303103045394014,0.1910430292041052,3.432653394732154,0.9979729056358337,train
4072,42,0.04233311376230112,0.18500887424603857,2.7885888201882043,0.16779303930939815,3.3332508988211385,0.9980318546295166,val
4073,42,0.03862151000475106,0.051663622885556655,3.4953454287833097,0.11170613491109124,2.8268863541389404,1.0004162788391113,val
4074,42,0.029178790782487384,0.15216120309294623,3.3255074987921076,0.1413497209045097,2.6398987866777834,0.9974321722984314,train
4075,42,0.038619715240581866,0.16814432329220347,3.0684476930810467,0.13478132398325665,3.995077563321487,0.9966839551925659,train
4076,42,0.02129091197951048,0.11820770077094975,3.6706846398995676,0.16551859689692305,3.977776480078732,1.0006202459335327,train
4077,42,0.035077369185705184,0.17310671389604126,2.8215528611105727,0.09107374734596363,3.0438068924300605,0.9995423555374146,train
4078,42,0.045630759724756574,0.11922600770711834,2.2187961995398844,0.13732731365139378,3.5185232772349515,0.9983581304550171,ood_test
4079,42,0.04769373946058919,0.13319205734772882,3.6102938388221446,0.17748212035764177,3.9431504564222504,0.9973617792129517,ood_test
4080,42,0.04844500787160988,0.09671768361960525,2.596974354572837,0.16255973178214567,3.3841366956727006,0.9997817277908325,ood_test
4081,42,0.037824176836634874,0.19463835147495318,2.880145118320023,0.12858401620051907,3.4977711024106295,1.001772165298462,test
4082,42,0.03221414989564795,0.05530114558307562,3.2889872156408364,0.12325068211229097,3.732072607814834,0.9979472160339355,train
4083,42,0.03178369564226218,0.15142647763600725,3.762483869398828,0.12526194943204522,3.367874017981463,0.9995871782302856,train
4084,42,0.029839313524679556,0.10263480093697608,2.167826272397151,0.19368354848312413,2.7355826300549455,0.9975662231445312,train
4085,42,0.03329331835081702,0.13904095050160395,2.5929603360242273,0.19693287402479795,3.2405006409586017,0.9964817762374878,train
4086,42,0.03838826279494491,0.06132604552935437,2.5539174519900385,0.16248142315916336,2.7877292616563114,0.9984477758407593,train
4087,42,0.048174616164706086,0.18997794807385204,2.0681620206698113,0.1026940968693029,2.7656338137652474,0.9978683590888977,ood_test
4088,42,0.041548250189531344,0.15496515344885586,2.1842437990779557,0.12348973288559205,2.6896809229136434,0.9991573691368103,train
4089,42,0.02943678620090198,0.07151295810840516,3.9681002834162324,0.10149883660674398,3.814132235979084,0.9995014071464539,train
4090,42,0.021739269907803848,0.12887493905834038,3.5900035586515964,0.08742543761530329,3.6865832158499323,0.99900883436203,val
4091,42,0.03746377425684336,0.059735095642626246,3.016876201955677,0.18615207982312362,2.7418335012575925,0.9979767799377441,train
4092,42,0.025329508034061046,0.1287137050383665,3.726879301272124,0.15192233514722703,3.1010873010542213,1.002184271812439,train
4093,42,0.04901642089644547,0.14048430102097434,3.940086479081112,0.08575418816925853,3.550363070712658,0.9992104172706604,ood_test
4094,42,0.044828834407739236,0.1765870029487725,3.932476536090444,0.1325862011542074,3.5978703929526725,1.0001015663146973,ood_test
4095,42,0.026900204379465602,0.15099370613325214,2.4903570840651694,0.12087957296769067,2.8254901547932754,0.9982612133026123,train
4096,42,0.020041186388621048,0.14019459073648566,2.1802736331135937,0.15484427025506728,3.1293768079895115,1.0008831024169922,train
4097,42,0.02110494732082416,0.09783921928891777,2.2736645408475384,0.16765838756263002,2.6485381666687715,1.00238037109375,val
4098,42,0.02352663979249526,0.16896452325894656,3.7532400025242474,0.18917874056636438,2.540581131863726,0.9985361099243164,train
4099,42,0.035624728053831184,0.19392752733023993,3.696977698381822,0.12461193130944018,3.7260097099682614,1.0013606548309326,train
4100,42,0.02722343927588111,0.1943155925431262,2.4500645561913066,0.18069925312309293,2.88262628879314,1.0003796815872192,train
4101,42,0.021757556190453435,0.17671757084115325,3.6750287140289153,0.19118637660954962,2.637545660044263,0.9998659491539001,test
4102,42,0.02475455642108176,0.1795775090631908,3.0612038970444044,0.1345987999230386,3.2237811421642326,1.0013710260391235,train
4103,42,0.036264891604759666,0.14906576604475266,3.2522420052372087,0.17232879240192037,2.758256746687209,0.9978680610656738,train
4104,42,0.049020973473353505,0.18740350357050956,3.452203501356198,0.14085318987934292,3.1823142925806303,0.9993411302566528,ood_test
4105,42,0.022721499124315148,0.142547290844408,3.6004023420712605,0.18547131278153678,3.247947378755194,1.000751256942749,train
4106,42,0.03624774691103638,0.05961927765148894,2.551310295753817,0.14498364350387147,2.7262023469136603,0.9998675584793091,train
4107,42,0.020621579240821794,0.17329264096750277,3.752346848156764,0.10682685757927421,3.5122287834565835,0.9980342388153076,test
4108,42,0.028666401841343572,0.08502975354544996,3.92885225298444,0.12373393877283533,3.7988688857713906,0.9986993670463562,train
4109,42,0.03904558582978511,0.0627850187377942,2.8100514096084233,0.13061997072353593,3.981923897524126,0.9978300333023071,train
4110,42,0.04209613456318012,0.11784961492476449,2.8175107807134676,0.18093675122469022,3.1798455873004445,1.0019186735153198,train
4111,42,0.036870180453839364,0.180440037280984,3.4130776583182385,0.12757214326207544,2.678860049621854,1.0011080503463745,val
4112,42,0.049101685325659214,0.05996271759593887,2.5459355561919272,0.19867653405402222,2.7475750758442445,1.0004541873931885,ood_test
4113,42,0.03384438608929209,0.16282201515088862,2.1806554452846747,0.0891126850257876,3.742763068067306,0.9989342093467712,train
4114,42,0.030484629444103403,0.18756021008493517,2.4013585984704218,0.09533944573213282,3.838781801015249,0.9995161890983582,train
4115,42,0.03670708689743571,0.17287508790308548,2.1671690861400803,0.13943182151658012,3.376815004560693,1.003279685974121,train
4116,42,0.02527120744379397,0.05017894301964851,3.1999913441753804,0.16633129412345038,3.078024346789292,0.998346209526062,train
4117,42,0.024395470551705302,0.18505750430263207,2.845705199740012,0.1318501815885027,2.9927353930869556,0.9994970560073853,train
4118,42,0.023397670123109632,0.13077079374874748,3.8258854690611104,0.14184707885378725,3.9410543718022994,0.9997032880783081,train
4119,42,0.032005594664211365,0.18968919611506002,3.65526858558621,0.10812290724079535,3.1176858735633552,0.999346911907196,val
4120,42,0.032661962257549165,0.14914066752215946,3.451525981424772,0.09796429558350066,3.862522344202712,0.9978950619697571,train
4121,42,0.039745325426334,0.09506629650133308,2.285592579701417,0.17925389741255487,3.7682273175834236,1.000103235244751,test
4122,42,0.03466035951867575,0.09237339613231643,3.561443687363191,0.10048069409302707,3.4208278253837006,1.0016605854034424,test
4123,42,0.035374034143868666,0.18475556181573222,2.565455398259252,0.15565739445378482,3.274734328170819,1.0010216236114502,train
4124,42,0.041661641778027086,0.09478791120282976,2.426279295288994,0.1933466910218523,3.3228195394554394,1.0016508102416992,train
4125,42,0.032258751682967456,0.054843789888322524,2.937303086759139,0.117925248633308,3.3216666719020798,0.9998613595962524,train
4126,42,0.043658321510339146,0.1900535294816404,3.607661336199019,0.15390294056633524,3.606447999540907,0.9986287951469421,train
4127,42,0.049085717604851566,0.10473064862775187,2.487613899505501,0.08047747478208238,3.9844285682345286,1.0001170635223389,ood_test
4128,42,0.031126575076596195,0.06624094836362401,2.462175188036419,0.18803573220157527,3.760790393339144,0.9968280792236328,train
4129,42,0.029232056972811567,0.1495630635685844,2.6226250606439323,0.17341112748528353,2.850672363827434,0.9984493255615234,train
4130,42,0.0472103390191245,0.06476091065259652,3.4368363412572744,0.19322462678241664,2.625482250221334,0.998136043548584,ood_test
4131,42,0.02061525188909741,0.13604418727591194,2.638119589995405,0.19609591465058074,3.112438401013379,0.9988992810249329,train
4132,42,0.037808792078999384,0.1648898754544418,3.7429745269201256,0.10768101459953505,3.1374934869205404,0.9994571208953857,train
4133,42,0.04811060186971683,0.18026603508661854,3.9151067533825454,0.19664168415295125,3.5945695040012375,0.9988799691200256,ood_test
4134,42,0.04000942006562906,0.12782904314873259,2.4765046808165234,0.18932180010572208,3.500718241466144,1.0000317096710205,train
4135,42,0.029325104481506055,0.10354818086929676,3.6191774087764945,0.11728097572008253,3.7108305764886564,0.9977258443832397,train
4136,42,0.02062195889963903,0.19707592288092324,3.0868645956581973,0.149780645270279,3.309402600817881,0.9980738162994385,train
4137,42,0.03104833571946024,0.12384832615480511,3.941150901021649,0.09462496834546592,3.0912765298313567,0.9981361031532288,test
4138,42,0.04152875405691804,0.10616866248951243,2.995360129965433,0.09671946107647972,3.192560789315954,0.9977010488510132,val
4139,42,0.04510665620043326,0.07544300292311361,3.5677894207914678,0.19218281191627645,2.895404591982404,1.000075340270996,ood_test
4140,42,0.04019926051173901,0.13101584809012598,3.9233789544829527,0.08027179456090615,2.5392282327642395,1.0000427961349487,train
4141,42,0.023623603150814722,0.18210925891674812,3.3772934608775786,0.18087837318054747,2.696101498052031,0.9999736547470093,test
4142,42,0.028184313097211644,0.1895302044581042,2.9425181651160566,0.1143408441259382,2.9837162732085893,1.0010783672332764,train
4143,42,0.023588266920195493,0.17940404405676152,2.246382365850379,0.0851804480263776,2.6727626870941643,1.0005491971969604,train
4144,42,0.03044542861506035,0.16550898563185806,2.8343955813890096,0.12325169937930153,3.1629708480088414,1.000333547592163,train
4145,42,0.03248268720775627,0.19823215706912772,2.5927089144630817,0.08159905105535487,3.186296910567158,0.9987895488739014,train
4146,42,0.048013597146571774,0.08746065903669076,3.1145596561986126,0.10451778927910056,3.4372281159004383,1.0006811618804932,ood_test
4147,42,0.02216411670950063,0.16788174061735267,3.862911166551286,0.10263894606818005,3.84278135843822,1.0027070045471191,train
4148,42,0.03120952252790868,0.14958929221966466,3.4371868988573775,0.11000624210526051,2.6661179929164796,0.999329686164856,train
4149,42,0.027247804587631756,0.18381061391772535,2.8676811749688715,0.11604784755507805,3.2418360537256143,0.998764157295227,train
4150,42,0.04394349432623151,0.1335301660634579,2.170066913732544,0.08419346429590487,3.2683765070703674,1.0004175901412964,train
4151,42,0.02901067865296171,0.050785995318412686,2.469574215256949,0.18419511736830993,3.37232698405199,1.0034828186035156,val
4152,42,0.04046228619034469,0.173952184948169,2.856061494387511,0.1391041941861635,3.6828989453691454,0.9963128566741943,train
4153,42,0.023356971525208745,0.14937420130475684,2.1723997971001894,0.18028216922050383,3.98808845282027,1.0021846294403076,train
4154,42,0.04880258803661579,0.07768788180914775,3.043325498477546,0.19544071375044286,2.9636268697892145,1.0011061429977417,ood_test
4155,42,0.03317784046451421,0.13221645859564377,2.137287120632838,0.1234412120572522,3.412119709372607,1.0010745525360107,train
4156,42,0.04674137186105849,0.05830583686943774,2.0631045263582983,0.08155520651924525,2.8060082093968948,0.9994519948959351,ood_test
4157,42,0.040963664978481334,0.1251024895894082,2.506718895635969,0.18116812694646622,3.726963252409767,0.9992984533309937,val
4158,42,0.02212876587596486,0.15945555228665997,3.1330150499128573,0.13656540070088496,3.3916946745675105,1.0004339218139648,train
4159,42,0.031063014970618048,0.18690157012988512,2.4028182202161794,0.0908640212252359,3.1824069807700335,0.9993165135383606,train
4160,42,0.034678295803373754,0.08378749665362828,2.90577039859717,0.16094478393649383,3.29634827144836,0.9981611371040344,train
4161,42,0.04732350222312526,0.15717217282865498,2.0192315537571943,0.15836705620405783,3.703912289036677,1.000080943107605,ood_test
4162,42,0.04385410429961381,0.09402422593710197,2.7276695891023905,0.17165935122690856,3.3269682247931867,0.9964895844459534,train
4163,42,0.030790638606287828,0.19760225697514427,3.1284735913795547,0.19819296713443102,3.4652074483214554,1.0008718967437744,train
4164,42,0.028011794081410607,0.08286125291182309,3.4178319326606417,0.17291506326993772,2.811925208076596,1.0007871389389038,test
4165,42,0.04582097588805582,0.08014325052660495,2.5198143201944996,0.1461716800909368,3.8306272942128663,0.9978712797164917,ood_test
4166,42,0.03743701458037184,0.10170400633581406,3.1803168066744716,0.17526247261401204,3.897196223246066,1.0022809505462646,val
4167,42,0.03460095320461078,0.1762590014589595,3.5680777685880294,0.08254735734388652,2.5578649061241623,0.9991055130958557,train
4168,42,0.029030719271177383,0.06756781576494644,3.1357509782069553,0.17342889408166845,3.600501691629266,1.0015004873275757,train
4169,42,0.03315563317507286,0.11127140232314339,3.6736665655261325,0.14640020422145048,3.5930548105612843,1.000548243522644,test
4170,42,0.029035101046174787,0.11455677388136554,3.6042268804844406,0.08361808825977725,3.122842122746693,0.9998511075973511,train
4171,42,0.03150298043442941,0.15132171810706402,2.3320660809062144,0.08250277756156105,3.2972303460145875,0.9982645511627197,train
4172,42,0.024288500972438478,0.14406465959703219,2.2508792614601685,0.1273322919315893,3.4958315058129394,1.0025136470794678,train
4173,42,0.04121062449350453,0.1480293810593093,3.46652073767959,0.14155363642321395,3.828538122987011,0.9961528778076172,train
4174,42,0.0423633797843594,0.05908739493049444,3.679248219259141,0.1659623574805379,3.9108096816174456,1.0027189254760742,train
4175,42,0.04348266750549633,0.14020444678341776,3.1425770835345093,0.16170706372568533,3.476930102615052,0.9994117021560669,test
4176,42,0.03789095107662472,0.1592394586148131,2.595057884836496,0.13835010563774147,2.8137748408812007,1.0018751621246338,train
4177,42,0.048565685218957835,0.12892422658043495,2.6339518561784883,0.17974249631544148,3.764998361132525,0.9964156746864319,ood_test
4178,42,0.022552724431865612,0.1437028801086154,2.217991011141227,0.18662707402741485,3.157581732969617,0.9984625577926636,train
4179,42,0.021987476124507032,0.06644557043455843,2.3389335076496316,0.13724338186069485,3.9168270051810676,0.9964041709899902,train
4180,42,0.03695694593261212,0.15486287676585192,2.688099553353676,0.18969014294003322,2.8508078718961944,1.0023934841156006,train
4181,42,0.021497956333507078,0.17195730655287914,3.7870059120015327,0.11540401520449997,3.5732227683590887,0.9975817203521729,train
4182,42,0.04822021862712614,0.09023747806115848,2.1603509090678124,0.18261544161608578,3.185573773950508,1.0005706548690796,ood_test
4183,42,0.04106773747919674,0.14280431973851676,2.2710424908707054,0.1860687566417718,2.8060730315110516,1.0005007982254028,train
4184,42,0.03855308546979814,0.11458824256293465,3.372227576832021,0.15786234272997923,3.548704163269133,0.995742678642273,train
4185,42,0.027048990835951428,0.07955981924888825,2.3355444734665447,0.14288928371514625,2.505631552392634,1.000946283340454,train
4186,42,0.021520257505509663,0.18460896107654695,2.0442996413579944,0.10463510417043487,3.9161024553693196,0.999656081199646,val
4187,42,0.0252711421961677,0.15312898734473088,2.644243809956147,0.18845783050747736,3.418025501199198,1.001334309577942,test
4188,42,0.048483398379463236,0.1346783590534798,2.142932846887992,0.1895397373947288,2.718720585194726,1.00032377243042,ood_test
4189,42,0.03245641682466262,0.18601353377323754,2.342533895517906,0.19863063586369678,3.949182178305568,1.0003688335418701,train
4190,42,0.03057191417466834,0.12690693990567276,2.5506241696070546,0.11834984597386772,2.6566120300776546,1.0007262229919434,train
4191,42,0.04562377677872842,0.1700463776968955,3.8302368172555017,0.08595624437194065,3.8079205664846514,0.9990890622138977,ood_test
4192,42,0.03226247671306595,0.19459861148177066,2.8299213112489285,0.1413531337368607,3.6924354275432476,0.99512779712677,val
4193,42,0.037572504289836745,0.07074348610507325,2.602271615430576,0.1988861274630193,2.931104628956835,1.0012379884719849,train
4194,42,0.04971997806752104,0.1605466904240454,2.061824862033495,0.08362728344363059,3.72658198662025,1.0000702142715454,ood_test
4195,42,0.047706966965447746,0.15839045728148748,2.1009325160431787,0.09623333809138718,2.951689470990834,0.9997929334640503,ood_test
4196,42,0.04291951379910459,0.09525125742749299,3.63467292018933,0.16224502821597397,2.504490120352104,0.9998327493667603,train
4197,42,0.02177882301411593,0.11642258215303058,2.3246138204570292,0.13208419443557745,2.802951051383521,0.9997658133506775,train
4198,42,0.024330082392411412,0.15220262934191417,3.415029150042323,0.11018999915894537,2.888281743469753,1.0016765594482422,train
4199,42,0.02303892501262692,0.1334865251447966,3.897548720179451,0.08248084385875182,2.760862363280142,1.0004947185516357,train
4200,42,0.04177282663796712,0.08431128898079523,2.380848903767645,0.1584363624868474,2.61234323785631,0.9995894432067871,train
4201,42,0.033874687168794944,0.1617700246486376,2.269657215855566,0.14478786926343767,3.8507490335760366,0.999357283115387,val
4202,42,0.04696489984152981,0.11528750012497911,3.2957417750631497,0.1755753047704926,3.5853326677130477,1.0014538764953613,ood_test
4203,42,0.02299272556881346,0.1355128583323786,2.3711531238028725,0.1573706327784672,3.35888847714843,1.0003652572631836,val
4204,42,0.035168437562296574,0.06930603983685482,3.737298782938446,0.12064616523993009,3.8459273297826497,1.0008976459503174,val
4205,42,0.03840528751887558,0.16065530265625189,3.3520118229946325,0.13866383207000965,3.8163689436466717,1.0037792921066284,train
4206,42,0.03590321693493566,0.15467438315263302,2.7996597124815152,0.17104696534811403,3.010636940713026,0.9972986578941345,test
4207,42,0.02145516528663967,0.054053433706441535,2.6478935945948496,0.16164800366822474,3.307766438094595,1.0028388500213623,test
4208,42,0.02527896359723797,0.0987955904628661,2.9879740516111557,0.17515506157564287,2.7207084367186827,1.0008341073989868,train
4209,42,0.04391157216815867,0.14064764690589363,3.527660496596722,0.1745357817318144,3.62953958242165,0.999679446220398,test
4210,42,0.025668445438533045,0.19421201762700907,2.883603461614724,0.11367325474726336,2.5476696088008146,1.0016593933105469,train
4211,42,0.03518617504314764,0.1609797347677871,2.352855154520932,0.1904075120152619,3.3640165605029475,0.9997066259384155,train
4212,42,0.026179704585314507,0.1175398410872754,2.5991018206233605,0.1528931362101537,3.512553273342153,1.000272274017334,train
4213,42,0.02849918724049008,0.14146583635252508,3.091233323602474,0.14936041945991016,2.5382925715718194,1.0014346837997437,train
4214,42,0.037687401757523054,0.18147189845300615,3.6528740844039005,0.17035767455353779,3.309530310164617,0.9998871684074402,test
4215,42,0.033887714308733156,0.18341150250047367,2.238181815371205,0.0861170438823477,3.606402353408439,1.0019761323928833,train
4216,42,0.034151959818856326,0.05421150580280434,3.5175646473884026,0.12163190225240841,3.1158803213929285,0.9987511038780212,test
4217,42,0.03922509350057866,0.08495635710570339,3.8201904258538484,0.1923154653659136,3.181161113772583,0.9989551901817322,test
4218,42,0.03164035573521763,0.195607715796414,2.7753338155522718,0.14288662087798132,3.615769754475814,1.0017666816711426,test
4219,42,0.042774455023367644,0.11345075033100839,3.388165533511474,0.10130973787727776,3.594366318120324,1.000400185585022,test
4220,42,0.021399827427793408,0.09920449055025657,3.691034543512404,0.15673861334915554,3.1781812509828615,0.998889684677124,test
4221,42,0.04576439576641169,0.16184067227142696,2.6974397475271674,0.18923151801729118,3.395382808250256,0.9950710535049438,ood_test
4222,42,0.030084251882926884,0.05178796131198676,2.5651651573025873,0.13005563990950322,2.7042475376251303,1.0013912916183472,val
4223,42,0.04257928426506418,0.16540730886496124,2.126867461909235,0.1587065878835847,3.2509543285931053,1.0011165142059326,val
4224,42,0.04331922885786083,0.15021871744155013,2.051836108401704,0.17732079490077862,3.124958153534868,0.9987469911575317,train
4225,42,0.04068807218135443,0.13098877218252042,2.6228354724292764,0.09414276755929003,3.3088260042140627,1.0009026527404785,train
4226,42,0.03623996575771757,0.06569562440298624,3.821598627244085,0.16623327627667717,3.512450577749688,1.003117322921753,train
4227,42,0.023717064179098885,0.09195244476895911,2.7366063881432408,0.17722426620074433,3.627743587333858,1.0004425048828125,val
4228,42,0.02193506341254679,0.1857490983430357,2.2453782371495628,0.15328501014041274,2.8205599656622997,0.9998419284820557,train
4229,42,0.03438956241150459,0.19850478002527833,3.0025806734070675,0.18194193192092117,3.366243268483162,0.9973188042640686,val
4230,42,0.02494642737616622,0.10861634556501136,3.536274538912159,0.15159375228653052,3.5921549131849897,0.9964436292648315,train
4231,42,0.029479111015384484,0.18441258351929884,3.9619037238312136,0.1627197155605326,3.824102657096276,1.0010600090026855,train
4232,42,0.022222949312002204,0.10483715120090695,2.8118499660874283,0.11214362959064694,3.1835715553575756,1.0002155303955078,test
4233,42,0.03347138165370508,0.10757123348027849,2.812830562720083,0.11111176457870739,3.692086660325593,0.9984639883041382,train
4234,42,0.03886220843209855,0.14551853228119055,3.7303230288033182,0.15702624813041988,2.842063939805564,1.0000858306884766,train
4235,42,0.03108206214214334,0.12836639597633365,2.3115361084271897,0.15335355374841886,3.9740598976640307,1.0001648664474487,train
4236,42,0.03544240906573964,0.08007223984694725,3.2330308356865665,0.19880579928574504,3.483332769459294,1.0007070302963257,train
4237,42,0.02169335083317289,0.14001372646477817,2.29843771811679,0.17713983993756577,3.5862492495751557,0.9990478754043579,train
4238,42,0.02777033139623803,0.14071798814969103,2.888365457992579,0.14308407166227394,2.644559421961212,0.9994937181472778,train
4239,42,0.04360184834954371,0.08162035124768477,3.6283648289894623,0.08255649859664922,3.0019723047478233,0.9977356195449829,test
4240,42,0.03535866489454991,0.15072655187292666,2.1854632425963723,0.1404264910439102,2.5300634379968834,0.9995092153549194,train
4241,42,0.043008745773143967,0.07267348894333929,2.1349915495745098,0.10601083887099362,2.559089319399674,1.0002931356430054,test
4242,42,0.048283409270509954,0.0917002374419494,2.0927017060965176,0.15169385944384284,2.848537013253277,0.9990005493164062,ood_test
4243,42,0.04375072231936432,0.0806614112923377,2.859682698538556,0.1977739990593413,3.8228854581202136,1.0001553297042847,train
4244,42,0.02099509787416716,0.08048598949095048,3.2854634792857187,0.12249676431101453,3.0500854065901244,1.000414252281189,train
4245,42,0.043527863001695734,0.1364031482981663,3.861251131433495,0.12111268478514618,3.639073715466919,1.0024168491363525,test
4246,42,0.020226660791456078,0.08769948488602992,2.6391176351164383,0.13208499120292627,2.7965402434890345,0.9987000823020935,val
4247,42,0.02708166449562801,0.10712556135246581,2.0273358434908975,0.08974965350392844,3.0094451786517107,1.000150442123413,train
4248,42,0.027858613956298506,0.14163783279396855,3.3029880701122387,0.08505075700949534,3.7648186064585003,0.997409462928772,train
4249,42,0.046770460812230935,0.09248354915611583,3.1037272850623703,0.10010468163729742,3.4523017961949902,0.9993973970413208,ood_test
4250,42,0.03186768163753828,0.18929258513127106,2.7688410770278242,0.19239762511945252,2.5084423580930197,0.9983856081962585,train
4251,42,0.04972996967124437,0.18094632228251706,3.3331598745371833,0.09214345895653597,3.525286206840774,1.000872015953064,ood_test
4252,42,0.03715692226099465,0.06986941395427408,3.89728832458639,0.17811820605061443,3.852708630659932,1.0002490282058716,train
4253,42,0.04437122593193079,0.12155182650625902,2.1559986186612123,0.19862505923570856,2.5231141113327187,1.000792145729065,ood_test
4254,42,0.026386576507079214,0.05897051588737633,2.531881996650311,0.1923932648323725,2.6927064356867687,1.0008094310760498,train
4255,42,0.03903021154929619,0.17622026184174466,2.5689472041013435,0.17526589927041747,3.495436074450862,0.9999097585678101,train
4256,42,0.026144332751959237,0.144786587470599,2.83886243889663,0.11027818243044704,3.806070736903236,1.0022042989730835,test
4257,42,0.021392595984096274,0.1259781343517478,3.5181532444371086,0.10362983204432255,3.6980753398995594,1.002565860748291,train
4258,42,0.04759006948743765,0.0843277377213047,3.9060456102656302,0.1753667740114648,3.9932981828261376,1.0015618801116943,ood_test
4259,42,0.027443281624166767,0.1523247879604609,2.97029282023706,0.1509211965921379,3.682158812398531,0.9976274371147156,train
4260,42,0.036433919152334786,0.072966269225504,2.2302795243251126,0.15490857700587402,2.53166526391661,1.000043272972107,train
4261,42,0.047383284961733434,0.1050811492718542,2.580094624290248,0.14865262958349554,2.8263346004659864,0.9986088275909424,ood_test
4262,42,0.048509176286066685,0.12864350593117596,2.2770908618174075,0.17205069086082697,3.030910834515359,1.003098964691162,ood_test
4263,42,0.027746213476878553,0.08625209299224296,2.0485192422513903,0.09090776142760605,3.272106504319039,0.9994139671325684,train
4264,42,0.031277403819422234,0.0740126395500681,2.757100835731446,0.10727092000181934,3.1669505405237937,1.0000197887420654,test
4265,42,0.03075617300731895,0.1635587256719817,2.7456664671317155,0.13042414711691613,2.9240981103519452,0.9992878437042236,test
4266,42,0.042036318098840494,0.17720786618516937,3.764623237144856,0.12271715930536223,3.286043562993364,1.000864028930664,train
4267,42,0.02540192905043334,0.06268498485120792,2.0481559404394445,0.12986101561064378,3.4487640882916675,0.9977849125862122,test
4268,42,0.046278671517426206,0.1103023426459642,2.5170708241856117,0.19502207857439474,3.6441242578433934,0.9993788003921509,ood_test
4269,42,0.02962556574503454,0.077267403377117,2.586681450521991,0.14065596747056552,3.3933896422848138,1.0019259452819824,train
4270,42,0.023462571800861528,0.05993622030742676,2.181172956697016,0.18526464988085448,2.775346338112106,0.9979583024978638,train
4271,42,0.029087096223651642,0.18106265065831229,2.634113547902395,0.17910527904208554,3.0418152971706016,0.9985872507095337,train
4272,42,0.043316051237173844,0.13965888934594833,3.1688474754986693,0.18155318718051067,2.7110605303775976,0.9986597299575806,test
4273,42,0.022873808423817855,0.06658873346384521,2.3186939589170708,0.10083857771842425,3.163667765017089,1.000281572341919,val
4274,42,0.028937345610280756,0.15698840521562768,2.7841864314902605,0.1418174313002799,2.803602356609349,1.0001494884490967,train
4275,42,0.02737285163960604,0.19350984045591652,3.841344918360363,0.19658237704903492,2.913007481139566,1.0019266605377197,train
4276,42,0.03499602001595432,0.06059722928242102,3.6768119411077826,0.15716966479761096,3.1026034199930432,0.9988582134246826,train
4277,42,0.024584747679517367,0.18221795789624623,2.69558311951978,0.11141370038219112,3.250249688828716,0.999637246131897,train
4278,42,0.03883520026469661,0.18310037301494592,3.9382558637465293,0.09792463290969651,2.983268723254176,0.999271810054779,train
4279,42,0.04588429251696395,0.16400203384266082,2.910526553655124,0.1813754124816297,3.4933597595062116,0.9975172281265259,ood_test
4280,42,0.02369060811346993,0.06777580305980019,2.1640173075631335,0.12576536032070512,3.9580408491341625,1.0027273893356323,test
4281,42,0.02408154820819465,0.19717518122085687,2.210528235301054,0.14056361403917758,2.945889864088816,0.9989573955535889,train
4282,42,0.027495176418253466,0.1396649476310455,3.1534977959846424,0.12422243839522809,3.824823030632097,0.9980262517929077,train
4283,42,0.023392207509721746,0.15325527798345578,2.392497661644828,0.19646070792461295,3.614611602878291,1.0001602172851562,val
4284,42,0.047884475946652266,0.07491232418657284,2.3154972879680065,0.11226464691120137,3.8859797683097694,0.9993433952331543,ood_test
4285,42,0.035461125490897014,0.12602399759604543,2.1697181738504905,0.11109117474928823,3.1282007793909123,1.0000275373458862,train
4286,42,0.03685978734002276,0.16021593681324853,2.645876226267292,0.11724749048257388,3.398534747764597,0.9993779063224792,val
4287,42,0.02376394293300966,0.14220526470321143,2.4566582673597397,0.08797997870157717,3.648710751428049,0.9999191761016846,train
4288,42,0.029814929819427155,0.1840892393786921,3.872329011418649,0.19651810767348177,2.92873558408483,0.9985247850418091,train
4289,42,0.03351704603122397,0.07486969448960815,2.694616834726466,0.1472042554990348,2.526771817444069,1.0004792213439941,train
4290,42,0.04864511247313842,0.10915586696116,2.7581510815306096,0.10323786437394498,3.256732070968013,0.998073399066925,ood_test
4291,42,0.048812313528202006,0.10458291646288781,3.863970479931287,0.1679941366630998,3.8406640193416477,1.000063419342041,ood_test
4292,42,0.026134030294643763,0.1660700107179106,2.5811154083804437,0.09112725872282212,2.6827078567046523,1.0016565322875977,train
4293,42,0.03474219620942674,0.1585786150498673,3.2138339200851958,0.14481343908193375,2.751816138366744,0.9988415241241455,val
4294,42,0.026575762555521003,0.13456692623405203,2.9482434794917465,0.18098476805874164,3.7554507069912866,0.9978962540626526,train
4295,42,0.03486324334088191,0.18098910839225035,3.223393806597807,0.1300811686652394,3.227676893702352,1.0005342960357666,train
4296,42,0.03332443430221412,0.1437053796733686,2.2032006886105258,0.13483367695412682,2.528961091511277,0.9998362064361572,train
4297,42,0.04001376621121848,0.1584372197020476,2.3342882270121503,0.17902681607090937,2.9292781729089366,1.0018272399902344,test
4298,42,0.04465858337023154,0.1614749477925675,3.201680931696399,0.1075905209852934,3.318512504961231,0.9992071986198425,ood_test
4299,42,0.04429217673858871,0.14231411070830458,2.7065624025007597,0.15175171994872028,3.2987158826497622,0.999448835849762,ood_test
4300,42,0.02726816194145572,0.18295230560635334,2.7283142108967207,0.12413488178027313,3.976559423372901,0.9964039325714111,train
4301,42,0.022560317854786426,0.11666934513968337,2.5475095736506574,0.1645035396991096,2.652326774862271,0.998498260974884,val
4302,42,0.03135132205109257,0.08589409062675211,2.4233399060367162,0.15604537177677927,3.151146147766992,0.9991683959960938,train
4303,42,0.04413057570752714,0.14984197401308574,3.7650554722736578,0.1095550323406452,2.560133218748791,0.9996942281723022,ood_test
4304,42,0.03794404516934374,0.1921641751125222,2.7598629025751595,0.14570060489853337,3.468739279202575,0.9988195896148682,train
4305,42,0.0213447725957265,0.09898644608840207,3.5393985977063935,0.18195576761250906,3.698321048109257,1.0000483989715576,train
4306,42,0.0327592231409903,0.13759711348432557,3.636531941179279,0.10711980309661878,3.4186908359184067,1.0004312992095947,test
4307,42,0.037771765650191746,0.15148183956662098,3.135432023858834,0.17062883097785886,2.6997894198720314,0.9981247186660767,train
4308,42,0.04260737035369623,0.06419549186776026,2.5789882145090828,0.13477663396499584,2.836195302851211,1.0008823871612549,train
4309,42,0.04934700801691551,0.0793014935016259,3.3151217057410713,0.15296325482149764,3.175544374229678,0.9986522197723389,ood_test
4310,42,0.02439735095760133,0.15338320523776233,2.2813667844818983,0.17297312860880526,3.884945675285957,0.997664749622345,train
4311,42,0.03736882930304027,0.08217786623251272,2.0516081503044057,0.10697253988094045,3.5258246762820082,0.9992824792861938,train
4312,42,0.023355468015072635,0.19399072428885955,3.9569253709259007,0.19393581684240385,3.0806276543410673,1.0005552768707275,train
4313,42,0.027230213596623518,0.07427322932188546,2.597923393906107,0.10889711302751787,3.7835338402998007,0.9999349117279053,train
4314,42,0.035476361235184495,0.17103659193362392,2.828277309224787,0.18128613443842267,3.048581272643448,0.9984419345855713,train
4315,42,0.03234939429238344,0.15671675281159686,2.326054386455856,0.15131438626015786,2.5797028358469642,1.0013976097106934,train
4316,42,0.046833443357774215,0.15934182557007148,2.30521115498539,0.17020239970262102,2.8530682946620884,1.002936840057373,ood_test
4317,42,0.03697679363214185,0.15092857907863788,3.0954528583037577,0.1324152463071975,2.7569153743637314,0.9999327659606934,train
4318,42,0.04730841598429286,0.0639630469229352,3.5001058629789963,0.1696820125385528,3.2403848300799525,1.0009815692901611,ood_test
4319,42,0.036752268885008585,0.08137983338511048,2.895013128392618,0.10997071890589971,2.5300068337664623,1.000320553779602,train
4320,42,0.03315626482905184,0.1732680449332933,3.294336412125613,0.14110649751686305,2.5922835110786355,0.9993447661399841,test
4321,42,0.045952078923147816,0.07591444371436744,3.736694879836934,0.08537249629852975,2.9456450064219615,0.9989073276519775,ood_test
4322,42,0.02241387340145526,0.11815375140045727,2.2382680176973473,0.18400128800373694,3.7721859018161976,1.0011982917785645,train
4323,42,0.02405134561231673,0.12452685503517737,2.9249517005828296,0.10216672489811844,3.11791385757196,1.0004050731658936,train
4324,42,0.04978687010325878,0.19014035205382485,2.407867445774357,0.18278537047402288,2.832273738202828,1.0001089572906494,ood_test
4325,42,0.038931452288410585,0.14439974389885316,2.5841042777715373,0.18153119670362838,3.4609890733157904,1.0009047985076904,train
4326,42,0.04247703755598242,0.156909829710638,2.9005710971811003,0.1192108684984921,2.5233567607085114,0.9991632103919983,train
4327,42,0.046772077685374724,0.06796632689277876,3.2571356063714716,0.1802099305705388,3.189718219867383,1.0020363330841064,ood_test
4328,42,0.033301932687974545,0.0509024613081491,2.431281569287656,0.15896490139084757,3.04080864853449,0.9985312223434448,train
4329,42,0.0433629448815107,0.09635204774024286,2.710753474657479,0.09816093992216478,2.6473226490723283,0.9990856051445007,train
4330,42,0.04319060327548163,0.08066197181550037,2.264461651695747,0.16179245624538421,2.7629188898313513,0.999755859375,val
4331,42,0.03707231811097378,0.1278240646867034,2.739826797377825,0.09972253539190845,2.8251131095482007,1.0011634826660156,val
4332,42,0.030292937307231083,0.12521869513718809,3.3645907677651685,0.1371614857766848,2.6855222753458277,0.9997676014900208,train
4333,42,0.023083334241542578,0.17662749432385821,3.6093666061842287,0.11468896790545664,2.9623129717934877,1.0010906457901,train
4334,42,0.029044305589017022,0.19499045760586836,2.3893934769471548,0.11622886855004856,2.7416933762069546,1.000597357749939,test
4335,42,0.03323447973788037,0.1595483689866065,2.7612836268449206,0.09775966731037924,3.4680678054624465,0.9997159242630005,train
4336,42,0.03204279571125965,0.13156984028729124,3.6370883079303487,0.14013328688971918,3.211218911152394,1.0008490085601807,train
4337,42,0.030689451226113593,0.09072252015467552,3.539454536010803,0.1737404113159513,3.851048120631743,0.9999265670776367,train
4338,42,0.03869829522727715,0.1807160978752652,3.348231057332395,0.13265042229015084,3.928722639678715,1.0007297992706299,val
4339,42,0.021700002685173313,0.07221129090282116,2.7190995549510077,0.09384280742158455,2.743831454769088,0.9996351599693298,train
4340,42,0.03221879029648568,0.16975177430718263,2.6218403115992825,0.09153446547829343,2.9760741334330665,1.000152826309204,train
4341,42,0.042226382917059914,0.15669280642792982,2.3559518041098126,0.09982622678961083,3.1300184187272766,1.0014526844024658,test
4342,42,0.04291277942490018,0.15304338143323842,3.2946995676836135,0.10432477207770911,2.7762145251841153,0.9987531900405884,train
4343,42,0.034135761914696236,0.0953490526297078,3.906704854648754,0.09366950520214881,3.166438715562473,1.0026860237121582,train
4344,42,0.02852223400179994,0.05042179724222265,2.7427681436512295,0.1894689134650867,3.96343496241569,0.9992020726203918,train
4345,42,0.035137126600130804,0.062456606445049585,3.3854674490678582,0.1535675371629665,2.796159266699822,0.9993417859077454,train
4346,42,0.03741256784982368,0.1602426104473072,2.108163377192067,0.16469770279825835,3.81115269247883,0.9978545308113098,train
4347,42,0.035218152919782524,0.15959995951786682,2.5465446786027846,0.12350474776924647,3.647895120960758,1.0035959482192993,train
4348,42,0.027414112911393007,0.16364296226968236,3.2113969602146577,0.16566781741216025,3.2626807724991664,1.0035476684570312,test
4349,42,0.030928271071177543,0.08980201146106592,2.293263303727675,0.1878589591365576,3.9779503291275056,1.000510334968567,train
4350,42,0.02031607854502391,0.054862372037936306,3.3818101584773124,0.18494570469966176,3.147173333049847,1.0017344951629639,train
4351,42,0.038598684028307226,0.16071546078058474,3.4427796483401365,0.12520063361099898,3.4300712955491077,0.9992865324020386,train
4352,42,0.04776451067758898,0.16098239992304797,3.5946672739047925,0.15322544984274442,3.9883740264973104,1.000800371170044,ood_test
4353,42,0.029729917845250746,0.10407540911167788,3.570961216290347,0.19637058677681424,2.690845564508548,0.9994105100631714,train
4354,42,0.027720272465043827,0.17715096817907894,3.844923782991242,0.09743844274589147,3.971949677890361,1.0018775463104248,test
4355,42,0.04004981317483613,0.1723154697650803,3.8339472264656282,0.12566928222548526,3.94921786444935,0.9998405575752258,train
4356,42,0.034802058414748205,0.1335075294734726,2.492989238812801,0.17575979460058816,2.906433048710735,1.0000044107437134,train
4357,42,0.041322502853978545,0.06412765776473649,3.258476754725913,0.13859789546793344,3.023219691422174,1.0000829696655273,train
4358,42,0.023657621669089246,0.08809002164492691,3.5716392045284957,0.17579526422578629,2.873172627031687,0.9994797110557556,val
4359,42,0.03830607566631149,0.06022922528690408,3.80025112967797,0.13160827040962278,3.699306615255181,0.9997292757034302,train
4360,42,0.03799429204754864,0.15511367044024466,3.0024229394021726,0.11593034520181515,3.6581022407442303,0.9988420009613037,train
4361,42,0.04454047676582138,0.1933555187629783,2.145289109997419,0.08173231668906059,2.8505968770356467,1.0003560781478882,ood_test
4362,42,0.026531309971405986,0.10477147658391604,3.1554296467997442,0.17510249262578745,3.180396993673659,1.0005550384521484,train
4363,42,0.040948538628161744,0.15235233019267452,2.2769939483407997,0.13933682148998516,3.5803334656123607,1.0000262260437012,train
4364,42,0.03618736617277314,0.1131063608320013,2.695698285894365,0.10453024524359658,2.669771229137517,1.0010930299758911,train
4365,42,0.04129090108996403,0.1462254553304261,3.8039837435246175,0.18743638421991113,2.6110124982046017,0.9994882941246033,train
4366,42,0.02717496310868419,0.09703079384243544,3.5346630613859635,0.1969408810971084,3.8778756371590406,1.0017728805541992,test
4367,42,0.02771436247119396,0.19275914598572946,3.316687865094803,0.08100095534726673,2.761191873851445,1.0019121170043945,val
4368,42,0.03288809555923515,0.15698497264231348,3.031790679987202,0.12025110538184317,3.648656343750373,0.9996565580368042,val
4369,42,0.049377368218811175,0.13490696641831226,3.4018034181890915,0.18192714622205913,2.8711493080787602,0.9996698498725891,ood_test
4370,42,0.048227773852221795,0.06634270930796088,3.634072157265634,0.1228651572055692,3.0953991299694534,1.0003710985183716,ood_test
4371,42,0.028356083884274512,0.1343715728793414,2.356120380266298,0.16873353567870925,3.2730346028130954,0.9982836246490479,train
4372,42,0.02034713207980965,0.08938353067327989,2.927234006185647,0.17445801121684534,3.1534781228643527,1.000609040260315,train
4373,42,0.04561270507352527,0.15707555961494601,3.0826000067306008,0.08921713832736201,3.3702902168816014,1.0017638206481934,ood_test
4374,42,0.04206693701875711,0.12914363315218813,2.21590133974464,0.09573176024551577,2.876679741235216,1.0011017322540283,val
4375,42,0.030186723445250162,0.17296190115213894,2.6356780732436285,0.18081219653223307,2.668292418784977,1.0003021955490112,train
4376,42,0.042242420103956624,0.16408569902933043,2.8209078081670325,0.1400938258459821,3.0639590826705887,1.0005561113357544,train
4377,42,0.04728736262545974,0.18558958410986254,3.150370931022428,0.10890620491054062,2.631674369353273,0.9999100565910339,ood_test
4378,42,0.037487223333037736,0.06494953650322777,3.5947145268152303,0.16588176788371162,2.8466794036514287,1.0028247833251953,train
4379,42,0.03487218105134667,0.07307933930514213,2.602578521869754,0.1960298857582708,2.594781816285823,1.0011112689971924,train
4380,42,0.035439460362787986,0.14822519016136823,2.9409682192396414,0.10819387062456595,2.8774749737777716,0.9986456632614136,train
4381,42,0.027227836631961135,0.11840149429218062,2.0257897447311164,0.17002163262190473,2.8410395586496273,0.999140739440918,test
4382,42,0.04591065091365887,0.1343616748101272,2.1891367466692637,0.1382053643848319,2.960739989270976,1.0005271434783936,ood_test
4383,42,0.04669503669339474,0.07665895989502294,3.6684518661330054,0.1165972810452085,2.8962076535231973,1.001557469367981,ood_test
4384,42,0.025327560452647724,0.07853104033951441,3.337093471288088,0.08838510286315795,3.917818849788371,1.0009102821350098,train
4385,42,0.026189828645530322,0.17500326475461525,2.8654720644057354,0.16878241090623414,3.137847460762705,1.0013107061386108,test
4386,42,0.03241343421192372,0.07473014179562118,3.6577180064113253,0.16652980579375587,3.374752349796477,0.9990909695625305,train
4387,42,0.04632626640855109,0.08728776427678965,2.470021177288543,0.17570821531545655,3.5035027685435587,0.9982022047042847,ood_test
4388,42,0.04879439846050911,0.09402673107099369,3.722237246381394,0.17668130762210393,2.68464083189591,0.9996799826622009,ood_test
4389,42,0.04868111507363801,0.05994638005273405,3.758652968887585,0.1605622924677725,2.5757044948148167,1.000096321105957,ood_test
4390,42,0.02439122092038861,0.19641885778643736,3.2255739250783675,0.16337920456838,3.407969890927733,1.000741720199585,train
4391,42,0.027205245220612722,0.06327194621474626,2.6831411659387183,0.1168557363719545,2.9308652721838664,0.9979292154312134,train
4392,42,0.04246016890708058,0.14679790384780728,2.1064061229870314,0.1606593068784718,3.9443478997165684,0.9982489943504333,train
4393,42,0.02474797000714587,0.15579565629821074,2.7915090720758036,0.17293127884836962,2.9942182088005564,1.0004758834838867,train
4394,42,0.028680505669044894,0.09581979355010026,3.167561250199326,0.19625952301013885,2.9830730271954558,1.0006883144378662,train
4395,42,0.048252969076200955,0.1952489336645899,2.652410038420766,0.09851718553927276,3.150990161383163,0.9989685416221619,ood_test
4396,42,0.04531922997677221,0.14988212174971602,2.075824424214292,0.10273349905720741,3.485438702944352,1.0005866289138794,ood_test
4397,42,0.048078975202893476,0.1264745293220853,3.927417588601423,0.18300721855662405,3.081025138795619,0.9978505969047546,ood_test
4398,42,0.020985805337378538,0.11517442938537609,3.4757221908527205,0.1035504650389899,2.6690473495439075,0.9995427131652832,train
4399,42,0.024216739660365617,0.13352884561210993,3.788071980926717,0.09827162157628111,2.9884669856828103,0.9982869029045105,val
4400,42,0.02803626391073155,0.07290717929709052,2.3179639830974392,0.13925905647181402,2.6252025781173614,1.000346302986145,train
4401,42,0.03804493587988628,0.17740326783582866,2.138703237441085,0.09073428085523204,2.7469932884946764,0.9997134208679199,train
4402,42,0.027037153905008403,0.13875854720429492,3.456030508413858,0.13004289286150572,2.7483827304437516,1.0019848346710205,val
4403,42,0.039889062259552285,0.17125846843852122,3.6656336606718734,0.14193444802437974,3.4044812765520582,0.9983265995979309,train
4404,42,0.03586881197140905,0.139817041638428,3.5374618944646143,0.1436322490859775,3.799320162451377,0.9991586804389954,train
4405,42,0.04743584296233959,0.11971104149541732,2.1832665867240095,0.14437698198453555,3.0374390517691046,1.0006520748138428,ood_test
4406,42,0.027681830276090637,0.17503150798629374,3.9724947586373025,0.08838912829177774,2.939970973315872,0.998295783996582,val
4407,42,0.028810974537426426,0.06723930077997074,2.9739222375632695,0.08128283419693856,3.559505037683102,0.9989028573036194,test
4408,42,0.0487130450196256,0.06569247937312322,3.719851969758742,0.1796241323004776,3.062822861821864,1.001753330230713,ood_test
4409,42,0.045209180546619016,0.17468446349231828,3.745202898113245,0.18157321606048143,3.7454800959290706,0.9998419284820557,ood_test
4410,42,0.04199305010084496,0.16310500345545892,2.5817581571707606,0.09404221976762706,2.833384271697362,1.0017844438552856,train
4411,42,0.025543446397414515,0.09189928539955569,2.12895418743506,0.10948101163760514,2.6286088390582014,0.9995522499084473,train
4412,42,0.022264359152584012,0.06996524972046606,2.724378841795786,0.08375289558273935,3.3031787327538122,1.0000507831573486,test
4413,42,0.04332229533273935,0.06399899994024043,2.6194168491427474,0.19115524651105337,3.326872746990726,0.9979831576347351,train
4414,42,0.025360264953267944,0.09247838368090089,3.861446336896966,0.18665107032296538,3.717049629419553,0.99715256690979,val
4415,42,0.03412561038580061,0.14232419565950857,2.774268846976657,0.1372860259084383,3.9960114370236584,0.9987646341323853,train
4416,42,0.02612959150663014,0.1988858161259514,3.205838513513588,0.1863597793979616,3.955627162668845,0.9981429576873779,train
4417,42,0.03680661237743324,0.12398454553455793,2.643365177934853,0.17120136101618666,3.610208148404869,0.9988685250282288,val
4418,42,0.02549612963332855,0.19845498355360902,2.736132285397473,0.1204286993639,2.635838246771798,0.9995179176330566,train
4419,42,0.03450291414309011,0.07694554433788227,3.3883538324345652,0.12126172792704554,3.802388651623967,1.0016403198242188,test
4420,42,0.026478100948162386,0.17504605046378918,2.805434264134864,0.19766239856891765,2.96710369070694,1.0004347562789917,train
4421,42,0.029905137010125586,0.18400272248672322,2.7560827036816224,0.15067477577560448,2.693009954152527,0.9996866583824158,train
4422,42,0.02431788744430514,0.1021059913137515,3.336344157484007,0.12416956076496449,2.876585832085211,0.9991791248321533,train
4423,42,0.03678417841643005,0.11526490149879356,3.679139458546188,0.17969957835554173,3.870958046760987,0.9989596009254456,train
4424,42,0.025452935299647435,0.06847937953746902,3.575283249794899,0.17532857865185908,3.1372342431497486,0.9999105930328369,val
4425,42,0.0326690819809325,0.05274458217890924,3.634991770570083,0.09838660217816249,3.6410889606047214,1.0003385543823242,test
4426,42,0.02439994250081516,0.18037097357432197,2.449617085325386,0.1941740351074524,3.205719885512724,1.002852201461792,train
4427,42,0.033620179262180694,0.09677315035105283,2.716853840092026,0.1083688605742884,2.855953438781185,0.9994290471076965,val
4428,42,0.03977342542683147,0.10130085999996215,3.4000085261670066,0.12259394221969883,2.9985237036766756,1.0005720853805542,train
4429,42,0.047494265779853106,0.19185226658968513,2.120280169580538,0.19869627446396676,3.4489595570278153,0.9983587861061096,ood_test
4430,42,0.03174106828901496,0.16387309925391008,2.816199842457197,0.14790116283326876,3.2549146713484665,0.9993804097175598,train
4431,42,0.03872129449785552,0.10589246145110456,2.5760754957349845,0.14342535321478683,3.1947514876701755,0.9985924363136292,val
4432,42,0.04172632961776725,0.15545278707685783,2.1377255149119505,0.0959812668642171,3.386350611746725,0.9985830187797546,train
4433,42,0.027638514474655332,0.15925949556510222,2.104825679827834,0.09757585761496336,3.4385522736183436,0.9976356625556946,train
4434,42,0.028145286374609252,0.058967797797325194,3.7128542018061284,0.14612670232724712,2.9985513923701617,0.9985073804855347,test
4435,42,0.03653845960558466,0.1932498672236454,3.9193495676845647,0.12158287294932058,3.996557574179775,1.0003550052642822,train
4436,42,0.02419816866306474,0.05416935639924375,3.891118555086484,0.08933664532145265,3.9975809291088558,0.9995300769805908,test
4437,42,0.046078761633946516,0.11582865432465356,2.1769010786190712,0.19600395366381318,2.74405176345471,0.9986315965652466,ood_test
4438,42,0.04417614681453916,0.09233371539717426,2.61994462434812,0.17355829246644003,3.8911223999089186,1.0021884441375732,ood_test
4439,42,0.02783909464711026,0.12446721746817109,3.817739234544715,0.19738711704787396,2.5354912746044618,0.9971659183502197,val
4440,42,0.021455857243517132,0.06259321607497728,2.3736421891905484,0.1683191088412243,3.3339464490933715,0.9989345669746399,val
4441,42,0.030313360203993424,0.07311376362813658,2.3581412562765287,0.14625743041744013,3.3107057200337406,1.002872109413147,train
4442,42,0.04215546435036495,0.052543895394913574,3.176462954304368,0.10924125746668648,2.687459129096558,0.9997252225875854,train
4443,42,0.04422076066939168,0.12575511054025793,3.8361823833948305,0.112611901847126,2.8849990210304504,1.0021092891693115,ood_test
4444,42,0.03348625802270088,0.19373933024405232,3.783527571555395,0.16024662368687692,2.9628272885741205,1.0011522769927979,train
4445,42,0.022123554345941262,0.10201875197453857,2.5095821399909473,0.15523704346716236,3.3392222179461193,0.9994349479675293,train
4446,42,0.02466265219670123,0.07966460649875223,2.589550854261112,0.09741843616218718,3.4616404046209834,0.999650239944458,train
4447,42,0.04572750121593247,0.11943897096514135,3.8791163891496803,0.12370062638774829,2.6465724852583143,0.9986016750335693,ood_test
4448,42,0.026070178292475373,0.12230965989392646,3.2442399677114326,0.11199873742010898,3.1705898760548323,1.0005435943603516,train
4449,42,0.04446245044290334,0.17608104324241503,2.157067720536083,0.10491030084838228,3.778239563496144,0.9995921850204468,ood_test
4450,42,0.03169124605549675,0.1789493640100669,3.7754027658644453,0.17341548807356177,2.8115736304436556,1.0005652904510498,val
4451,42,0.03966836639864782,0.14705438960165645,3.100928275897525,0.15784865270780635,3.691231574883955,0.9960952997207642,val
4452,42,0.029631614189166388,0.12703103082379733,2.3625169070400065,0.0974423500023546,2.963748675981673,0.9996432662010193,train
4453,42,0.021930743891759977,0.16772555185986748,3.6917141780320915,0.19867688044887555,2.583155622487085,0.9985463619232178,test
4454,42,0.033679704513484704,0.16929232418346402,2.5359860685983957,0.08270674694100183,3.9132878046773545,1.0001111030578613,test
4455,42,0.03205029314367103,0.185266672381243,2.5009920119836506,0.16924341354407976,2.7335676908991293,0.999563455581665,test
4456,42,0.03816906152674791,0.16987654799976137,2.324808891287157,0.18119860634914364,3.5938425363513504,1.0002000331878662,test
4457,42,0.049251638652075755,0.05581299272386982,2.2076856336461503,0.17277380743518742,3.1454385633325463,1.0018644332885742,ood_test
4458,42,0.0362016865148457,0.1755651353285067,3.5621942040946832,0.09900211857052471,2.7089622505056408,0.9998844861984253,train
4459,42,0.035432140854835745,0.1489191684337654,3.081425146563005,0.14089275051924033,3.926486183992148,1.0037729740142822,val
4460,42,0.03491270329280198,0.1558605771259174,2.6448942376402953,0.15048028747069703,3.0452964943331877,0.9993915557861328,train
4461,42,0.02090412057145493,0.09349153972421834,2.0597735684654124,0.15855762957843433,2.8891047938439702,1.0032435655593872,train
4462,42,0.03766134886913703,0.17169626345090494,2.0383563875556794,0.17499979716732794,3.4491001481398973,1.0001920461654663,val
4463,42,0.04419145817057947,0.08071004675863855,2.3081777861984984,0.11155931740010822,2.7658157518979487,0.9994415044784546,ood_test
4464,42,0.03894163050775507,0.18812212980124754,3.180238836866267,0.10346179994444782,3.608294001216304,0.9979351758956909,train
4465,42,0.02279267394854216,0.16138463015750493,2.095875400389203,0.16708869225709821,2.7407013823688287,0.9958370923995972,train
4466,42,0.02958836533503848,0.14420160853507602,2.1867804910602304,0.12123862762845489,3.465616470100096,1.0044834613800049,train
4467,42,0.027584275804212036,0.1350655646131305,3.1133416495854256,0.1316819336131401,2.856247656122144,1.0011529922485352,train
4468,42,0.04490749465343151,0.05032741351817525,3.5180474085972646,0.16632150005364627,3.9792904942455958,0.9993852376937866,ood_test
4469,42,0.022860473472567575,0.10938276762830121,2.430670509705691,0.15142116864988212,3.661207460446869,1.0023374557495117,train
4470,42,0.04308707767569571,0.09521680045936001,2.315132982245969,0.16647949847798796,3.2929572190500336,0.9989138841629028,val
4471,42,0.04998144982837609,0.11902899988005981,2.0909040066407867,0.13282236703960598,2.6778869760936024,0.9996164441108704,ood_test
4472,42,0.03612074290885038,0.0751154534707896,2.1649509432271468,0.08149299668595565,3.7643451536235863,0.9986340403556824,train
4473,42,0.03487171621294374,0.1470333251115309,3.998498430664206,0.18837876902770684,3.194820271467339,1.0007567405700684,train
4474,42,0.040260508267021,0.10731807864439344,3.6331750019343527,0.1745633213362578,3.3609995653042133,1.0002936124801636,train
4475,42,0.03576463348945076,0.09073063452383201,2.0011783331531126,0.12018449792838533,2.5404847054334025,0.9986437559127808,test
4476,42,0.04861172066500904,0.19066746735791296,2.8561453268691004,0.09168877878702542,3.7723212882807644,0.9997882843017578,ood_test
4477,42,0.041647065137531816,0.12138399114615513,2.644016923610738,0.08965458971810362,3.084662561318498,0.9994480013847351,train
4478,42,0.02438743719562257,0.06563137485233356,3.780654815146755,0.1554170040736563,3.520175889136139,0.998866617679596,train
4479,42,0.043118744033914094,0.19055615569966444,2.4051837588137994,0.13715236609609593,2.686333415413508,1.0004369020462036,train
4480,42,0.046069167006140666,0.08498301119074186,2.717038977570854,0.17645649080089243,3.041322057517489,1.0008950233459473,ood_test
4481,42,0.03651436725007403,0.12561005402407943,3.105204750582139,0.1846519157433168,2.5008566317735106,0.9990862607955933,train
4482,42,0.03961388336502792,0.06752278995976921,2.701979279302086,0.195651426266093,2.601884723149658,1.002011775970459,train
4483,42,0.03128677146375561,0.07915737040431567,2.8461735339969048,0.17436747795438154,3.1932284499929446,0.996558427810669,test
4484,42,0.03201312444491017,0.13897269466029094,2.6258162419732223,0.12315286691710538,3.990849445436052,0.99764084815979,test
4485,42,0.03050535319413606,0.11356586016218222,2.1111044364882816,0.19564933086876404,3.81081756557748,1.0000293254852295,val
4486,42,0.043271190708074045,0.12494298590317053,3.632818604738412,0.154946346573007,3.4365552012123817,0.9979126453399658,val
4487,42,0.03340424573355104,0.07468564428487877,3.954016895823111,0.14185632465513237,3.933717513871105,1.0022809505462646,train
4488,42,0.03626269553105445,0.0549594267861509,2.7984938524640377,0.17620756108438948,3.025517550006323,0.9989804625511169,train
4489,42,0.026452039448435688,0.14349571597466892,2.1906802100744662,0.081214398693311,3.10303560800555,0.9994490146636963,val
4490,42,0.0409273409674831,0.05194033141646163,2.7754368272849534,0.1449987557474571,2.6310497213119652,1.0004099607467651,test
4491,42,0.047188116187173966,0.06774014547856771,2.4483261983258555,0.08694834071651247,2.9988613507341806,0.9981217980384827,ood_test
4492,42,0.027429968151949063,0.15732260626673183,2.5621774017436594,0.13702477170417127,3.4632898407348782,1.0020831823349,train
4493,42,0.03982406756585807,0.09437115885796163,2.6962644377161835,0.14566944437262633,3.0447816246715584,1.0016391277313232,train
4494,42,0.04209100813075517,0.1461217011196841,2.4963562784652336,0.18659437144649668,3.629098966783642,1.0008749961853027,val
4495,42,0.02167185018444355,0.16812679266288066,3.7974591095464403,0.18811697485787193,3.7345785779236707,0.9991955757141113,test
4496,42,0.03684511115944365,0.10905760258264605,2.375866664563418,0.10792921528851226,3.938318222040003,0.9996768236160278,val
4497,42,0.024487811067819668,0.056705671825369716,2.8032445478818384,0.147856263483212,3.9869623515225268,0.9984285235404968,train
4498,42,0.03761699241894301,0.16810829216891482,2.6360090634293742,0.17676489227624928,2.9013949014502973,0.9984808564186096,val
4499,42,0.04343262777643066,0.1082070811125402,2.2702034777219717,0.16537310984196948,3.7271196868622916,1.0004421472549438,train
4500,42,0.037328196067523904,0.05424166805460556,3.451053679513989,0.17166802001229017,3.4249223136302893,1.003577709197998,train
4501,42,0.041584997174282455,0.13084170025646125,3.0203356115650246,0.10844831206397594,2.989302891856459,1.0011378526687622,train
4502,42,0.031335861392644,0.11211223870633033,3.362362325416531,0.19122665465258304,3.2798113728393443,0.9989075064659119,test
4503,42,0.035601750901805056,0.1850876880244744,3.429742224341494,0.1330626213598779,3.7102415282272267,0.9994429349899292,train
4504,42,0.047804858842382406,0.14254973350140698,3.9997436375560924,0.15755562038553983,3.100748403643102,0.9978594779968262,ood_test
4505,42,0.020119002214137448,0.19126616600122454,2.3533067431355885,0.10534084931594605,3.7926313722365563,1.0003739595413208,train
4506,42,0.03723747090486776,0.19307218928233771,2.723929224540199,0.15090257412537617,2.8083362576049717,0.9983291625976562,train
4507,42,0.04524133254435954,0.15408546696690673,2.5047350879572865,0.13604387667057743,3.8513013399684803,0.9975823163986206,ood_test
4508,42,0.0433298723133496,0.11589522547233498,3.744093125990884,0.1875395647849677,3.0779135527549837,0.9952857494354248,val
4509,42,0.030815286225149736,0.11528219200001631,3.9658636338788917,0.170758757218258,3.8089612171113663,1.001982569694519,test
4510,42,0.03194177626933792,0.1850115785133713,2.079102051967319,0.10345632329292477,3.267401119682789,1.0018446445465088,train
4511,42,0.029656365385261105,0.11910735731720089,3.2876160792707383,0.14220389440520664,2.5275601229094216,1.0015618801116943,train
4512,42,0.030410192386165866,0.18934787213016535,3.1009597028914495,0.1414276884416281,3.3394200945798396,0.9981740713119507,val
4513,42,0.021719851576092963,0.07191022482101286,3.701474271120479,0.12138257489790474,3.8683327234363243,1.0009863376617432,train
4514,42,0.042483922319999104,0.1269565647786986,2.2275162811849207,0.1631751294089417,3.6561653686567324,0.9993361234664917,train
4515,42,0.03070442058469828,0.06907344203455906,2.024120925062163,0.1878337571055006,2.526526871608503,1.0009812116622925,test
4516,42,0.035728094511656594,0.09525183936112516,3.5248991008827626,0.1888112597220135,3.2286911811596206,1.0019230842590332,train
4517,42,0.024023511144473424,0.07960037178738961,3.0967385625600197,0.18102191295696296,3.5196704999605215,0.9971087574958801,val
4518,42,0.035410382940229704,0.052812660879378644,2.956362218452928,0.1436163844899258,2.5533425549976734,1.0006736516952515,val
4519,42,0.045978786419489465,0.11854602904342935,3.732847761260195,0.11300661042935886,3.8840432458089715,1.0008889436721802,ood_test
4520,42,0.0451103395887638,0.07660924169803172,2.7814610064214214,0.12241152709052203,3.7714786573890398,0.9991429448127747,ood_test
4521,42,0.03580781972807898,0.1738704810338183,3.1500231799673992,0.11447865503513724,3.797189152578495,1.0006709098815918,train
4522,42,0.022743110568447484,0.06427666704955348,3.09778455438689,0.12134015712463941,2.723522348512033,1.001075267791748,test
4523,42,0.048471984422672885,0.11944335871564472,2.4176009277847603,0.14870421687574134,2.9047268585007715,1.0004416704177856,ood_test
4524,42,0.023516686863969866,0.1800359445633612,2.1393521742768726,0.17795386240228078,3.455695392530341,1.002945899963379,train
4525,42,0.04600874088434975,0.09318550307931991,3.7755629540232833,0.1805029184663082,3.1647154992395325,0.9985371828079224,ood_test
4526,42,0.03815852739453099,0.14719063043350872,3.510249040245075,0.1265642923990612,3.141289661080492,0.9970937967300415,train
4527,42,0.04366786070551235,0.19254737789265214,3.250776546462278,0.1438017551353457,3.3633165060246992,1.0003221035003662,train
4528,42,0.03750607780729708,0.11455859965784379,2.3284393155538643,0.11545123404916309,2.7808150656825927,1.0004489421844482,test
4529,42,0.02545114003514852,0.17575861972665785,2.961017748907631,0.168655222489752,3.2927033008869993,0.9994681477546692,train
4530,42,0.044236865142046375,0.07836809352737018,3.03785115022656,0.15441422149755712,3.419665916293174,1.0007314682006836,ood_test
4531,42,0.04089299521346973,0.09104043506219489,3.3030647935806936,0.12885314034931697,3.8027760329641938,0.999674916267395,val
4532,42,0.0327731613064452,0.19245531776560149,2.988651221666543,0.16161307274824743,3.0120979037507567,0.9987968802452087,val
4533,42,0.02140870722894031,0.10119722040181756,3.995074055444734,0.172896754626433,2.7333093526399255,1.001502513885498,train
4534,42,0.04661701208869062,0.16871309333363654,3.1282090357136108,0.12008340756988718,3.6575516318413266,0.998880922794342,ood_test
4535,42,0.022483047667433184,0.14704841849432473,2.4059452221792696,0.1443735664956887,3.5094610368401034,1.0019968748092651,val
4536,42,0.03597353694346231,0.17150277817770576,2.485169705937036,0.08364876853870101,3.643656063169469,1.0012388229370117,val
4537,42,0.03350476815004721,0.06007811812554253,3.9735879812973858,0.13287249851025978,3.888964895903647,0.9986502528190613,train
4538,42,0.04547672043158396,0.13475137958380248,3.9564279664496427,0.16798983330851366,2.6505761383969846,1.0004665851593018,ood_test
4539,42,0.03764943788030577,0.10111873641209321,2.199306570151402,0.1282702860917782,2.7791715348072055,1.0000863075256348,train
4540,42,0.03169224885202483,0.058978042560412114,3.283746220219519,0.1643081752731706,2.729012477220593,0.9997338056564331,train
4541,42,0.023360362189490096,0.10303509439984984,2.5447208597386295,0.119558325250814,3.8085432666461925,0.9990132451057434,train
4542,42,0.03762543852532993,0.1338143574096854,2.575496037644788,0.16310267136151652,3.960505612956474,1.002671241760254,train
4543,42,0.046936410314092174,0.09707730479881416,2.4138659311240978,0.14268563420046926,3.578157522603636,0.9997531175613403,ood_test
4544,42,0.04817308457223564,0.11038485631054439,2.5328064913598283,0.16629128285074804,2.554017973728113,1.0001951456069946,ood_test
4545,42,0.047818194967824766,0.15861247906091214,2.1306843753257905,0.12079006277826441,2.8117785947174134,0.9980561137199402,ood_test
4546,42,0.038819293863213186,0.053349796000073765,2.3773593788047562,0.12127978074137317,3.1082625831709665,0.9977263808250427,train
4547,42,0.021703634298300523,0.11871989810907967,3.282938400564919,0.08511524910554194,3.1504664495313985,1.003013014793396,val
4548,42,0.027037645061194875,0.14792906098822914,2.6851208842941525,0.1791182703063568,3.2889896767745066,1.0022351741790771,train
4549,42,0.04775262156976991,0.1608020985716911,3.8203715645729814,0.08853555853542389,2.864640259835817,0.9998966455459595,ood_test
4550,42,0.04647213752520687,0.1735565894,3.487961650651039,0.18921893322801406,3.648112129502052,0.9994314312934875,ood_test
4551,42,0.022234203960088742,0.11749069643262582,2.8479454437495075,0.1405455653401416,3.7272139660625765,0.9986358880996704,test
4552,42,0.03862647173896204,0.08024277771189864,2.361389877928933,0.1152944880412832,3.316924771908611,0.9993960857391357,val
4553,42,0.026421874717049168,0.14389379129875834,2.2037008648347376,0.15129147947547025,3.9571107897410407,0.9995442032814026,train
4554,42,0.02640131595050249,0.16723234717653385,2.5299783486965923,0.1977799108744554,3.711763408352586,1.001612901687622,train
4555,42,0.0410863165746046,0.06461606395383326,2.2620640980181,0.13207554826654794,2.660739231983701,1.002516508102417,train
4556,42,0.039877502344581345,0.07407314728966179,3.8297954288607468,0.10303940272146982,2.6414600851633416,1.0012900829315186,val
4557,42,0.04824520177852085,0.15733266259211443,2.5668831370785314,0.11380910994446111,3.4790777941552804,0.9984807968139648,ood_test
4558,42,0.039892009044191525,0.16817638484139877,2.159946076890833,0.19868061081186159,2.9099571186516515,0.9989432692527771,train
4559,42,0.04484774056870554,0.15308499242786294,3.6562574649519464,0.17880873411103695,3.865056268642075,0.9995955228805542,ood_test
4560,42,0.04882649448521216,0.1903690384307416,3.8494333007335957,0.18942225724404993,3.5174667813929696,1.0012508630752563,ood_test
4561,42,0.024326602586019305,0.10197343078665572,2.499492109410288,0.1466561119560288,3.011380445620354,0.9996342658996582,train
4562,42,0.040545428765095294,0.17674943130513582,2.2736119921557756,0.1844402589154343,3.0260091022953812,1.0004444122314453,train
4563,42,0.04404420800260527,0.18963450006056654,3.0749414163050592,0.14529230150063477,3.0972514773199804,0.9986025094985962,ood_test
4564,42,0.02952588739209691,0.05017454964155758,2.1175049716393373,0.17248024082182445,3.965846079897104,0.9993346929550171,train
4565,42,0.03784900902644073,0.19849680687896498,3.0592502077462482,0.18128097645370736,3.3715048682038855,0.999321460723877,train
4566,42,0.03859269657758904,0.18834729300722164,2.965940529379984,0.14988820053027152,3.4004238405060585,0.9967960119247437,train
4567,42,0.020634637827382892,0.1854514962621599,2.6367504897030383,0.11981204932193132,3.8439330201620767,0.9997023940086365,train
4568,42,0.022532376895511606,0.08958619764609199,2.697278253879108,0.15374355396212747,3.7703825026416133,1.0022361278533936,train
4569,42,0.03152080015944524,0.10003830551231643,3.9822794284611414,0.1834402113743685,3.554406078283918,1.0003023147583008,train
4570,42,0.04843738005506625,0.192861266920262,2.1836248505630587,0.17831162059869338,3.931943993334714,1.0008692741394043,ood_test
4571,42,0.02801617934069873,0.07535184982680393,3.4094068625835767,0.16326506905249133,3.9829567430232258,1.000058650970459,train
4572,42,0.04830610303864579,0.17631325445646617,3.410562654679916,0.15206410023788186,3.597884665137364,0.9999011754989624,ood_test
4573,42,0.049956884612189834,0.0646402845928133,3.4063103346641936,0.16167260490823487,3.4389093701642675,1.0021768808364868,ood_test
4574,42,0.03962178980709363,0.14549700568487292,3.1346050491573934,0.15913575686598674,3.3489096863836156,0.9988236427307129,val
4575,42,0.046663372601860986,0.16744907007579785,2.456640699451188,0.09467940953042432,3.2682122946885843,0.9989931583404541,ood_test
4576,42,0.025672547109839638,0.05047361443635605,3.2571548279264033,0.1004612695990494,3.0516239914176917,0.9982149600982666,train
4577,42,0.03202573633602173,0.10287127551674806,2.91711322721702,0.1375618052691268,2.9180580468330235,0.9998655915260315,train
4578,42,0.03122968868611102,0.09181727983546142,3.380020187042854,0.11302607766415984,3.8856866058057586,0.9965805411338806,val
4579,42,0.02228468851584061,0.1436464460149001,3.8402434603886926,0.13894935212180165,3.8625575439185003,0.9959155321121216,train
4580,42,0.04981523512878795,0.07784870095558108,3.0038591207335203,0.1419202729271435,3.3110528077025005,0.9983776807785034,ood_test
4581,42,0.03443004381867987,0.17824371759281865,3.1443667074540564,0.1726751102371711,2.651605005561448,0.9995824098587036,train
4582,42,0.027823040255164015,0.06938961693581948,2.108101007560707,0.09861871279468865,3.4162844005295767,1.0021826028823853,test
4583,42,0.02010602025526859,0.08376242427723286,2.3373454476835485,0.19599284876518397,3.045132249449721,1.0010013580322266,test
4584,42,0.02833331136532817,0.08332092396865952,2.3705900344630235,0.10193477833502594,3.875560833340535,1.0008673667907715,val
4585,42,0.029116196036979042,0.07229147312991271,3.425823739228257,0.19830137667749365,3.878252888766715,1.001043677330017,train
4586,42,0.02085623150817808,0.17796619235689548,3.436827883819209,0.09233958532448458,2.698035896824153,1.0006729364395142,test
4587,42,0.024606892772705724,0.13984523730643655,3.090106045242706,0.09003942269605791,3.354087139999006,1.0009689331054688,val
4588,42,0.03926326954582255,0.09595487710462222,2.1091190212069684,0.11618267263226198,2.7902368531534245,1.0009653568267822,test
4589,42,0.023222199411982218,0.09961187927986817,3.89971318056305,0.12525460482830159,3.9765022514531863,0.9990624189376831,train
4590,42,0.02772524396144373,0.07895452789043463,2.358825457671649,0.18014870242835798,3.044553694451513,1.003028154373169,train
4591,42,0.03688430208445732,0.1401020690409574,3.1590358678950157,0.08082996439007839,3.222991426813226,0.9994141459465027,train
4592,42,0.030129876165185053,0.09673973436781844,3.7854878563945435,0.08838692399184561,3.2577823606549545,1.0002350807189941,train
4593,42,0.035261048522270806,0.141142040490643,2.8743782524468893,0.16997756754093746,2.6045129622294936,0.9995685815811157,train
4594,42,0.03407607087705396,0.058272072173056653,2.3441991246115523,0.1695322344747302,2.525403921039619,0.999822735786438,train
4595,42,0.030643078650854402,0.153115895608666,2.4586662701530493,0.08353080266483462,2.5325256766426323,0.9993535876274109,train
4596,42,0.045174551478300684,0.1288759146615821,2.7564044921270403,0.10138897126706897,2.7498749218252345,0.9992834329605103,ood_test
4597,42,0.020496670608119154,0.05442173367859963,3.2750416322917677,0.08846089951259822,2.5431845974470018,0.9989962577819824,train
4598,42,0.049744282717323285,0.12194376112139392,2.796922142307448,0.1586154853240302,3.955379240426498,1.0032174587249756,ood_test
4599,42,0.029280071521420085,0.1941931307987611,3.7054193115798646,0.10952226851993989,3.2505978627650145,0.9981777667999268,train
4600,42,0.04556928628535238,0.05598081808781167,2.6455162781389125,0.12963192715456845,2.7803542048868026,0.9995081424713135,ood_test
4601,42,0.03639780197438491,0.12822638047972346,2.907615001656504,0.19038511168607958,3.0070563188355295,0.9981087446212769,val
4602,42,0.0453509940903591,0.05323012181999564,2.6041143216031832,0.16389376634048786,3.7931906442487016,0.9991588592529297,ood_test
4603,42,0.04972825887054784,0.1132727131191176,3.3945225314622687,0.17929953872335808,2.554803316765431,1.0001091957092285,ood_test
4604,42,0.03583653526606205,0.15186935355142528,3.230248414691875,0.13555012021629276,3.646978650379771,1.0001857280731201,test
4605,42,0.02785831506874383,0.1636674102797764,2.8291816077672323,0.19212577621875737,3.558815041954193,1.000380039215088,train
4606,42,0.021800507348841387,0.17278279635042598,2.914855677561814,0.15287768070352678,3.3431563884539037,0.9999171495437622,train
4607,42,0.039876291139126205,0.159006524574344,3.605768490797259,0.1561784278541265,2.888572353086877,1.001117467880249,train
4608,42,0.028851996325872174,0.06044286500041075,3.152231785639948,0.18796357405065156,3.0795004474350067,1.0020687580108643,val
4609,42,0.027458544630536694,0.05278544305123125,2.56816720813249,0.18601841741276076,3.4084913287686134,1.0008313655853271,train
4610,42,0.03611384854121499,0.07439548213883157,2.715539028649718,0.08596065152720193,2.5031027779310087,0.9997519850730896,train
4611,42,0.022184650084806547,0.14828015434775613,3.574865154262536,0.14523838395265215,3.392058206995383,0.9987561106681824,train
4612,42,0.046073959425609746,0.12315028445139076,3.4641358913031226,0.19004054419653665,2.609021219987511,1.0022339820861816,ood_test
4613,42,0.028849719316037678,0.12622227742171654,2.5670976196422455,0.1447083259873731,3.313233402547861,1.0014307498931885,val
4614,42,0.04270210857917203,0.15438844619706232,2.7782275734584787,0.15254152638892812,3.000001972137496,1.0006636381149292,train
4615,42,0.043224116284266714,0.1114126126897991,2.1969343940439368,0.1857245425327655,2.693849967766554,0.9993574023246765,test
4616,42,0.03003573445972794,0.054278684362403545,2.358637248167914,0.16031742790695785,3.4543713396795592,1.0032851696014404,train
4617,42,0.03195920126743803,0.17560404541199065,2.4617026300939107,0.13706741377096937,2.909236517751279,1.000675082206726,train
4618,42,0.04131616607065222,0.184842998905747,3.184389124972512,0.18379641630130766,2.935634081909415,1.0008063316345215,train
4619,42,0.038504830040597765,0.16342460294091038,2.744316024442805,0.17965526592918218,2.9385064486563084,1.0024192333221436,train
4620,42,0.030234574716741448,0.17563136975720284,2.937901695745298,0.15056336830970823,2.8266368623306763,0.9996045827865601,train
4621,42,0.04397239766862675,0.18225981724938267,3.6959387349784776,0.16236643579497312,2.6193282716489206,0.9990167021751404,train
4622,42,0.04094673704266259,0.12186387031555448,3.874258028247324,0.1311569772940475,3.584447287896916,0.9995081424713135,train
4623,42,0.025202754140050514,0.19315816949015968,2.1326845901618277,0.16431979015677486,2.7531499279631224,1.0015382766723633,train
4624,42,0.023663164309059893,0.06336457635074053,3.9347044823511053,0.11658226561204832,3.4044570196454074,1.0009143352508545,test
4625,42,0.02355805740536982,0.1835397816370451,2.966621425994963,0.14710840013964854,3.6239454611817874,0.9966530203819275,train
4626,42,0.023643410098929698,0.09924620892095676,2.7230275312204215,0.16320896213371278,3.494110645833665,1.0041223764419556,test
4627,42,0.04175251226738649,0.06917804469827785,2.129919182325672,0.18676615684186582,2.9521676958156893,0.9991849660873413,val
4628,42,0.03596105736099177,0.06098850287768321,2.01840953793398,0.16948638417086462,2.7839392287514215,1.000331163406372,test
4629,42,0.021179347515310837,0.15848971185065933,3.6101081963476895,0.10776145388668376,3.943137924466183,0.9999077916145325,train
4630,42,0.04205587597509203,0.06957555091567241,2.012820671152738,0.12289715460945376,3.889253549672241,1.004016637802124,test
4631,42,0.04865999701849012,0.16322674637974344,3.0899726551957407,0.09293416852185968,2.5149242117741126,0.9986291527748108,ood_test
4632,42,0.04291273520821927,0.09383609987624522,2.167090615593388,0.10104640094857327,3.3272901153274974,1.0017035007476807,val
4633,42,0.04002074185915168,0.05186233124501776,3.9901228865175282,0.18007400208641633,2.9903246104386096,0.9995827674865723,train
4634,42,0.042032258722685345,0.11445275417187245,2.8534710205685787,0.1524142178613429,3.763884143145556,0.9974524974822998,train
4635,42,0.035607930537616614,0.12540011218922942,2.0770205201028107,0.13713943628529524,3.4077578403371223,0.9983794689178467,train
4636,42,0.02121946320243563,0.16083599079385602,3.78540613293266,0.1319535668181442,2.972703084628416,1.0023317337036133,train
4637,42,0.04123243401779375,0.15490351849765757,2.3106758391365823,0.17728263227193833,2.806410796162968,0.9994046688079834,test
4638,42,0.02520520420232829,0.1136330352548034,3.076017002993477,0.1339640892403494,3.66893684275351,0.9989908337593079,train
4639,42,0.03112906392202785,0.19065433190449738,2.954148902688072,0.14065387923249953,3.309849364078356,0.9978793859481812,train
4640,42,0.025954114668588366,0.19203484377690638,3.8282144488147765,0.12246296195708362,2.740148361687969,0.9988240003585815,train
4641,42,0.03357184947787715,0.1402618401541142,2.8385512309159893,0.1960697047887547,2.6074564801735676,0.997930109500885,train
4642,42,0.033814750484651795,0.16522813854436147,3.1625082039674535,0.18629469651966882,3.6010612579756076,0.9981001615524292,test
4643,42,0.02724276283634262,0.11318476943560768,3.703643058142595,0.08649867474948868,3.4085197051620653,1.001509666442871,train
4644,42,0.049518208249540424,0.06360942034423074,3.564589209287586,0.09709591684584726,2.892106754115198,0.9997657537460327,ood_test
4645,42,0.035816387214937705,0.10912951639864374,2.9403729519577064,0.19433005673661657,2.6603131605611403,1.0033786296844482,train
4646,42,0.022066522190698396,0.12027290875302518,2.923326826735215,0.15685435728754077,2.951351318927137,0.9992398023605347,train
4647,42,0.04933013731157623,0.05123991754412635,3.128351409014135,0.1054987742800204,2.6470918383146316,0.9995933175086975,ood_test
4648,42,0.03370705756069961,0.1893179809374269,2.5017103614906273,0.14846934156681052,3.746280516999658,0.999476432800293,test
4649,42,0.022992454537275483,0.07273406159413631,3.911980600147234,0.14578113854755578,3.1508888184415587,1.0045411586761475,train
4650,42,0.036284821044431044,0.16504496668736413,2.625871004725922,0.11237253993867977,3.468116720495501,0.999504804611206,val
4651,42,0.021523825798300353,0.11146108168848615,3.546053265714563,0.18137062884358218,3.266036108002865,1.0005940198898315,train
4652,42,0.027349560220168923,0.19243254972787183,3.4719030683282224,0.13528596350323002,3.1607961598886947,0.9985879063606262,train
4653,42,0.02457518977608715,0.168991799787596,2.103732847566606,0.12416516902055302,3.009628183265712,0.9993717670440674,train
4654,42,0.04670757632080687,0.05404246001460313,2.5635720631919248,0.17610384545698238,2.553737956651105,1.0003870725631714,ood_test
4655,42,0.039408029810122445,0.05170563665164172,3.0078186460190044,0.15533348166372696,3.3563505231511175,0.9997639656066895,train
4656,42,0.030080000580088823,0.15755166799401216,3.752714267633335,0.1702002196313444,3.827898562909306,1.0026941299438477,test
4657,42,0.033321579188493405,0.1908741858715824,3.6919817446583423,0.1034644565813089,2.737304374282533,0.9988670349121094,test
4658,42,0.02998912754524625,0.12775392579530265,2.3048871137450115,0.13305627531223213,3.9865220146298777,1.0016546249389648,train
4659,42,0.04146727861629401,0.13463551468198454,3.576580788465846,0.1704515911614136,2.6182479946142325,0.9990290999412537,val
4660,42,0.043551045103002846,0.10046645276391893,3.1921389861645846,0.15594589736360057,3.1662520763774453,0.997913122177124,train
4661,42,0.04127244177522539,0.06418975770251277,2.2127347723918493,0.08651913982591976,2.8249401604221354,0.9995157122612,train
4662,42,0.0256419281879494,0.19678308377785803,3.8422355428046693,0.19435497480752723,3.2448949342315623,1.0016977787017822,train
4663,42,0.02833113613387812,0.08997799931920131,2.026543006227917,0.1878206035715672,3.867163107281729,0.9991119503974915,train
4664,42,0.02156822786153617,0.07546175198715763,2.6899248094107406,0.15846315709062406,3.9118595940497296,0.9962245225906372,train
4665,42,0.03859294677435533,0.15546242464434334,3.985314112055807,0.15756644420017796,3.5641733765327475,1.000137209892273,train
4666,42,0.021412502181828635,0.08383940493217334,2.5945575450109413,0.09767334338360192,2.977690047116702,1.0029172897338867,val
4667,42,0.04756895589748132,0.14418834002742378,3.7235039982239106,0.16228087734037566,3.8675625171850903,0.9965243339538574,ood_test
4668,42,0.02025254845290354,0.14681465693092605,3.16648426297039,0.08123004716446196,3.999774307054458,1.0004103183746338,test
4669,42,0.02099866358009722,0.1670879589135313,3.3045204481748023,0.15096728485371566,3.5643996118835135,1.001814365386963,test
4670,42,0.022707876752964932,0.09866210311888621,2.4035284333090656,0.19002645633431237,3.5841829862025216,0.998388946056366,val
4671,42,0.03675578741520665,0.18279481599822595,2.7594360799102775,0.11200901747467443,3.5649977706009155,0.9988292455673218,train
4672,42,0.026517816652952227,0.12277775530579736,2.940448707872757,0.08310023750225838,3.041095200749803,1.000254511833191,train
4673,42,0.04758789967189414,0.11060994381767404,2.203493948003697,0.19391869288991548,3.4266384277791637,1.0030957460403442,ood_test
4674,42,0.02058687878991535,0.15932501392785597,3.182823649526501,0.11379907785912882,3.8287420700160193,1.00045645236969,train
4675,42,0.03153316615420347,0.15003069472222413,2.53697806811419,0.1947072568442589,3.400467568658061,1.0002522468566895,train
4676,42,0.022534917478089125,0.09991208560702325,3.298698734666318,0.13863642832305742,2.7188879562235586,1.0002763271331787,train
4677,42,0.049688523288596936,0.1333912678181215,2.0352392755436792,0.12048527933176517,2.5344701143049826,1.0002224445343018,ood_test
4678,42,0.048264357776469424,0.11736118403785047,2.6511120552688014,0.100385018701843,3.349376872156368,0.9999984502792358,ood_test
4679,42,0.029551513185910816,0.14775371712427193,2.556003814056505,0.15167320329740203,3.8260537959592282,0.9985343217849731,train
4680,42,0.026818188214013328,0.1106621920154767,2.5792279421321775,0.17936628486071182,3.1692781888687303,0.9973008632659912,test
4681,42,0.04310261306511394,0.06446852847143221,3.6766945427242606,0.19755916938597934,3.277289003542803,1.0006518363952637,test
4682,42,0.04159840727485661,0.19380005460006638,3.0971090527928187,0.15974793978714877,2.5021794569908273,1.000394582748413,val
4683,42,0.02738168108296815,0.19945688881717383,2.7472866618675877,0.12792392111822448,2.998162781084694,1.0001541376113892,val
4684,42,0.03242149212313773,0.10780233921581384,3.7790158046143087,0.11340678960822333,3.250603189514993,1.0002954006195068,train
4685,42,0.033808755481625326,0.11606751069428059,3.9782774554253324,0.09220755997314282,2.962586855708528,1.0007944107055664,train
4686,42,0.025024701957611264,0.16785674821888222,3.291450841731673,0.14766717131555251,2.777779085297145,0.9989453554153442,val
4687,42,0.036780446598890314,0.1886349768372621,2.056977331372698,0.14284732793540755,3.1734741614504074,0.9986742734909058,train
4688,42,0.03339552350780717,0.064691809053109,2.5635620961027783,0.1931667093234144,3.225272452958969,0.999712347984314,train
4689,42,0.04384116487452989,0.1204576637064119,2.74890594258364,0.16938788286460363,3.551373532018088,0.9975531101226807,train
4690,42,0.0359256253412361,0.06618613687133607,3.191115787595985,0.09949058303426976,3.3758473572196244,0.9984491467475891,train
4691,42,0.03346904632356413,0.10359977045330013,2.0464281233474773,0.0896222455883751,2.794522885391789,0.9994657039642334,train
4692,42,0.034797306962652264,0.08804470308328087,3.9010453568943615,0.11433758497032301,2.8335935945369384,0.9997881650924683,train
4693,42,0.04308373166450446,0.07480685668671597,2.2515583698985315,0.18856553434831347,3.0170766439702508,0.9990183115005493,train
4694,42,0.04976965875895434,0.1521074062973534,3.8419956843568164,0.15984614022418947,3.1606369599837705,0.9998241066932678,ood_test
4695,42,0.04018160971074269,0.17101000381252074,2.279130607089247,0.12661950551580198,3.5980328677122637,0.9996719360351562,train
4696,42,0.03145466782813814,0.14756463817807042,2.0914567900632197,0.19267467606805683,3.8732864442354735,1.0036760568618774,val
4697,42,0.029501181866662195,0.10988677060591549,3.662649376123149,0.1996605101637572,3.4831232311883564,1.0048274993896484,train
4698,42,0.024254988128742907,0.09391839552743214,2.5850221043124115,0.08951644197686955,2.96131989354628,0.998645544052124,val
4699,42,0.040135166807129946,0.09613610740349982,3.2270400409640243,0.1705477559646208,2.9693991871204055,0.9998592138290405,test
4700,42,0.02678139261219758,0.09057597707449852,2.7889382576637454,0.08870246490689446,2.6036276731785013,1.0002880096435547,train
4701,42,0.027680957576186226,0.19558798440444897,2.04364257301995,0.16176461780879575,3.377362998385148,0.9985548853874207,val
4702,42,0.025678898158417132,0.060468337859273344,3.29824893958951,0.1805177253218186,3.2046541562126825,1.0002493858337402,train
4703,42,0.04712989555371763,0.089292777349927,2.5227576253935524,0.1689351960542583,3.505088423420742,0.9999187588691711,ood_test
4704,42,0.02311547094440744,0.18133739168883467,2.4240394426214977,0.11654770460219356,3.730284692678655,1.0001046657562256,train
4705,42,0.032472890593830794,0.06418278930423849,3.963896918792221,0.12055812424105519,3.375152404373437,1.0016365051269531,train
4706,42,0.030887885679062914,0.06052128601568264,3.839152518336847,0.19251778174798737,3.694057353342411,1.0002373456954956,train
4707,42,0.03824112659532489,0.053429381658827844,3.9183399008574797,0.09566135511876399,3.0269870483358527,1.0006189346313477,train
4708,42,0.03879117914483969,0.19331650921390692,2.2999933844877267,0.11267695723482324,2.857018831059725,1.0000288486480713,train
4709,42,0.023557222351928555,0.06040636921575106,3.0911119863831633,0.19838377308274696,3.061060170084181,0.9996563196182251,val
4710,42,0.044558265424821546,0.0832967103881854,3.840217744504301,0.15213054581391125,3.7170783005452215,1.000643014907837,ood_test
4711,42,0.029305387753836593,0.1378078784602134,2.77490924930429,0.18389369744709,2.516711176557148,1.0000113248825073,train
4712,42,0.03775537688629107,0.08470990198863723,2.4181876783556464,0.17301484448354126,3.562299711093731,1.000016689300537,train
4713,42,0.04979317066553118,0.14519219016540053,2.7887126463213354,0.11237199097723216,3.172280336640182,1.0005325078964233,ood_test
4714,42,0.031566093820182106,0.09033597480772343,3.839311835461917,0.11183754574184121,3.227266481874543,1.0007753372192383,test
4715,42,0.039058511412155966,0.09086120123717098,3.5331110593212065,0.08238489047446806,2.5149037679617425,1.0006333589553833,train
4716,42,0.0429854336934165,0.118169270284614,3.8402244792688216,0.1380833944816818,3.9847761883425528,1.0007386207580566,val
4717,42,0.02051045729317208,0.12761406960465554,3.1323192558580475,0.16909678161599634,3.841885155943059,0.9959908723831177,train
4718,42,0.041393947437128265,0.12302643300168381,3.4401420762574073,0.16896458716828647,3.7747054104363813,1.0059309005737305,train
4719,42,0.04936354779305712,0.16178738067203224,3.3229201272674587,0.12903214485513956,3.0546836329247693,0.9982037544250488,ood_test
4720,42,0.04840347727589561,0.15633339770247218,2.1311925848273163,0.14396390642342266,3.7477246008612375,0.9968713521957397,ood_test
4721,42,0.031650753757174355,0.14912666782615985,3.6441132500125244,0.1235761060731011,2.7461050150444186,0.9989805221557617,train
4722,42,0.02207749596481642,0.19611954678013516,3.9535765816637274,0.13230800181614666,2.655123487410008,0.9990609884262085,train
4723,42,0.038726647981000784,0.08602811823369141,2.4462852077727915,0.0914680765009114,2.9876860794820943,0.9989946484565735,train
4724,42,0.027132914873410987,0.10175875609938125,2.9290317840599185,0.11080248578235154,3.4681248735001526,1.001824140548706,train
4725,42,0.02545857622644812,0.12356950262047016,2.3091795235987727,0.19146974824339597,3.2798643136974883,0.9999537467956543,val
4726,42,0.04993250722987877,0.10270872936388538,3.677334594582338,0.15437950102032216,3.1976867305158345,1.00214684009552,ood_test
4727,42,0.030671165024638906,0.15364583928074554,3.5780502202313436,0.09527497543095685,2.786396689496912,1.0006312131881714,train
4728,42,0.02685301769062433,0.1693643154914939,3.058746527016125,0.1313582886070797,2.8288312916580405,1.0014398097991943,train
4729,42,0.03008265560200367,0.17272837877240454,2.7932703046283827,0.18033630105417936,3.2484079023619286,1.0003983974456787,train
4730,42,0.02647476819605197,0.17560330363455467,2.4795591371921306,0.1627082843983309,2.846628349918876,0.9998085498809814,train
4731,42,0.03011730954159201,0.11520043391012538,3.422377441804878,0.14391334422745294,2.656964754957565,0.9998576045036316,train
4732,42,0.026054869719599423,0.07440691196917132,3.974078210594144,0.10267437932768975,3.048017934373969,1.0006725788116455,val
4733,42,0.0317575589620969,0.11412672259777379,3.647920280002745,0.08238006705502418,3.744535195055168,0.9986646175384521,test
4734,42,0.0231805788449439,0.1755869279127258,2.196360881334567,0.15402696222905093,3.8595828879632887,0.9994297623634338,val
4735,42,0.03795015211873766,0.16276353635324697,3.3783191757276434,0.0968938547865445,3.3439994568212352,0.9995274543762207,train
4736,42,0.0494724565563825,0.18375850970837682,3.3517108273579126,0.10614850922593502,3.859432328167628,1.0014853477478027,ood_test
4737,42,0.02796596365592309,0.09790532874572602,3.2999210046962997,0.12764448115838983,3.626588106318137,1.0030163526535034,train
4738,42,0.023501673282746445,0.09597273178468159,3.4368783139225085,0.1881136852412909,2.675682850176044,1.0000041723251343,train
4739,42,0.025920558324613856,0.06860644785735905,2.466209802176788,0.19526066355490465,3.978789666283955,0.9999288320541382,val
4740,42,0.020470297422559475,0.18311712107277361,3.845812144881907,0.1626058052437199,3.6085295114263096,1.000830888748169,val
4741,42,0.03108061518408963,0.10515598812602941,3.0024119749956184,0.08965856159325684,3.667492334597221,0.9979496002197266,train
4742,42,0.033501456578463255,0.0661162673778717,3.0042864360754296,0.19888641181241434,3.764473053302158,0.9978790283203125,train
4743,42,0.03262598861525153,0.09188854566082262,3.948091604956014,0.1018317826416915,2.932210812194326,1.0002012252807617,train
4744,42,0.03645273595626246,0.12286665882620014,2.4844922056036993,0.17936306351193537,3.847264899686117,1.0027357339859009,train
4745,42,0.035304072139395785,0.07865069802128602,3.1047201215884264,0.12921294556722893,3.248637459287523,1.0016543865203857,train
4746,42,0.02165968330421337,0.13256669819802933,3.0457910046376457,0.1200582920948653,2.979197948297633,1.000490427017212,train
4747,42,0.04104046092127886,0.17643096847978873,3.171293668315739,0.19848332723568785,2.513110669703059,1.0002206563949585,train
4748,42,0.02602653332148911,0.14577749544942425,3.2189261012068497,0.18258794399663963,3.7021354961612145,1.0024025440216064,train
4749,42,0.045356739099510615,0.19711526946491553,2.4293641244680213,0.1126692218357666,2.7973271495872747,0.9985189437866211,ood_test
4750,42,0.02428263246771984,0.1137865306205961,2.3715254280131717,0.09397857523979243,3.0536046545174917,0.9999970197677612,test
4751,42,0.04030902881700349,0.050137161148350796,2.3222280057357283,0.1851280228437896,2.741289927326781,0.999505877494812,val
4752,42,0.022572758422585982,0.10410103664402998,3.0270472488692315,0.12281474581401805,3.81233039912329,1.0039594173431396,test
4753,42,0.0222255072755137,0.1759662061570781,2.6854127831823167,0.18450689524114178,3.8580906917970017,0.9990004301071167,train
4754,42,0.030853885740555843,0.19962622314102324,3.198081063454447,0.18212116759720076,2.9635945389691516,1.003720760345459,train
4755,42,0.020197822989090602,0.12081188136432229,3.6003562010825876,0.1876338784060516,3.826705080867642,1.002122402191162,val
4756,42,0.03399189974615175,0.12315423671050363,2.0399166794850245,0.13038027524176937,2.605790154790123,0.999756932258606,train
4757,42,0.021409050555792692,0.17889637257651692,3.311754973821409,0.17589468880516784,3.7294705952599303,1.001159429550171,test
4758,42,0.03005703332791572,0.1401657407626688,2.2633410301196015,0.10522050092609962,3.2408938090491812,0.9992345571517944,train
4759,42,0.0375820026813359,0.06922651756591373,3.2354739768599377,0.19108001717144296,3.145316683521984,0.9995530247688293,train
4760,42,0.020615679950922026,0.06240221443538169,2.9581450568766727,0.16872446181082232,2.763796722212785,1.001586675643921,train
4761,42,0.03760551087024652,0.10375891298155358,2.393539451136903,0.18381163382774607,3.7643978737045094,0.9976507425308228,train
4762,42,0.03510610200945709,0.18886140136516916,3.0960841459938626,0.1857305138839785,3.4264267105282693,1.0000572204589844,val
4763,42,0.04247386848271303,0.14091938845871493,2.423998894046707,0.15073242103618353,2.910595257468824,0.9987078309059143,train
4764,42,0.028626285611600792,0.17371298537568194,3.3551855658293266,0.16146398343109133,3.1227425099117103,1.0005817413330078,train
4765,42,0.04909374065448927,0.0692754842053485,2.8279144739801088,0.1699860042307339,3.1375415938693223,1.000820517539978,ood_test
4766,42,0.0346289567601945,0.181310102662682,3.1969240725566808,0.1660915676937495,2.81519230541321,0.997357189655304,val
4767,42,0.04467439656715075,0.16531754088539546,3.8583965647915477,0.10966718074483194,3.0752926468707744,0.9978280067443848,ood_test
4768,42,0.04646174976371939,0.1739027720681289,3.0750607305758146,0.10917077615575486,2.7217529984410396,1.0005993843078613,ood_test
4769,42,0.024698849771667974,0.07445798753974708,3.901093075693877,0.16828903025582168,2.563338849843235,1.0018887519836426,train
4770,42,0.03209260168403007,0.11780436213313011,3.9151342428195806,0.09195289799658747,3.435594172097873,0.9983493089675903,train
4771,42,0.040683256093512324,0.10606271278690345,2.498838756915712,0.1495163091404847,3.261631706906523,0.9997807145118713,val
4772,42,0.02001922605680612,0.09408841574213647,2.1345765810028157,0.1713287626777008,2.9073630277440006,1.001839518547058,test
4773,42,0.02106663521226054,0.062328986123738266,3.7056501082154343,0.12348095033531965,3.281600336108787,0.9974225759506226,train
4774,42,0.03373211584566198,0.0796441372259085,2.0071502768897527,0.18154187871793134,2.612450855600475,1.0024752616882324,train
4775,42,0.027538878116028533,0.1130172830504902,2.2200165059533767,0.15553931068320592,2.7297936724204543,0.9994120597839355,train
4776,42,0.04189264653842904,0.11278178365957377,3.322054398304525,0.0825892977400709,2.5824536425068683,0.9995364546775818,train
4777,42,0.043387298034577845,0.1753978556185264,3.5875252761154925,0.15005699225510172,3.53602492365712,0.9983166456222534,train
4778,42,0.04556148889083911,0.10887623378547893,2.1761661463561506,0.1796729941457394,3.588098887637464,1.0005638599395752,ood_test
4779,42,0.04333860647407609,0.07195005363469516,3.6800622481057763,0.1669751698122236,3.6190723245368863,0.9985535144805908,test
4780,42,0.030406678620379834,0.1273073271591758,3.9090127186261885,0.09548281775681064,2.7467524908386434,0.9994634389877319,train
4781,42,0.03812713193620578,0.10874645200374967,3.048817042569598,0.09659314186921744,3.0510429115174444,1.000474452972412,train
4782,42,0.020499858901228407,0.1070661196525434,2.327543503592855,0.18774514272756093,3.0841210327425186,0.9994842410087585,val
4783,42,0.02391552307203266,0.14085904954512318,3.947269578275018,0.18581762968650464,3.2402210800298703,1.0013012886047363,train
4784,42,0.023795530192999938,0.07923128409822477,3.1571609245866394,0.14124422380033252,2.544967345941588,1.0013726949691772,train
4785,42,0.033344837473832864,0.16688444882601225,3.8959904382637323,0.10675322081547695,3.499579564648328,1.0012856721878052,train
4786,42,0.022322011974863495,0.17483293763078805,3.3348121297077222,0.1075578792822825,2.969482605135823,0.9987645149230957,test
4787,42,0.04434955814372231,0.1077984489606666,3.9501736425313805,0.1406263746922485,3.135304027443736,1.0019166469573975,ood_test
4788,42,0.04578112201150698,0.12304663339322415,2.529776530037771,0.18436180266807417,2.965520709164214,0.9984894394874573,ood_test
4789,42,0.026078634798226613,0.1698311213218049,2.534063017778574,0.194071988723872,3.382092908382406,0.9965150952339172,test
4790,42,0.028638276999008127,0.14394751105894876,2.522937214348574,0.08457546193113986,2.6507077872129816,1.0007668733596802,test
4791,42,0.02261178989613087,0.05468766901240857,2.221091727626158,0.08117288595532156,3.2280595472245386,1.0003681182861328,train
4792,42,0.04741185307226204,0.16015533709980762,3.50257056674278,0.11988708957295684,3.0904332168555366,0.9984703660011292,ood_test
4793,42,0.03863725118076055,0.12487845935322135,3.6746892833282674,0.11143634709977845,2.613253989687709,0.9989910125732422,train
4794,42,0.026376670269384752,0.12858377655352526,3.7689799790927783,0.16570789251114484,3.87187952920479,0.9997802972793579,train
4795,42,0.03669263329175353,0.19261855190834154,2.2895783668447587,0.1962900323097564,3.457223869816411,0.9994268417358398,train
4796,42,0.04375709886886485,0.1697980877620956,2.284974879142723,0.19985973188168776,2.802376925099683,1.0003128051757812,train
4797,42,0.025510514422355114,0.178538418194076,3.397304912927808,0.08121884323316704,2.5173508275190217,1.0003210306167603,val
4798,42,0.04784590211693231,0.1472887859565114,3.00043361872748,0.18807787088251324,3.4835793580823387,1.0006481409072876,ood_test
4799,42,0.027863596494389676,0.10955982064389215,3.49935719342423,0.09962107110873636,3.8612466807455252,0.9987598061561584,train
4800,42,0.03742187771456152,0.12042329595938785,2.3079788165710386,0.09537612006935695,2.7016994873007145,0.9987883567810059,train
4801,42,0.024724489468739192,0.1514507856002325,3.7280383034158113,0.12452431324598572,3.714123849800555,0.999852180480957,train
4802,42,0.03211034310284763,0.10082781571252072,3.541904952433104,0.08969882884702923,3.302908553843915,0.9984961152076721,train
4803,42,0.021812173351731405,0.1348862999242565,2.899454306463239,0.10347633761147873,2.550182093784507,0.9991078972816467,test
4804,42,0.027977646497691144,0.13055708576717806,2.351332378584526,0.14781339126404688,2.9700073009223247,0.9986107349395752,train
4805,42,0.03999117238997543,0.16019443424812002,3.9838627567189597,0.15752633976737868,2.9621935439356584,0.9966505169868469,test
4806,42,0.032141240470905864,0.144666707854827,2.3773660490043547,0.15486578475181437,3.356869996126633,1.0008070468902588,train
4807,42,0.037426617096069814,0.05346559666513157,2.1213843503331757,0.16830336469347343,3.497708155940327,1.002422571182251,train
4808,42,0.043127119610126094,0.17408534827193206,3.569317456642129,0.15515432479661662,3.911545526066389,0.9981611371040344,train
4809,42,0.04467215329688895,0.1752234683357926,3.8684429793343145,0.10845312491245102,3.104698842110741,1.0011953115463257,ood_test
4810,42,0.04126708418350284,0.16383984875963442,2.3533164863220373,0.11065521853565359,3.0843167887698373,1.0014728307724,train
4811,42,0.033445266019611036,0.14553366661866513,2.121536399122773,0.16736000146666374,2.722504649686222,1.0025044679641724,train
4812,42,0.027572162605281007,0.1096624748176458,2.4639501009222475,0.08843888742591036,3.3012365008849276,0.9980146884918213,test
4813,42,0.042796693485497736,0.1606436918238225,2.439496474936921,0.15766210716476978,2.68620358543957,0.9988356828689575,train
4814,42,0.030243920198998662,0.17033499370866412,2.237911856066974,0.08686070244430627,2.587611870088147,0.9984980225563049,train
4815,42,0.04384493267319836,0.14315206532119742,2.7160145330074537,0.1506121598023285,3.8821990212690975,0.9991357326507568,val
4816,42,0.030556193988502844,0.06951798664728484,2.5950850136897827,0.1929327270542246,3.1017675230361577,1.002133846282959,train
4817,42,0.032544042497816825,0.14055393111624898,3.8802377856606607,0.14555469536518237,3.3741498437973094,1.0004695653915405,train
4818,42,0.02305444944490256,0.10218131038747674,3.452940898281051,0.19248078792939163,3.3565598688697045,1.0025348663330078,test
4819,42,0.03443759355674546,0.1893964403226865,2.104744633845844,0.15959355982311813,3.6562357446353575,0.9992079138755798,train
4820,42,0.04884897342046357,0.12127398789509218,3.6677820977028315,0.16615326758768836,2.6712201298292353,0.9992233514785767,ood_test
4821,42,0.03243651903460904,0.0991463506788271,2.333962470661852,0.13433087592865522,3.4660105545547104,0.9985052943229675,train
4822,42,0.048780392752943685,0.19086059509319175,3.3504770333057916,0.17455950248109325,3.313855015209957,1.0031027793884277,ood_test
4823,42,0.02177201066145135,0.19012558226538734,2.307554338939074,0.19822925974578154,2.8201111558831826,1.0017956495285034,train
4824,42,0.04172372551088948,0.16350104406118682,3.0519246863974736,0.10636910853717166,3.115547847848862,1.0023667812347412,val
4825,42,0.03687467703472128,0.18492441557487505,3.3614766928226736,0.1356377634940834,3.3021520693465742,0.998275876045227,train
4826,42,0.046516318768898224,0.05731480227390179,3.968862817902369,0.13516555049955978,3.725914892041666,0.9972946643829346,ood_test
4827,42,0.045469255969796216,0.1511814838008962,2.7627269828270786,0.16858949338598656,2.9390044877730634,1.0031535625457764,ood_test
4828,42,0.03791500063112011,0.05157488315596073,3.0875074614408913,0.12199714374735644,2.818715866130995,1.0001819133758545,val
4829,42,0.04468338120882217,0.06776930860445607,3.4873289065021797,0.09175519738561444,3.1783890975566336,0.9982739686965942,ood_test
4830,42,0.04141364899226998,0.15433510453680088,2.0707821152763928,0.16061785298789139,3.6265180945359425,0.9983470439910889,train
4831,42,0.038777842266601456,0.10148463475578443,3.737319744251612,0.08148334098156552,2.6511824323802085,1.0003329515457153,train
4832,42,0.03189500990340823,0.09386914268865734,2.208470149027968,0.18603550515043407,3.5572810494521194,0.9991500377655029,train
4833,42,0.049507194666828354,0.14795109118600758,2.268529678330204,0.16084468869489033,3.0442366165523342,0.9983234405517578,ood_test
4834,42,0.036898758889934866,0.11975891191780573,3.5444784139659102,0.18736454639425779,2.779191261711867,1.0004982948303223,train
4835,42,0.023275097283336783,0.08263614887689569,2.679491557645819,0.18475362850455743,2.8914658502870836,1.000274896621704,val
4836,42,0.022921099058964646,0.0816273991766521,3.6833950264624002,0.10431559430636081,3.4516165308795683,0.9995584487915039,train
4837,42,0.028233554934876597,0.19737164197758794,2.123518093461569,0.09779325356674491,2.625804455891717,0.9995588660240173,train
4838,42,0.024239482826316338,0.09035987330239076,2.516752225529226,0.1799640694735361,2.597638370529493,0.9998993277549744,train
4839,42,0.0478785690261611,0.06272996298424921,3.8352017077106026,0.09263702157310964,3.5006171040481755,1.0005903244018555,ood_test
4840,42,0.02953347488180858,0.1234031628752869,2.5986739079553076,0.1501872747622935,2.5026582982854575,0.9998739957809448,train
4841,42,0.028239121376877743,0.17342760456520678,2.4436248814099755,0.15757221455234413,3.9137495263086155,1.000012755393982,train
4842,42,0.037507515371663094,0.18302895806004815,2.1605212292853047,0.14849429665543817,3.833287000409662,0.9988769292831421,train
4843,42,0.022370057374684418,0.08261684805696501,3.851074126184919,0.10652974840261085,2.6341528666851164,1.0002939701080322,val
4844,42,0.03632276265319952,0.05277508628501711,2.1127634020781825,0.09401634998337857,3.9729181906468645,0.9971028566360474,train
4845,42,0.02550817335630683,0.07264907651001659,2.3569912006686806,0.19719747940946952,3.759372636304488,1.0006229877471924,val
4846,42,0.033786297930209014,0.09695150174668243,2.1545306047503976,0.15759925793284268,3.1771386074370156,1.0001556873321533,train
4847,42,0.028905598111486647,0.12671800241402392,3.249081848196859,0.14685586300620684,3.7806089396512865,0.9993194937705994,train
4848,42,0.021999561931418287,0.11522700500650049,3.6837643852619015,0.1694075639135817,3.6641721716087874,1.0002081394195557,train
4849,42,0.03314263614948264,0.12464388151914016,2.7526916146251788,0.17393738814354445,3.536801468747129,0.9991100430488586,train
4850,42,0.0479571426346108,0.06760771890102556,3.568499160016649,0.13161642067652823,3.6797949832499244,0.9991772174835205,ood_test
4851,42,0.047034821985208364,0.07238087370921426,3.4914515937009076,0.1538197657659786,3.368710320075585,1.0029821395874023,ood_test
4852,42,0.031581678943608735,0.11426701596184304,3.51947337325523,0.15985157751974188,2.5665420304201545,0.9999344944953918,test
4853,42,0.03869975468753772,0.11420875459391525,2.476462193915193,0.10815634624408454,3.4110455586625648,0.9992412328720093,test
4854,42,0.034469743035462644,0.09234355978722414,3.474058662476769,0.1726082226732421,2.550628685749857,1.000396728515625,train
4855,42,0.034843593038684235,0.1418473492703668,3.1975420252191507,0.091705127051425,2.6381700302918794,1.0006508827209473,train
4856,42,0.020856879268796622,0.17662720873700855,3.069511438977524,0.1488248984143602,3.9690150738595706,0.9972423315048218,train
4857,42,0.029165066202710657,0.05670147326914443,2.7089564953178193,0.1671516980508968,3.0974366458781386,1.000169277191162,val
4858,42,0.0343761001513117,0.07809500643198403,3.789591936893852,0.14751201127673466,3.099816147773061,1.000260591506958,train
4859,42,0.023734541449052904,0.12403578948245095,3.607291335833599,0.16391623909104902,3.6053532088334377,0.9991786479949951,train
4860,42,0.021023722878384447,0.17609636644492477,2.5575357511427774,0.15364183996329023,3.531728227572039,0.998834490776062,train
4861,42,0.037997650568472555,0.15663030701472566,2.9519629766935713,0.14741691443759983,3.8266185443215264,0.9963375926017761,train
4862,42,0.031351714611817544,0.0850953788782384,2.6741724924171058,0.12764965226567707,2.8695999958483434,1.0014580488204956,val
4863,42,0.039585755356762245,0.1580805233974999,2.1035368010901845,0.16048474875222535,3.893925950243867,1.000260829925537,train
4864,42,0.037003167712447875,0.10497312822116624,2.0873501530881424,0.15802972388515737,2.6080906633735847,0.9992833137512207,test
4865,42,0.030286021802692808,0.17391899668951677,3.210802004870083,0.13460324179102395,2.5330981382198785,1.0005278587341309,train
4866,42,0.02245071205503782,0.19660439455553086,3.5075630027818847,0.09121685233622318,3.4997939691586994,1.000648856163025,train
4867,42,0.028448719518331386,0.13301452199134894,3.5084680167501965,0.0861691696844123,3.003494853208969,1.0007688999176025,train
4868,42,0.025837032248296622,0.12651240199941527,2.2791339139432245,0.18625762075529156,2.561403427324815,1.0003209114074707,train
4869,42,0.04381042505911212,0.0700615962733647,2.015476210385514,0.13787874456692517,3.936517148157291,1.0007591247558594,train
4870,42,0.024417168263641566,0.18799016932625517,2.563413351091085,0.1270002321663557,3.4817029225274956,0.9981874227523804,train
4871,42,0.048434438748224645,0.15558092290086956,3.004800134551071,0.1871019280203104,2.7930508852290354,1.0017372369766235,ood_test
4872,42,0.035809043382137216,0.07038573376445044,2.267645055002652,0.0985342706498997,3.598254261186172,1.0000369548797607,val
4873,42,0.042198008726632104,0.1537252978390719,3.4617401025633883,0.15678622903577877,3.4035256028364334,0.9992609024047852,train
4874,42,0.029589274950274382,0.08745526604613904,3.3884741256755193,0.19857526121705485,3.8566843041824947,0.9990871548652649,train
4875,42,0.025514147400214734,0.11741914269220717,3.735088162649836,0.13170982325622502,3.1143678145650475,0.999823808670044,train
4876,42,0.026141947977720632,0.17902606795526843,3.1717163331550684,0.10922231058186214,2.9249857929163534,0.9995273351669312,val
4877,42,0.03526674730968032,0.19381972181437773,3.3768330105230273,0.09336194187404927,2.610762506050205,0.9997088313102722,train
4878,42,0.04247937538130486,0.07456974491580273,2.7014291510811796,0.09434024394097475,3.4517762238741794,1.0008738040924072,train
4879,42,0.041838950664926856,0.05059392351742742,3.298621807665784,0.1980388857750543,2.65995613587747,0.999006986618042,train
4880,42,0.027421360324411958,0.1503967779515531,3.4184513647296715,0.1877313644027972,3.929574738288932,0.998000979423523,train
4881,42,0.022578155701854393,0.10704027053105176,2.871390745114282,0.19660265036313468,2.514863504108031,0.9996669292449951,train
4882,42,0.025604555250366614,0.0652168494636943,3.3607659946645434,0.16811103062767394,3.0438003700983822,1.0011639595031738,train
4883,42,0.031266784199581024,0.056133568436963814,3.2006551620063393,0.12890778731247268,3.367628319265956,1.000131368637085,train
4884,42,0.027392943333888427,0.11787358793780056,3.6263104195174476,0.19903623477625143,3.2363391580122043,0.9990280866622925,train
4885,42,0.033818207864963624,0.13947745857468857,3.2562376673663938,0.18630524856305514,3.7075116837315663,1.000473976135254,test
4886,42,0.032870326451336765,0.17878298755354816,2.87232568955384,0.08109161112866847,3.0592980609415714,0.9991427659988403,train
4887,42,0.02097087390427977,0.0794326230861368,2.440157841172654,0.13119319438099947,3.158763855782526,0.9983653426170349,train
4888,42,0.027785596380109537,0.15210630533350863,2.616611429016657,0.08868864744705837,2.9004551332677067,1.0004057884216309,train
4889,42,0.0349499712390547,0.0833047928212712,3.5340943173207426,0.18375989146674807,3.4950459931794966,0.9999807476997375,test
4890,42,0.04769557049546917,0.0932289231162265,2.265046410218871,0.1818689367965193,3.2102211151232667,1.0021660327911377,ood_test
4891,42,0.0327672367495644,0.10329595237281936,3.58240919440658,0.08490425065234782,2.9821423349052067,1.000158667564392,train
4892,42,0.04834076846444887,0.19474440299311968,2.605829298520163,0.1947262061550607,3.9200954683621747,1.0031455755233765,ood_test
4893,42,0.04664943958674539,0.17608601843776134,2.7183087765031906,0.14960427691763456,3.68347627807451,1.0005242824554443,ood_test
4894,42,0.028820103290724784,0.08942135784387273,2.9619633701312833,0.11184208074587393,2.954657341635535,0.9990312457084656,train
4895,42,0.03343171213504326,0.08748596245276723,2.39596039614341,0.16605194674964655,2.9617758628359696,0.9999241232872009,test
4896,42,0.033550665974046906,0.17482823646912865,3.4028637506851034,0.12293121713005124,2.535599787992216,1.0017118453979492,train
4897,42,0.035581388297467945,0.09506836629920876,2.4138639523102334,0.11493967206748572,3.453319381174935,0.9999778270721436,train
4898,42,0.0490445520212326,0.15967464230952239,2.165857279034778,0.18664166591274473,2.6125381119071776,0.9997923970222473,ood_test
4899,42,0.04874590856312668,0.05280620105672009,2.1931484482497723,0.12781987033059644,3.662568613044707,1.0020501613616943,ood_test
4900,42,0.03300334009745692,0.17646981988320826,3.3479944325054407,0.10057928256557601,2.7396639066936563,0.9991198182106018,train
4901,42,0.03110799461141977,0.13610409383091887,3.329053631162505,0.15413491027420823,3.7875823970840625,0.9978529810905457,val
4902,42,0.02100002076931791,0.05187481040291555,3.4267460014495006,0.1614791915601259,3.0567055766057303,0.9972468018531799,train
4903,42,0.03877014722492386,0.11669498015915483,3.749487920621828,0.12428265541212062,2.6433689434791834,1.0002365112304688,train
4904,42,0.04971004322861802,0.14141746292861768,2.1111968154387144,0.09782300302003244,2.891494493979201,1.0012855529785156,ood_test
4905,42,0.03811100955738177,0.10940462054026533,2.2239017802275964,0.13728509797332564,2.7350440403890537,0.999805212020874,train
4906,42,0.04767316890518815,0.1208565800354164,2.5086394621954753,0.15412558369415463,3.299603151373323,0.998110294342041,ood_test
4907,42,0.02128718012195596,0.17896536168113558,3.658947966925867,0.1812150695826938,3.7330303867269654,1.0024621486663818,train
4908,42,0.030654358215186767,0.06611008767829123,2.671416395388616,0.08776203938062575,3.254431002870347,1.001471757888794,val
4909,42,0.039252265548075954,0.052869284462777694,3.520394863436855,0.18461045029177436,2.6132497666082393,1.000773310661316,train
4910,42,0.04593484883364131,0.08647535369361767,3.083707262376986,0.0825819032193312,3.3358104257435404,0.9995242953300476,ood_test
4911,42,0.027351547401091827,0.06647565037858713,3.7185351513354035,0.1292140749629898,3.838937403046441,0.9983677864074707,train
4912,42,0.03395539766337094,0.13173962061029437,3.573830245885402,0.19200987469468933,3.1014381615904156,0.9991211295127869,train
4913,42,0.04131011708123832,0.11004050149630121,3.9648947032750623,0.09597296190541044,2.663773062413232,0.9997051358222961,test
4914,42,0.028456018177957447,0.12202972518810949,3.254648237442943,0.19889198116766932,3.5216914078429378,1.0005238056182861,val
4915,42,0.036939401951743535,0.10674495164517384,2.5117882735038055,0.187516670990397,2.6769335612481484,0.9992372989654541,train
4916,42,0.022473825499485667,0.17950817507627936,3.3891162600124796,0.19986828095758905,3.2638074271365873,1.0000596046447754,train
4917,42,0.04435768951609079,0.05624916703975655,3.996138753894345,0.08514128088997513,3.7706569232451272,0.9989935159683228,ood_test
4918,42,0.024864231720454436,0.15051928447513696,2.4652835436543605,0.13557820018781067,3.103426191157841,0.9994702339172363,train
4919,42,0.03291411974084109,0.057719525127505944,3.3714963194090943,0.1546983770558864,3.5036916450470925,0.9982342720031738,train
4920,42,0.036837098668699164,0.07838411991440518,3.167111823298884,0.15265568926938652,3.755084834601475,0.9982534646987915,train
4921,42,0.039039272254520724,0.16439300938052437,3.88680834024775,0.11751076904139396,3.664244235705797,0.9980822801589966,train
4922,42,0.034072747035236925,0.16524220531302491,3.9253743766513236,0.19948064998904258,2.946296179634623,0.9978675842285156,train
4923,42,0.04224440232029804,0.19157842275413606,2.133644793069137,0.11499523783489674,3.866882353842689,0.9977512359619141,test
4924,42,0.03033514261591559,0.16454441428166894,2.640663341050609,0.1558934839378411,3.8331553523308877,1.0028561353683472,train
4925,42,0.04634535139653967,0.06936028367381926,2.309749748757902,0.11851751286842638,3.780147855802796,0.9982972741127014,ood_test
4926,42,0.040896610214866194,0.06977691493024717,3.8779920460487896,0.11218068748591908,2.6597660271879193,0.998127281665802,train
4927,42,0.025707704291185983,0.12430272267344407,3.023846956620247,0.12254100658617281,3.776322526564857,1.002282738685608,train
4928,42,0.04893142187001432,0.10474840462922785,3.405357053575771,0.17861087518687957,3.870133376534592,0.9996044635772705,ood_test
4929,42,0.0394387718169198,0.18429587083399596,3.0275477637619144,0.14036436884727696,2.8797622788248547,0.9987171292304993,test
4930,42,0.02778816359640313,0.14471904853172185,3.785928751028079,0.11196457095138027,3.632724081022814,0.9995098114013672,train
4931,42,0.02566985297346122,0.18671884452956272,3.611331389747801,0.17982034869529648,3.279563608395998,1.0009361505508423,test
4932,42,0.038001610702407235,0.07865537461600618,3.537208405373323,0.19989851514401577,3.850884107883905,1.0011439323425293,val
4933,42,0.021166981521961867,0.08751991004789342,2.4327268157820434,0.15263300574873176,3.2606630956336042,1.0013175010681152,val
4934,42,0.04737881011178891,0.08491265515080208,2.5184907236585468,0.19621972854900643,3.946318744232965,1.0045745372772217,ood_test
4935,42,0.03710828631602531,0.08932738336250393,3.9808483434251833,0.1778297934525231,3.3769425401943143,1.0016720294952393,train
4936,42,0.04379567199583616,0.050983428133885705,2.1875390894802016,0.11861669599718519,3.523291413054251,0.9989516139030457,train
4937,42,0.04025919985666586,0.11204943137072994,3.1253709192507273,0.11388133395983963,3.4986960866234904,0.9997439384460449,train
4938,42,0.030995997460669784,0.1941288352598739,3.4898375454182124,0.14129180120335463,2.8507481068226252,0.9970806837081909,train
4939,42,0.04062543975805563,0.19657664305210265,2.179758061569972,0.18871035705731354,3.831988823780468,0.9972176551818848,val
4940,42,0.04667339592938445,0.08275145893944919,2.924845988013543,0.13646620100338797,3.181853004791101,0.9985514879226685,ood_test
4941,42,0.04600774853625246,0.12099843738147777,3.5678811649997133,0.12775547559821682,2.6886741737424256,1.0021214485168457,ood_test
4942,42,0.047514875483629634,0.18681080774865455,3.293104359453486,0.180919389902574,3.0989358339304456,0.9994350075721741,ood_test
4943,42,0.024775102884981953,0.1884347216879979,2.156343032155503,0.11605846956199942,3.5217628314999994,0.9990127086639404,train
4944,42,0.04083726758623593,0.19787054345630117,2.3329804487274766,0.18630758723346894,2.5933364358122732,1.0010687112808228,train
4945,42,0.0256073556246253,0.15878089182643362,2.1705772398656134,0.08983065718063947,2.977818923714438,1.0014430284500122,train
4946,42,0.03399336900803947,0.11369507451899347,2.8701328758023505,0.14543491540590398,2.5103166773911365,1.0000547170639038,test
4947,42,0.03652967216145052,0.11371810023106352,2.247542835511805,0.1339509016874622,3.9231624210879126,0.9965708255767822,train
4948,42,0.03769718399731585,0.19164119164590432,2.1943084328102715,0.10918454257202981,3.0725186599320513,0.999782145023346,test
4949,42,0.02667485623460173,0.0929336772092637,2.6219142099848574,0.11995368609161332,3.82531640889706,1.0036277770996094,train
4950,42,0.043879310980403624,0.16330402416048906,2.008892718277128,0.11244047429502455,3.6680230480500784,0.9985440373420715,train
4951,42,0.04789840469833749,0.12527369373543612,3.8250636205449595,0.193047222015377,2.9232216612085273,1.003962755203247,ood_test
4952,42,0.04433299011171818,0.072593208160446,2.590237196463077,0.1303366517784897,3.998506030582376,1.0029823780059814,ood_test
4953,42,0.03574520712407339,0.19862170301147314,3.057086694287452,0.13370971292615652,3.6326891865967426,1.002129077911377,train
4954,42,0.0374562649692029,0.14909596844312487,3.8723477046050565,0.13372007197271407,3.841289066982781,0.9974772334098816,test
4955,42,0.029244681489754905,0.08367700988056481,2.2576941384347506,0.1440048097110968,2.5700890983019904,0.999906599521637,train
4956,42,0.023223952192446315,0.062004642594659994,2.0793048714360207,0.1393769825456139,3.410270175205717,0.9935181736946106,test
4957,42,0.026678669581933375,0.13215265833295292,2.213265079413738,0.1865856391265659,2.823198350284014,1.0020869970321655,train
4958,42,0.04985130949256027,0.09322226792908662,3.781070874357554,0.1729703171936458,3.4520403055903905,1.0013755559921265,ood_test
4959,42,0.03422159388132716,0.19112634364028075,2.7665468498193038,0.18652516861735122,3.688603744014481,0.993821382522583,train
4960,42,0.044909189518039586,0.10945764459352536,2.880063153428975,0.12021143327962952,3.9202855324661194,0.9970039129257202,ood_test
4961,42,0.031941498212951835,0.11799607882370722,2.802397922239281,0.10461653901412743,3.9015476343909006,0.9968103170394897,train
4962,42,0.04049769406179772,0.08862278415771588,3.7326070607337445,0.15968360664222925,3.1798099929393393,1.0003294944763184,train
4963,42,0.04527732061658574,0.055161432936654514,3.9943270841972405,0.1665976184048197,2.8619194835626756,1.000551700592041,ood_test
4964,42,0.02930328469133182,0.19895502523378245,3.8498104455423547,0.1840146254432041,2.6628423923104565,1.000280499458313,train
4965,42,0.02750325892639361,0.159105422593253,3.9893276263790236,0.13382344943703173,2.836215321905054,0.9986493587493896,test
4966,42,0.03578953550049073,0.1401410705163672,2.800664035215764,0.1485853003354246,2.744681002742573,0.9998164176940918,test
4967,42,0.04958421637151694,0.13870194387235366,2.4871757865199924,0.1487364655887126,3.3447552106632052,1.0002093315124512,ood_test
4968,42,0.04644287030110765,0.07544837305832595,2.1068339606879185,0.12137593775416786,3.650089285137154,0.9976518154144287,ood_test
4969,42,0.0433538278306303,0.16254687979206658,3.2292715239482863,0.12833538655798837,3.335247261722081,0.999051570892334,test
4970,42,0.030527099031373073,0.08581949402114741,2.473744987440931,0.0940280761250664,3.764510132082824,0.9987189173698425,val
4971,42,0.02829453314235569,0.15039703709109126,2.4072742467397066,0.09132735863321913,2.525823682048741,0.9985616207122803,train
4972,42,0.043595856763281496,0.14589965850802064,3.434766191369126,0.08888528578027567,2.8228015992784306,0.9998997449874878,val
4973,42,0.030446988952165042,0.1541570462159036,2.373634750819158,0.12859727216071382,2.5476738219743846,1.000044822692871,val
4974,42,0.026382557585678618,0.11634498608169924,3.4815544472809217,0.14213635582564568,3.3552556666218747,0.9986053109169006,test
4975,42,0.027437855809273094,0.15617755660594565,2.7070354150432934,0.08855558712246892,2.9521370861234097,1.000062108039856,train
4976,42,0.025120071245270707,0.12816354290237542,3.0440025231404615,0.14288736136354105,3.9969653612878946,1.0007283687591553,test
4977,42,0.0383184294409724,0.13614584389903367,3.3213594251691454,0.09911304128498646,3.0552510454629043,1.0000438690185547,train
4978,42,0.03436470209624844,0.12638934129028276,2.1052130921148917,0.08149825030456266,2.527229834057661,0.9993443489074707,train
4979,42,0.022649194580350317,0.1004544450423478,3.589914242594948,0.16922528087780472,2.997598826095957,0.9992027878761292,val
4980,42,0.03451028890073212,0.0963442499948168,2.396466363200976,0.1549443119555423,3.440629648299118,0.9977859854698181,val
4981,42,0.047315125147674574,0.14667654485851028,2.7576093088497027,0.0947616865602703,3.7134321806774704,1.0016123056411743,ood_test
4982,42,0.02966934266858566,0.05425872634560949,3.131310885000065,0.09797586623985452,3.1932077339202416,0.9990109205245972,train
4983,42,0.03288041769128512,0.16326316379772124,2.820590785168127,0.13786686361261252,3.242943881253294,0.9993299245834351,train
4984,42,0.04251794383222092,0.0768317344622772,3.9146673386322894,0.10141702084518323,3.1477538921344284,0.9997130632400513,test
4985,42,0.039808632214028666,0.17126967152899264,2.812684483190405,0.1178584995607593,2.5036904365872945,0.9990777373313904,train
4986,42,0.046300421681413004,0.16505654600923667,2.6999822822546964,0.19252508332105606,3.3922497896123183,1.0007266998291016,ood_test
4987,42,0.027381949818978957,0.1721785034901105,3.416780032838985,0.13534910855112564,3.081242388518815,0.999474287033081,train
4988,42,0.02686412234433124,0.09199571071985693,3.1669039828432517,0.1907402286417142,3.50745756614525,0.9996867179870605,train
4989,42,0.03022808968092689,0.0713285725716697,2.83565314817709,0.10288397916605208,3.9273408648228947,0.998893141746521,train
4990,42,0.029871883698695145,0.12028162165284427,3.4648907269583615,0.09854758652087346,3.3494133204295835,0.9994117021560669,val
4991,42,0.04049386364213578,0.16637430772983547,3.8677561861115675,0.18019567722949478,2.7707244155861197,1.0000112056732178,train
4992,42,0.034293776159098656,0.07760377593675606,3.221860339750584,0.19155720045145638,2.8689286594600856,1.0001778602600098,train
4993,42,0.0451885812822769,0.15552009290291863,2.8098587792792875,0.14572211102397836,2.562977742210835,0.9991423487663269,ood_test
4994,42,0.04293999670621078,0.147527595294628,2.669186282517418,0.16191318272524577,3.002501401813964,0.998847484588623,test
4995,42,0.024238147105392134,0.09215266009360384,2.0724846510088684,0.19360054483984968,3.502148246468964,1.0010102987289429,train
4996,42,0.040815910764389715,0.057317847921537324,3.7876987240842075,0.08456378651788475,3.1898697757149876,1.0008336305618286,val
4997,42,0.04877595899969186,0.1392114669228262,2.5033923323589193,0.08558944283009114,2.6821563547449827,1.0005561113357544,ood_test
4998,42,0.02334811215588559,0.18655800404993395,2.7343149707547316,0.1579341040673146,3.756011805148889,1.0001094341278076,train
4999,42,0.04013224478823006,0.19589636789392884,3.634648960845216,0.19049428585274208,3.201688380157349,1.0005834102630615,train
5000,42,0.04182738276849704,0.12518642357754156,3.9797580503801813,0.15912756352667168,2.7885430863478575,0.9990620613098145,train
5001,42,0.021539554103336696,0.14294250974168962,3.624077036362527,0.1900289645278299,2.963755670973578,1.0007318258285522,test
5002,42,0.043278118126743634,0.05682306757269193,2.2388404554418413,0.18426627615531188,2.9153740720371624,0.9981637001037598,test
5003,42,0.021611515413458855,0.1757935985317925,3.465953680929455,0.1070889876205451,3.2578757219202106,1.0006287097930908,test
5004,42,0.020231467161487444,0.17396161035040167,2.89004077136363,0.14628613341598554,2.929316986788495,1.0000611543655396,train
5005,42,0.043627879094622346,0.19028433120032867,2.682853566399429,0.12915998301792617,3.387742785941252,0.9997010827064514,train
5006,42,0.030654102612192778,0.06820747261432522,3.55625915947883,0.15908092170951893,2.8048357541629487,0.9976731538772583,train
5007,42,0.047748616892105425,0.10864948622699491,3.257874504465824,0.12855593499219178,3.7597385857373533,0.9983553886413574,ood_test
5008,42,0.028959388996334802,0.09509655924539248,2.791374423150103,0.18688535106564463,3.3606021963356083,1.0033812522888184,train
5009,42,0.024470151068255244,0.05816328153287522,3.014670585487197,0.10003330957674814,3.8616257987067346,1.000786304473877,test
5010,42,0.0283421127738597,0.10045266453433332,3.2544773166895347,0.11868344020858285,3.154625895417982,0.9988667964935303,val
5011,42,0.02923626390442797,0.0867745542754084,2.16371378202442,0.17149757797540044,3.5690821732298543,1.0028066635131836,val
5012,42,0.03864891724548073,0.1763466981770055,3.6532585341254307,0.13644141488287226,3.351381687153264,1.00226628780365,train
5013,42,0.03757644297144366,0.16761756938832517,3.6577245137312255,0.10713024531401652,3.473823831057049,1.0038601160049438,train
5014,42,0.0281382705631619,0.0820520268209765,3.5874887800836466,0.19426828540960073,3.5818851565814374,0.999161422252655,train
5015,42,0.04171674786227479,0.17632724996914662,2.24043248980016,0.12791075746939792,2.5563822370427913,1.0002329349517822,train
5016,42,0.035234766288177115,0.13461187115077825,2.2516967199671267,0.18006126758279437,3.960719833395907,0.9986841678619385,train
5017,42,0.02584641136116065,0.09880259307511594,3.5597138090312503,0.10797634375262341,3.52626871462827,1.001264214515686,val
5018,42,0.041503209612894706,0.18473564696215633,2.4001633098867297,0.13586253967535847,2.911084901425276,1.000816822052002,train
5019,42,0.0393197435258986,0.14654591831374386,3.2722604841459404,0.11790044236745578,3.073162041149345,0.9972513914108276,train
5020,42,0.021220205647683916,0.16990543022046306,2.3146105252156897,0.08354775777362504,3.9271949209591703,1.001961588859558,train
5021,42,0.041814016827417574,0.0615384178069187,2.47989638625409,0.09579658291166661,2.7954835711877513,0.9995794296264648,train
5022,42,0.041113547777167116,0.09496588310093683,3.325555365748223,0.10568086153576746,3.6240035437029343,1.0003911256790161,val
5023,42,0.045653810010984806,0.18033439310790284,2.207699184555641,0.18008736423816663,3.73995405937991,1.001317024230957,ood_test
5024,42,0.03883729713541344,0.08818221203880774,2.627736231471052,0.19819417790262273,2.7266311259786895,0.9997146129608154,train
5025,42,0.03356879730080385,0.08352099662194515,2.4834896592916853,0.1131363623274437,3.007383790468185,1.0000669956207275,val
5026,42,0.04644631678588444,0.15408531013179255,2.9798860614630764,0.0912416105440065,3.621409659293854,0.9989957213401794,ood_test
5027,42,0.03890759946096849,0.16443694624502525,2.544665657913094,0.13829972177341146,3.4671500462515166,1.002394437789917,train
5028,42,0.0453448723122521,0.07470714328188499,2.353121038637968,0.16379757918233476,3.012515339068556,0.9987024068832397,ood_test
5029,42,0.04308885603410484,0.16477685850958027,3.68452614741501,0.14883964446339248,3.380665631946539,0.9982017278671265,train
5030,42,0.0429192728637799,0.12101379359295372,2.0255369303458766,0.1821011773572992,3.14783610159354,1.0002515316009521,train
5031,42,0.04317821983563138,0.15465825313802334,3.713383695868949,0.16827173143755944,3.1477427638383433,0.9985990524291992,train
5032,42,0.04574588460987536,0.07081061937110265,2.2659151947446743,0.19455349416224027,3.282223041210998,1.0000275373458862,ood_test
5033,42,0.026028616879773488,0.09475225513285107,2.167219137063363,0.15940484418517978,3.3499952466036995,1.0013713836669922,train
5034,42,0.029863287120719076,0.1555977020072596,2.363639375164871,0.10095671044102583,3.379395563500056,1.000873327255249,train
5035,42,0.0431450719696658,0.19460025158254474,3.6480424192770866,0.14076344847941125,2.5584349212252064,1.0000638961791992,train
5036,42,0.04250075350387589,0.12707653682103628,3.840839568321145,0.17600702127407447,2.6312621157080804,1.0005391836166382,train
5037,42,0.033080435615174694,0.09554762354245612,2.677394044003644,0.10068014023553515,3.470207371634425,1.0016649961471558,val
5038,42,0.020892051178637624,0.10612118119644282,2.666537799209873,0.09066430371031636,3.0171716681273266,1.000422477722168,test
5039,42,0.04615319188306009,0.0875789911245877,3.9915777950125952,0.12273022679709114,3.916681949107093,0.9997993111610413,ood_test
5040,42,0.029885051288488396,0.1523505105172924,3.325980500070412,0.10290262137186396,2.92609853195888,1.0028622150421143,train
5041,42,0.031255599904621754,0.12900843381422544,3.119540002905599,0.10905933712966741,2.701081364107777,1.0009064674377441,train
5042,42,0.028835010722895883,0.17828913291161935,3.0120165436041466,0.08795473597472336,2.7376703639602686,0.9998410940170288,train
5043,42,0.027292966076128713,0.17155766175514134,2.10940728578288,0.12374727081312595,3.0354855866241817,0.9995236396789551,train
5044,42,0.03050181797079813,0.18667164453099577,3.3085619650546603,0.13572679497604645,3.728336402274948,1.0029346942901611,val
5045,42,0.044916306537294795,0.1306640769687012,3.327622303258064,0.19980369373889845,2.800338407031398,0.9998360872268677,ood_test
5046,42,0.021562626423176717,0.06226546775118574,3.0962609162512367,0.18960335766234573,2.6974692014688486,0.9998031854629517,train
5047,42,0.04141836037060699,0.1140388679766028,3.013358044192265,0.18634138214909804,3.640409138125569,1.0002381801605225,test
5048,42,0.042307641093401994,0.07655713142460689,2.340945155929554,0.13190973183636706,3.1989396877982763,0.9995192885398865,train
5049,42,0.027528623888138506,0.08957955049879981,2.988647367341561,0.17347312623159106,2.824805161663268,1.002143383026123,val
5050,42,0.04045756339097802,0.10821155333033845,2.723367236841633,0.12880463035888917,3.369059550734701,0.998698890209198,train
5051,42,0.030807740661804493,0.07574141824491737,3.8934576815238704,0.105163124349691,3.6161672445900344,1.0018227100372314,test
5052,42,0.020747445636735348,0.10887521633727557,3.7340650118359946,0.08955446411017515,3.3805477299129625,0.9994723796844482,train
5053,42,0.035999273261969084,0.09941697344219713,3.5675249401815132,0.1556273315731395,3.431499926213747,1.000488519668579,val
5054,42,0.04942834048745261,0.08802853203388,2.5841000978135176,0.17671804773802338,3.7880001616800922,1.0018625259399414,ood_test
5055,42,0.04326772886061689,0.0890541566544969,3.0306773442309147,0.11092863166593198,3.518888937936263,0.9989265203475952,train
5056,42,0.04040861189408278,0.1057434042015605,3.2154094348107165,0.1968888599047126,2.5714469224940255,1.0005581378936768,train
5057,42,0.0402950204643573,0.09893079300257247,2.780625326957952,0.1310985311164554,3.2051242063040597,1.0032931566238403,train
5058,42,0.03090170230212689,0.05752021653660034,2.183867152746118,0.16756065590869,3.2269190021235707,0.999772846698761,test
5059,42,0.022011751243258305,0.14191115706563348,2.26222033722921,0.18208461176842156,3.299611099940427,0.9980584979057312,train
5060,42,0.023749502106312687,0.0680275072937901,2.9983305559230056,0.08627540021216046,3.817525468686905,0.9981523752212524,train
5061,42,0.035150521111149,0.16713268109008472,3.953408909600551,0.10491799498295871,2.9505425873016446,1.0013179779052734,train
5062,42,0.029887832770995833,0.1238025183461595,3.6714351455331364,0.12169247914680015,3.0212009061990606,0.9999408721923828,train
5063,42,0.04683671151785312,0.1371444921201921,2.664420868872428,0.1405047427450275,2.772766039724366,0.9973124861717224,ood_test
5064,42,0.03534565963559455,0.10140020970856115,2.414886743324254,0.1804038719694167,3.215861402536976,0.9992980360984802,train
5065,42,0.027919108564030327,0.19825774303284432,3.622036224034966,0.14458961976435433,2.9902297493426007,0.9989789724349976,train
5066,42,0.033160083833433225,0.09952782747981222,3.866570935694761,0.0912671623037937,3.9716278093160384,1.0003231763839722,test
5067,42,0.02639247333052392,0.1908982792781883,3.152095717113977,0.14280788234558955,2.5259530409230946,1.0006879568099976,test
5068,42,0.04601759663907709,0.08015590722608426,3.0202099435813627,0.19307941682677845,3.8555179472346413,0.9974280595779419,ood_test
5069,42,0.042702933517246106,0.08259961887460206,3.42119746746119,0.13425268029770307,3.1885956165510225,0.9997127056121826,train
5070,42,0.02556909776497164,0.19632060709361954,2.4763398062047575,0.13608307924841945,3.376477176918627,0.9986380338668823,train
5071,42,0.0461629130107047,0.12506737461097028,3.0402512627170215,0.17921783658659532,3.9962625024741576,1.0014113187789917,ood_test
5072,42,0.022496005709382785,0.14894904909347562,3.581104309185381,0.1410002842489975,3.7773725944827268,0.9980620741844177,train
5073,42,0.04432800873296712,0.0843579757777849,3.6444169001743205,0.08028251282136566,3.773810648945853,1.0010982751846313,ood_test
5074,42,0.04710374024739522,0.14751548080168403,2.975219505979077,0.1459705844748846,3.0648573340829364,0.9963403344154358,ood_test
5075,42,0.048345594271599415,0.18384928040512039,3.6022099353948587,0.15531261967921867,2.564633721514581,0.9998134970664978,ood_test
5076,42,0.0327187530456114,0.05951884335176843,2.404436622012242,0.12129181561036972,3.423355200229058,1.0002936124801636,train
5077,42,0.029880975959439164,0.17297836009578502,3.2388918674956253,0.11963784810422173,3.869103596037129,1.0010929107666016,train
5078,42,0.024828890347347192,0.1855692965037592,3.9993648033831892,0.12043505421554546,2.586099541140645,0.9999285340309143,train
5079,42,0.03082310306182295,0.0510528056492638,3.993200068098102,0.14502782806396608,2.553640973021072,0.9997627139091492,train
5080,42,0.03418429662661033,0.15200266006912608,3.8152277752834203,0.1922240398433076,3.8690224436405107,1.0030099153518677,train
5081,42,0.029388275707077943,0.1588532500436791,2.977762712292,0.09824643209400837,3.150396677778949,1.0019230842590332,train
5082,42,0.03757415980960162,0.12567000912832307,2.3940176843090675,0.16347958721647543,3.584113841377035,1.0015745162963867,train
5083,42,0.025961416519579904,0.17446404337960064,3.3766887693923473,0.15863319436556295,3.88645880334207,0.9983929991722107,train
5084,42,0.02904121890029205,0.05092146570622824,3.9319627580500742,0.1538752337354473,3.194074359661957,1.0006784200668335,train
5085,42,0.031057236764137408,0.17318116372686057,2.602985242686758,0.133057279263886,3.19844122711221,0.9980239868164062,test
5086,42,0.031386098916739366,0.14666819978448953,3.7633268174118775,0.15640092853080312,3.8896226370030567,0.9985412359237671,train
5087,42,0.026837188976618728,0.09059786974743753,2.860112778085339,0.17404565904262675,3.10802158548584,1.0015788078308105,train
5088,42,0.025753504956769858,0.052090325623857216,3.723244597203844,0.08656254477368844,2.7466550746732987,1.0017666816711426,train
5089,42,0.025584325405005996,0.09638200275877226,2.8970992068707653,0.10448911311287307,3.336472470403785,0.9988815784454346,test
5090,42,0.03676545606539605,0.18105669581241218,3.441369146402856,0.19043599586352464,3.079066365017269,0.9987167119979858,train
5091,42,0.025623944289082604,0.1601113297020615,2.0545503885322822,0.13150676467235167,3.4930897010155193,0.9976590871810913,train
5092,42,0.025504044491964327,0.10993143295206326,2.1738247941742896,0.1520045479651142,3.582418960162169,1.0020751953125,train
5093,42,0.02639474905567313,0.1407949782758073,3.521440533687281,0.15872497299644706,3.4703689249379757,0.9984270334243774,train
5094,42,0.043201922849173416,0.12270423245216507,3.174243831265634,0.16467216432841525,2.783196811627813,0.9981651306152344,train
5095,42,0.021338829618760415,0.10826638325081436,2.480904930030192,0.09868715588681579,3.776298098450375,0.9989083409309387,test
5096,42,0.03143180472298978,0.18130308407630236,2.603182788952489,0.1211064247443969,2.7394957363477976,0.9982068538665771,train
5097,42,0.03298694326730431,0.15926824226638192,2.6781270751103596,0.19368144380868874,3.701275691644975,0.9981463551521301,train
5098,42,0.03382106829097707,0.10102659386052942,3.4814774524302154,0.11332649026692498,3.0545659505010794,0.9987969994544983,train
5099,42,0.025273303191712,0.17907439153040167,2.5705746812979524,0.1633035916677953,2.762285361290959,0.9985024929046631,train
5100,42,0.04563621927676393,0.1509058661583147,2.3598694332197243,0.11652936863966673,2.591176366672455,0.9997471570968628,ood_test
5101,42,0.04619540952681855,0.0858312217131108,2.284743110860989,0.13951012573232674,3.729686066375108,0.9991506934165955,ood_test
5102,42,0.025268736118934473,0.1246568548759078,3.387101529419131,0.10588279181854446,3.5843231235088617,1.001283884048462,train
5103,42,0.04685355810367119,0.05540491196881114,3.4778711003048484,0.17602855584795102,2.683835380216984,1.0009400844573975,ood_test
5104,42,0.03378506743193963,0.15433979381981086,2.612203547922263,0.08573424480682452,3.6768236349611136,0.9977097511291504,train
5105,42,0.04801057267343954,0.14966788746955584,3.671387083884105,0.1226636794899944,3.385449589238642,0.9998540878295898,ood_test
5106,42,0.03132702623241011,0.11070308225858162,2.298989046662875,0.19488853892976366,3.8653585727128537,0.9998656511306763,test
5107,42,0.0371449562275574,0.15202224768386713,3.7945892598855178,0.1880547354288753,2.6192854299416974,0.9999778866767883,test
5108,42,0.024026359691460247,0.1308785294748812,2.5043836224737674,0.14718096567136396,3.4300576450064826,0.9969418048858643,train
5109,42,0.03790706042269418,0.06720726290703806,3.857249954534682,0.14141096710527706,2.7973955003672004,0.9994885325431824,train
5110,42,0.045194955750033995,0.06307388340921738,2.467498579251203,0.1804994128863478,2.752845071097404,0.9993058443069458,ood_test
5111,42,0.0461908062770313,0.15375906414593388,3.3079846217515723,0.18484565348741655,2.851478431713565,1.0006884336471558,ood_test
5112,42,0.048963446164797905,0.07054895366735438,3.277191560354269,0.14545205231178898,3.8347896840788613,1.0014311075210571,ood_test
5113,42,0.03901734572801217,0.054394571240993256,2.8726742430539307,0.17249646196726418,3.101762901215956,1.0002739429473877,train
5114,42,0.03858342766740748,0.19563948029444356,3.1249680923024155,0.08663828593144685,2.5531745663845626,1.000476360321045,train
5115,42,0.035609055609861016,0.0811921188198698,2.228587993410546,0.16229741537345022,3.5227692216151323,0.9964349269866943,train
5116,42,0.03674656082486753,0.18336225656640692,3.43843761809391,0.09094644384861467,2.5404514304298695,0.9985880851745605,train
5117,42,0.03495519332330119,0.11605860457115935,2.380932597916389,0.08784378473736404,3.5778094408731147,1.0009219646453857,train
5118,42,0.02122327615295913,0.08812832715636115,3.476520272194086,0.1561781297251067,2.905628719555431,0.9976269602775574,train
5119,42,0.026320582207749424,0.1344305066526419,2.260808010249529,0.11476577965343307,3.0214342185151155,0.9990552663803101,train
5120,42,0.020552086329871273,0.05191700529440047,2.0428282214877034,0.19279924075132265,3.1668382300193416,1.0033129453659058,train
5121,42,0.027782133707187663,0.09793163254071488,3.3715066648932206,0.09837919287134635,3.294108200960113,0.999732255935669,train
5122,42,0.039783060255313404,0.18618958665132684,3.7152963492008046,0.18945983437864294,3.1738003466242817,0.9973718523979187,test
5123,42,0.038776728967689966,0.0862203008842538,3.9414769603220594,0.10227077519022562,3.1537664332102304,1.0005474090576172,val
5124,42,0.029789324815824407,0.17191254329248423,2.157672510506587,0.1413279047257154,3.04177223849313,1.0013904571533203,train
5125,42,0.025935994172744805,0.18100538317500076,3.6411002648528887,0.0904429479230086,3.039506241665799,1.0003013610839844,val
5126,42,0.04966180915618059,0.15493907857624145,2.8671571478992317,0.16832653210344983,3.6616633101720226,0.9988937377929688,ood_test
5127,42,0.0358113406596004,0.08635130186220447,2.9223860092188376,0.1272640222111864,3.2961118259577153,1.0000197887420654,train
5128,42,0.03848887272322867,0.19751469846412983,2.201376778244968,0.11761140434812586,2.9147239354074377,1.0002378225326538,train
5129,42,0.022057151306641844,0.11434718004830721,2.5092248599674125,0.14695884811245788,3.7143411106809694,1.00210702419281,train
5130,42,0.020263664117739295,0.13940741473901802,3.2884350365065487,0.1312263076746869,2.8634432170613695,0.9995505809783936,train
5131,42,0.020826371798329295,0.19451058141715916,2.263475514316943,0.14888517787600164,3.824555586139484,1.0007469654083252,train
5132,42,0.030863695578672842,0.057944616747358554,3.374020506459912,0.17586565970357176,3.11421842727518,0.9964583516120911,test
5133,42,0.03464084368463996,0.06737793366872374,2.5330612432874395,0.08567424062302575,3.7104094151996923,0.9991441965103149,train
5134,42,0.035532327464693744,0.19550588247117323,2.0129674995549935,0.113136559473426,3.543924751972134,1.0017728805541992,val
5135,42,0.045573910099400206,0.06670539657276509,2.847471893728212,0.17082532679499923,3.955863144559865,0.9987609386444092,ood_test
5136,42,0.040590662036912195,0.19516134303147126,3.13517085916431,0.12098675413619261,3.147168028697271,1.000903606414795,train
5137,42,0.02287026837949497,0.12151012457624144,2.7187529089485274,0.14719732976268723,3.703153776963222,1.0007611513137817,train
5138,42,0.03844049885292323,0.18146593346449702,2.1129875228148594,0.1358057447940848,3.412413169297419,0.9960163831710815,test
5139,42,0.02997484236353065,0.0586328386702098,2.9158583636828515,0.09718085987277232,3.239878795506045,1.0025055408477783,train
5140,42,0.024168484815968533,0.058844174465788004,2.4287342233115896,0.1597290308735259,3.0381960374496635,0.9981727600097656,train
5141,42,0.02205151393340382,0.19080080019657558,3.6917855187850197,0.13341803698012344,3.291135289092101,1.0012086629867554,train
5142,42,0.02783594702238644,0.1616061702825362,2.52731748773767,0.13224718127874485,3.4137256470249375,0.9994214773178101,train
5143,42,0.020624374469605723,0.059879734878250906,2.42159003756658,0.15979709850499824,3.7038960008282005,0.9976062774658203,train
5144,42,0.02359252446405377,0.1976884798657027,2.1834351396504763,0.13060713166302482,2.828239854145196,1.0004081726074219,test
5145,42,0.028336795751189824,0.12340947477883735,3.588774830778797,0.09392105097706935,3.5449268035588983,0.9993836879730225,train
5146,42,0.0499753114768997,0.1968298473863817,3.299268716934085,0.13987103092901493,2.6046377768346947,0.9993008375167847,ood_test
5147,42,0.04166950554112862,0.16725093751652081,2.3854658978230994,0.11097521545840344,3.5609914763211137,0.9985798597335815,val
5148,42,0.03755822728181733,0.13623508483387908,3.7789477820744315,0.08284571620185664,3.4872608785376293,1.0016543865203857,test
5149,42,0.04246123780335468,0.09110520421819279,3.7418373811679477,0.19402872491996942,3.0848336582451594,1.0043171644210815,train
5150,42,0.03652548456176713,0.056141397085864006,2.28349235829421,0.18806150316719397,3.3840295216840572,0.9976034164428711,test
5151,42,0.034791200510519885,0.1855525570142163,2.243973843830654,0.11574911885057937,2.748433524232272,0.9996613264083862,val
5152,42,0.04733175418217484,0.060899434361068226,2.0375703134361753,0.09403671684465076,2.745807816370306,0.9997150897979736,ood_test
5153,42,0.04981432821283269,0.10138616629626682,2.4084417413821972,0.15793539821312794,3.4850313369177495,0.9990538358688354,ood_test
5154,42,0.033431102438291324,0.15863057562534222,2.1752270026289056,0.10437014708914939,3.1996673947002474,1.0013012886047363,test
5155,42,0.023606005795825693,0.05250567537795092,3.6768174798701523,0.15249383692945256,2.6566693744812917,1.0002446174621582,test
5156,42,0.04551886860916898,0.17761749274113453,3.517902822968849,0.16583202087593513,3.903579274453574,1.0042716264724731,ood_test
5157,42,0.03407168109954018,0.158327709351596,3.494927844268198,0.10069241940620578,2.5794664765085673,0.9992313385009766,val
5158,42,0.023921443734678853,0.1136677585200967,3.7479761249549024,0.19785040782816732,3.205653494081811,0.9994381666183472,val
5159,42,0.049132419653328784,0.1926624895036539,2.673890542463444,0.08339551527545812,3.60132554568254,0.9992601871490479,ood_test
5160,42,0.037660503317722985,0.145711385054961,2.2040170840085884,0.13965243976327596,2.5256342830243366,1.0003995895385742,val
5161,42,0.03624884646533055,0.1686027030420167,2.5216254707418795,0.13176318617732313,2.839146407896119,1.0003371238708496,train
5162,42,0.04436112384156485,0.1760627390625471,3.3815786053070918,0.09783529202010391,3.1190849591776884,1.0017670392990112,ood_test
5163,42,0.04541317649772736,0.05471096950425709,3.798505831250191,0.19935701069661266,3.3557768336821128,0.9982088208198547,ood_test
5164,42,0.028956334685650363,0.07980287854855656,3.818847225998816,0.12867254621064766,3.388780998387521,0.9990966320037842,train
5165,42,0.029526069447064852,0.15870583590079362,3.7948249921294126,0.11252102848188762,3.452119037961757,1.0009586811065674,train
5166,42,0.020868031924654792,0.09160946132500772,2.1459846986314854,0.1222786130916911,3.248668493076879,1.0006214380264282,train
5167,42,0.040748522534209665,0.08542500840895069,2.5599956820357903,0.08142213990762087,2.9087133123526097,1.0007903575897217,train
5168,42,0.025621036904231727,0.16857528679578673,2.4281944426069346,0.13276802335255727,3.2977623608795095,1.0017231702804565,train
5169,42,0.04745942398227829,0.13825291555991837,2.8809332641629934,0.14392246492255445,3.8582339915369026,1.0004125833511353,ood_test
5170,42,0.044813232830433765,0.13568189422916288,3.4893648376807667,0.13314491954377516,2.660040875299777,1.0002973079681396,ood_test
5171,42,0.04135441110847818,0.18242035809907337,2.8755005922383585,0.14370529015406153,3.592764784701865,0.9984854459762573,train
5172,42,0.043846225409970796,0.11637396803771885,3.39609502846666,0.14133882134040268,3.9089394734846756,0.9984705448150635,test
5173,42,0.03234239316120713,0.14873110986266488,3.5438599914810265,0.14335817892894642,3.467707490594416,0.9975708723068237,train
5174,42,0.028166870213698472,0.1595778387886353,3.0724408077543828,0.1521864534248147,2.849131059623029,1.000793218612671,train
5175,42,0.03485652161122553,0.17097514087111912,3.040917070982843,0.12885484925794552,3.337394879872048,0.9979928731918335,train
5176,42,0.03552388083814645,0.11799623877096413,2.2480468679478047,0.08483212228702858,3.487365902120027,0.9992425441741943,val
5177,42,0.04544967945318199,0.14875690721244955,3.0492483209288044,0.09573279382170725,2.8006569171635074,1.0009033679962158,ood_test
5178,42,0.025711988696550735,0.0512070309604068,3.7485337548899587,0.09849517255450918,3.5634873990188707,0.9998534917831421,train
5179,42,0.048606152964358905,0.1135851495218774,3.0258070452958163,0.1493835246203843,2.5865047473663645,1.0001511573791504,ood_test
5180,42,0.04309027170871768,0.10638028614642207,2.6594139324307373,0.14733035553205245,3.891237789952324,0.9991356134414673,val
5181,42,0.03247195142483537,0.1975078906436466,2.292482498567853,0.11118428384389521,3.2166151753244288,1.0015324354171753,train
5182,42,0.041783943003337515,0.12496245040071435,3.5700772351649075,0.18568080456683234,3.2231804292040565,1.000154972076416,train
5183,42,0.043166103999999136,0.05289253724269041,3.9646423673494966,0.1432153986008552,3.5600138566901425,1.0006595849990845,train
5184,42,0.025494910129948787,0.15988444136243074,3.2219738487937457,0.12063607885961031,3.2313052022138904,0.9980146288871765,train
5185,42,0.025247025423685003,0.06225325847603079,2.9921222452545684,0.11557748361347914,3.3271648075129665,1.002061128616333,train
5186,42,0.02240134175998343,0.06335853791218941,2.6389332005914365,0.08458487595915279,3.657167049918532,1.001261591911316,train
5187,42,0.030067782731879433,0.09219999698735865,2.0321140594575677,0.199702682850812,2.8311366312903137,1.0009759664535522,val
5188,42,0.027596785675343856,0.11062903546614529,2.2350745200958695,0.18695886846063609,3.770458848937749,0.9989755153656006,train
5189,42,0.026867820746298968,0.15708361600797355,3.824604784005506,0.13480595794461936,3.501786437992038,1.0004303455352783,train
5190,42,0.024511212231354402,0.11613859188202487,3.1776997704121923,0.19958807282810373,3.6675344096048423,1.0006831884384155,train
5191,42,0.021373022152080024,0.18526119201732538,3.274913277540719,0.08772272688555424,2.8772790921845726,1.000697135925293,train
5192,42,0.045621457742270805,0.14998317394432711,2.416895653912727,0.16095720194713703,2.627325873191776,0.9995951056480408,ood_test
5193,42,0.02189487095833799,0.0848440020204193,3.2383756756104987,0.18687278575948374,2.771800411120419,0.9991177916526794,val
5194,42,0.037090031271872645,0.11635686801581044,3.6908185011969383,0.09946183381957024,2.6510100815519713,0.9988300800323486,train
5195,42,0.04962956326652178,0.07382106309069075,3.9816773703968775,0.08283729801226844,3.575718460006787,0.9985240697860718,ood_test
5196,42,0.037008887735760075,0.09814751185911016,2.844531885394855,0.19086888979113878,2.822579524512993,1.0005793571472168,train
5197,42,0.03866030112612248,0.14969795171827555,3.299445060706857,0.196673391034204,3.0252313166190463,1.0022361278533936,train
5198,42,0.045424593397221304,0.19271375175452088,3.95700031908802,0.11075953122752621,2.7864808940304444,0.9999161958694458,ood_test
5199,42,0.037172966571983185,0.100841244762032,3.6404563621525607,0.1973423784460708,3.3891639152730897,0.9984205961227417,test
5200,42,0.035494747324616084,0.08219804282280091,3.839047770932667,0.13670367794150215,2.930900711021599,0.9987163543701172,train
5201,42,0.031352633579292244,0.12461111609196972,3.5730548713063177,0.10209703294882129,3.3895731265445477,1.0018093585968018,train
5202,42,0.03320309376642302,0.12004675265406434,2.5492730448913847,0.17206197164641146,3.9237272802766316,0.9980225563049316,test
5203,42,0.028481984224648784,0.15258808862594384,2.8173510205103964,0.1725977643229063,3.394414671604643,0.9999828338623047,train
5204,42,0.024778860138002602,0.15122841340856816,3.6136012279778913,0.10403691214019851,2.770084289646028,0.9983148574829102,test
5205,42,0.0376909299440808,0.11025174116165674,3.154536088110067,0.09961450387594839,2.548929338859867,1.0005416870117188,train
5206,42,0.02307956298063151,0.15339972998073556,2.608578048819557,0.08195307068507994,2.6177495526728953,0.9998623728752136,test
5207,42,0.04180053404468893,0.06502040789158788,3.1716735384160657,0.14288622342496993,3.2855717063599474,1.0008409023284912,train
5208,42,0.034259149595768174,0.13133058647126084,3.3840888644435276,0.13087712116342637,2.8650629969214028,1.0004019737243652,train
5209,42,0.03015691413960249,0.05564314778174171,2.2397344072297645,0.1404665958125709,2.9978952069873492,1.0005650520324707,test
5210,42,0.042725483040496406,0.08225225975879702,2.644297921996574,0.14447255398070646,3.1633053905989112,1.0001291036605835,train
5211,42,0.04430776210705803,0.14172157794436457,2.8626218106663126,0.14698113571772692,3.8179014025560676,0.9996694922447205,ood_test
5212,42,0.03467460358252533,0.10157482857049688,3.435642053271044,0.11124344245950558,3.175618705327937,1.001615285873413,test
5213,42,0.03878099812983786,0.1807914032634857,3.6674606499459834,0.0919090220715741,2.577373788302693,1.0002598762512207,train
5214,42,0.0337847001189579,0.19650864167993437,3.3689692225899828,0.19270448266794166,2.826098120450052,0.998651385307312,train
5215,42,0.03212855354087468,0.1345738158662974,2.8295136629239748,0.15557762866042607,3.1754441021768383,1.0012980699539185,train
5216,42,0.04446344554765093,0.17842374074228312,3.191733399527126,0.19160436136962927,3.989959060430298,1.005178451538086,ood_test
5217,42,0.036121717028297876,0.10862068782061604,3.1204147567252734,0.12447833573373412,3.890815986081872,0.9970873594284058,train
5218,42,0.03653848512355502,0.05163225307248965,2.8852405684465383,0.1925838184636094,2.769665590324938,1.0002192258834839,train
5219,42,0.02057978438918102,0.18182571205844572,3.182024027201809,0.17004466602055823,3.8458383101282823,1.000821828842163,train
5220,42,0.03370054896901844,0.11631024743054225,3.515464854658394,0.15749412868005486,3.325140577583236,1.0018010139465332,test
5221,42,0.030722073759172124,0.13296428033544921,3.7687563590302227,0.1754566660272439,3.26346499900638,0.9966918230056763,train
5222,42,0.04198507251068402,0.12999551888021582,3.7736459204110555,0.17616418314145543,3.055564922750694,0.9978747963905334,train
5223,42,0.030747050010889992,0.057553599858131375,3.2221619193855364,0.08997014897692375,3.892889389225307,0.9994027614593506,train
5224,42,0.046474651054493527,0.1252571532003875,2.411603260195302,0.09546202878511495,3.595363795497368,1.0009336471557617,ood_test
5225,42,0.03850213312620548,0.19905323051094326,3.4171250817247376,0.16344793970011642,2.7149011637584746,1.0006484985351562,train
5226,42,0.03561420075144053,0.05649284503062169,3.816623690194386,0.15768645949381338,2.6325608976517536,0.999513566493988,train
5227,42,0.04406155318498313,0.0642535727043359,2.400927055653912,0.1118080656476512,2.806014622309114,1.001758098602295,ood_test
5228,42,0.02315719597943043,0.11383293557448738,2.833527490874591,0.11723560179600051,3.3095927239157197,0.9973292350769043,train
5229,42,0.03940849167259332,0.11438073105776554,2.453494429558995,0.14984755489425272,2.6759538387356576,0.999945342540741,train
5230,42,0.029414888424840732,0.19157789840692435,2.0821184779912403,0.12115332694768984,2.6678633723711545,0.9995650053024292,train
5231,42,0.030306830182941058,0.1578512431173298,3.6520920495174067,0.1873801794918358,2.941226883171058,0.9984340071678162,test
5232,42,0.04026737829165063,0.18410841538316336,3.3062868324798638,0.08869835541564351,2.695780667872586,0.9980230927467346,train
5233,42,0.025282055759738943,0.17021005407111595,2.438383733006768,0.18869690833329372,3.094630704034703,1.0010313987731934,test
5234,42,0.02172035719344796,0.152053836450762,2.6449104893130624,0.18666120872051106,3.976105084138098,0.9994094967842102,train
5235,42,0.035970266199481044,0.18707480883115757,3.1523991256634933,0.1299564894657599,2.916460568220476,0.998956561088562,train
5236,42,0.040430381384615674,0.1833374400961551,2.0389966754966573,0.09179675661544731,3.257934053868365,0.9996336698532104,train
5237,42,0.0240820924960053,0.10575501849072354,3.7396982642533736,0.17136278563874158,2.574034903487722,1.000978946685791,train
5238,42,0.03305539566911372,0.08130401811061364,2.608490745616992,0.1268010781497254,2.701372083096762,1.002037763595581,train
5239,42,0.02058083212926,0.07847240181608789,3.677422951221029,0.09544384928478081,3.346810349595734,1.0004136562347412,val
5240,42,0.021410872923968566,0.14166625093506455,3.971489761341437,0.13035447474500933,3.518499657622674,0.9989603161811829,train
5241,42,0.02675355822454683,0.17437219299116824,3.0554914717355093,0.1241868715249175,2.95237677143673,0.9992378950119019,train
5242,42,0.03049405763220897,0.09360052203876001,3.8192373407861013,0.15623597392097743,3.176961537481507,0.9993647336959839,train
5243,42,0.048419725235992736,0.16888910637694887,2.030567647451523,0.08776998171659611,3.6215296173732687,0.9994323253631592,ood_test
5244,42,0.0253127608727522,0.1623866451156677,2.8205947380748198,0.08978560908872832,3.9474275735420092,1.000144124031067,train
5245,42,0.03087019406859742,0.08875999221158684,3.2532056596091445,0.16583673634281143,3.6869839419136214,1.000162124633789,val
5246,42,0.02331573901349313,0.17276161769244594,2.4948938384458383,0.09852073291746917,3.5326947057538725,0.9971688389778137,test
5247,42,0.04561224889431194,0.10121906030673368,2.5882386228440857,0.1917143500503335,2.8493443671596608,0.9997143745422363,ood_test
5248,42,0.04696012826326036,0.058153499300687084,2.297557146989808,0.16434092346277307,3.515546334584267,1.0000379085540771,ood_test
5249,42,0.04344660833193427,0.14601019478904803,2.1329105497730683,0.16973874864220992,3.46724563802921,1.0013024806976318,train
5250,42,0.021404031785867902,0.10092393235441216,3.252503199067804,0.19537784754071458,2.8986504463898584,1.0020283460617065,train
5251,42,0.028841295906639516,0.06444468967746841,2.329692225071086,0.18035565811746795,3.8323601707424437,1.0001299381256104,train
5252,42,0.03521132620064762,0.07681148974175811,3.090562449289902,0.19852271615746717,3.647824690655426,1.0011370182037354,train
5253,42,0.04991044716183639,0.09919300078769124,2.047579278814257,0.17088259535242598,2.5848223201889686,0.9991307258605957,ood_test
5254,42,0.02227971739328618,0.11209450042312202,2.988806175604857,0.09699977974938902,3.4584337970853545,1.0002481937408447,train
5255,42,0.046671818857778394,0.14534095323780727,3.99841958015086,0.18696924968690554,3.970890237367741,0.9972466826438904,ood_test
5256,42,0.04652706499862617,0.10983840725177382,3.323050695671861,0.12307503258729346,3.9205032900410943,1.0017504692077637,ood_test
5257,42,0.02380457660429763,0.05058825778322266,2.5294882645294483,0.1253134360746737,3.2253320684749682,0.9997580051422119,train
5258,42,0.038387299835680413,0.14567750201645488,3.0210933268514317,0.09449190300489171,3.413684977409055,1.0005123615264893,train
5259,42,0.02044026819977002,0.1741744638618437,3.6817405860629453,0.16374410366663888,2.7866878820662317,0.9995212554931641,train
5260,42,0.02574920593251593,0.05969628975137289,2.240006104858942,0.18971829874270396,3.064313159685357,1.0004216432571411,train
5261,42,0.031039783248144465,0.11787875142571295,3.5951127330456902,0.18071042901683904,3.1506284749553717,1.0016367435455322,val
5262,42,0.04126786704917211,0.1626392425618854,2.8634887148040553,0.09688840432135379,3.195657618222975,0.9991523623466492,train
5263,42,0.02259501385175444,0.11147856979158068,2.427072768532265,0.09529929482469647,3.219100590999772,0.9992597699165344,test
5264,42,0.04932849583813825,0.0939318568404959,2.6407336828921917,0.19335592349013586,3.82744467019713,0.9978430867195129,ood_test
5265,42,0.044448973512734774,0.1909957704833557,3.563318471156439,0.08357911112270017,2.9327626138339324,0.9992194175720215,ood_test
5266,42,0.03905032784892905,0.057353718774206565,3.765412689304175,0.08058121804513231,2.815822354410256,1.0010744333267212,train
5267,42,0.025935731162645,0.1371803513301002,2.3413919454463454,0.14210783910232672,3.868050692796862,0.9989379644393921,train
5268,42,0.021448491274477705,0.063194210869655,2.714664771905987,0.11653528360210089,3.987805872346193,0.9989141225814819,train
5269,42,0.03485712406588054,0.11669209405929488,3.3063367257455925,0.15150328150655074,3.9876867044235866,1.0032830238342285,train
5270,42,0.04001743811042456,0.08933391871471777,3.4050988138531997,0.1939914613549581,3.8424631117205434,1.000625491142273,train
5271,42,0.03349129306632999,0.19340164367545937,2.340474453726909,0.1420831167200017,3.575505113538145,1.001172661781311,train
5272,42,0.02214586197318901,0.19583898512201303,3.7309136921545725,0.10625916635178277,3.954151364631149,0.9983218908309937,val
5273,42,0.034553762108360225,0.12982760835355553,2.316845256742913,0.1877616280137286,3.8884870397727718,0.9987863302230835,train
5274,42,0.027642478793551622,0.1448970553737895,3.559899385246172,0.16600979766259238,2.5705609446025814,0.9993758201599121,test
5275,42,0.022464103566822654,0.060524128558497,2.353766548125522,0.1691733284384594,2.5268235251403004,0.9986809492111206,train
5276,42,0.04760758817900215,0.06991428248212889,2.874136197148415,0.15376382585476706,2.80305775793601,1.0024402141571045,ood_test
5277,42,0.03093963860684541,0.06511349290735731,3.7059991627924433,0.16939563235906266,2.9855204779499576,1.002925992012024,train
5278,42,0.04173582804342792,0.07299936430009625,3.9214584732347015,0.15068165524936966,3.595550032735505,1.0011992454528809,test
5279,42,0.039111188818049536,0.11041215150787215,2.3766759845358347,0.1233543293665792,3.521173818345405,1.0007505416870117,val
5280,42,0.03693446057776183,0.05449050614175352,3.078821181963484,0.15816172902227338,3.4487935699802783,1.0005745887756348,train
5281,42,0.03977433690375874,0.14594805241364447,2.568841714942546,0.1400012775352738,3.2489689439973617,0.9992915391921997,train
5282,42,0.04621451391586891,0.16218317830695653,2.290969308120062,0.18451910937670474,3.4550090725995863,0.9994431734085083,ood_test
5283,42,0.04046369913469784,0.08445229707166281,2.5666593176099237,0.09379297998707095,3.996199924714006,0.9999123811721802,test
5284,42,0.04575174519421672,0.09847669578145235,3.238166107741587,0.08779154698453738,2.527639502894699,0.9998924732208252,ood_test
5285,42,0.03784509762231504,0.07512781981378953,2.742771919972503,0.17461158108904912,3.347563096158347,0.9989628791809082,val
5286,42,0.03135631207121177,0.17113384754518235,2.5536873026697084,0.16508642200341492,3.725686703735715,1.001123070716858,train
5287,42,0.04054032719182865,0.1359668250200049,3.231572814021984,0.13659160199374193,2.717001559827035,0.9978845119476318,train
5288,42,0.03830050323861729,0.14577122199004763,3.17176584354792,0.08699177267892938,3.3034033824702744,1.000986099243164,test
5289,42,0.044070969299605196,0.08972433416885664,2.9528878000971215,0.16100318666211558,2.7517255371725478,1.0010740756988525,ood_test
5290,42,0.04132835549060429,0.19244383183479813,3.648178909864506,0.10535656302858035,3.204555617106729,1.00301992893219,train
5291,42,0.041761254347441296,0.067310147615972,3.4048410721146625,0.10997556950833656,3.431120273511448,1.0002464056015015,train
5292,42,0.04582603682202132,0.12480020210545904,3.821363876505269,0.12308627508807976,3.5513990418385495,1.0016357898712158,ood_test
5293,42,0.03239949977825217,0.14204031164685238,3.769938420519021,0.09463026437882174,2.866961795430602,0.9993665814399719,train
5294,42,0.028258907843809924,0.15892814542705225,3.2713234134239797,0.1247388941422719,3.5287046883008744,1.00150465965271,train
5295,42,0.02296688790659861,0.16751753067797925,3.9552877680649265,0.0871801597002223,3.975816789176146,1.0007576942443848,train
5296,42,0.03300003876202083,0.09599890870756961,3.6582069315499908,0.12037826681272482,3.109650170976509,0.9971489906311035,val
5297,42,0.021980989511212207,0.07088006467973104,2.6155183154797808,0.1557748138697892,3.7169726776103214,0.9995233416557312,train
5298,42,0.02984585333597762,0.1698492365545381,3.8883792857883037,0.12372334553938728,2.5278389251826594,0.9989426136016846,val
5299,42,0.027682239974801147,0.14354616999035102,2.618281656291529,0.13339414360801288,3.5689822711877373,0.9997960329055786,val
5300,42,0.0203799260920151,0.1782425733836312,3.5424229500192244,0.1306030698267997,3.402765530549706,1.0004658699035645,test
5301,42,0.022196878297230233,0.1247868945346048,3.4357838567168857,0.11341330288523066,3.989496647811769,0.9997405409812927,train
5302,42,0.03301398859389721,0.12107399560892011,3.7085043705641296,0.11623029987889641,2.949650728715723,0.9976235628128052,train
5303,42,0.04068007670360437,0.07379964381131843,2.1287228312636732,0.1498847877270218,3.2657810909330083,1.0011752843856812,train
5304,42,0.039992944983718304,0.09513332580353853,3.9702089338849937,0.10297848342741012,2.5887387567949083,0.9993212819099426,train
5305,42,0.025240039692733644,0.1826965831053829,2.423717174187889,0.1061720157589249,3.111449499472342,0.999029815196991,val
5306,42,0.023120060581341504,0.07080786550595673,3.4709108905638066,0.15501354713904048,2.6080827212214355,0.9999698996543884,train
5307,42,0.022360148018775974,0.1902780439099272,2.0344051413119795,0.10203323230214739,3.533745533496598,1.0000278949737549,train
5308,42,0.041682583637695,0.07523315172185208,2.5920212209679985,0.1335103995752161,3.8175910654998084,1.0005238056182861,train
5309,42,0.04197281760648894,0.13270741564227673,2.7478150730671915,0.16608479587790295,2.848462073977094,0.9971339106559753,train
5310,42,0.031042949795430923,0.07275827541301073,3.2953139795840807,0.10569962344582406,3.8728904228193763,1.0024702548980713,train
5311,42,0.040136664646025486,0.1957238710552927,3.917629728881005,0.10115106269754677,3.896803521006685,0.999726414680481,train
5312,42,0.02202412277100471,0.1625654795035189,2.528181901319525,0.1532256032074619,3.27926294957268,0.9994734525680542,train
5313,42,0.025245790368202566,0.16559536865180396,3.4797984705301928,0.1859323323150447,2.5885479351588447,0.999171257019043,train
5314,42,0.02261400210421256,0.1164240256088839,2.5833476318922415,0.1455582370610783,3.177602236222934,0.9991668462753296,train
5315,42,0.03439846827814416,0.16188619701835852,3.376658311106369,0.19638680461302677,3.811795678291642,1.0018285512924194,train
5316,42,0.02008052588143396,0.08175078026475718,2.5158104382884656,0.09288025439461546,3.2164292996789134,1.0001871585845947,val
5317,42,0.04660576520839876,0.1992263241413365,2.414064416209177,0.1374551539901383,3.656936360058764,0.9966570138931274,ood_test
5318,42,0.03977383852813028,0.17657458952966504,3.9243844916450694,0.1776444644417688,3.9290554246661626,1.0015547275543213,train
5319,42,0.04106515215044043,0.1255600485783112,3.4932120079781552,0.16052776194733298,3.223519032517855,1.000087022781372,train
5320,42,0.03608073944408705,0.1537647962857416,2.164396814393294,0.13782803844038233,3.770656320423274,0.9965025186538696,test
5321,42,0.032719795512703,0.15152951390675792,2.658632971274998,0.08483396640239284,2.8521608746110725,0.9993335604667664,val
5322,42,0.04029319304062377,0.16420068593599008,2.2314838575894402,0.09953891305807092,3.986654688882867,0.9995179772377014,train
5323,42,0.04646352417922057,0.09039288049116434,3.1984020353735287,0.16024963741111864,2.5509723280560754,0.9999352693557739,ood_test
5324,42,0.02413158202259391,0.09560887305928012,2.2645206666465123,0.08857720378912136,3.6108277865035716,1.0007039308547974,test
5325,42,0.047527028884287156,0.09592790623452682,3.147892488677173,0.17441843666446344,3.9491790709745125,1.0019276142120361,ood_test
5326,42,0.035159812847569465,0.10054944096813995,3.551028775089061,0.18852934217450643,3.7632353814854778,1.0010991096496582,train
5327,42,0.03302958156288131,0.10570835919154972,2.9695119420385403,0.14549391561617064,3.038844213847306,0.9985636472702026,train
5328,42,0.047908501302472276,0.19670946474962248,2.5045746809556153,0.1932526236350247,3.8900870356261152,0.9996991753578186,ood_test
5329,42,0.02533925443127037,0.07603155565019107,2.265745304327676,0.16643861783683092,2.6805176068049796,0.9976123571395874,train
5330,42,0.034567434246267854,0.05858780916230693,2.3917785414227426,0.10828240395534165,3.633890848688112,1.0027607679367065,train
5331,42,0.021428436675043558,0.1422112998950158,3.603468229468492,0.18292652571982235,3.2737212543171346,1.001058578491211,train
5332,42,0.03999858586356884,0.08211539184919503,3.8327090932049837,0.11018030186335433,2.8015923607311235,1.0001499652862549,val
5333,42,0.0427064556405562,0.1727177156158778,3.910569961363197,0.08188592579736656,2.925796296930452,0.9994674921035767,train
5334,42,0.044424355884193786,0.17702155330166186,2.9780975675806944,0.1209420859387775,3.521104086734219,0.9971601963043213,ood_test
5335,42,0.034677262486104886,0.16933450503185982,3.222509989923444,0.1811343963658723,3.913987946337925,1.0043892860412598,train
5336,42,0.04061978356183915,0.13594506956512178,2.345707959029257,0.1568331769755448,3.0701975318026635,1.0013158321380615,train
5337,42,0.022775876575639373,0.07707807262104201,2.9426752926425594,0.17236873702629618,2.660396805633156,0.9990412592887878,train
5338,42,0.04984249472095027,0.1988082462713966,2.322847108395508,0.13025210531800302,3.6132219999676494,0.9978950619697571,ood_test
5339,42,0.0493307666812567,0.06898415688145845,2.955766053340045,0.14256721398682287,3.6913160706585435,0.9989175796508789,ood_test
5340,42,0.035701534793590776,0.15838312177024183,2.8061199584681336,0.17825532410192269,3.726875374598615,0.9975510835647583,test
5341,42,0.02450293623205938,0.09971541558958566,3.965444882677293,0.14201597236535227,2.500829530068843,0.9985620975494385,train
5342,42,0.04314794927557128,0.16475852758269216,3.1921627661222987,0.14803973142006355,2.791150848406698,0.9981447458267212,train
5343,42,0.02602530913840758,0.12504249154470298,3.8840070820900143,0.1757038129607052,3.3709183797962354,1.0024793148040771,test
5344,42,0.03672843016418707,0.17682412122743402,3.8129605785716487,0.1424756040428977,3.669050675534315,0.9996173977851868,train
5345,42,0.025961849997194655,0.14880920857719176,3.8780767492098134,0.11474563938456164,2.6007857186776815,1.000932216644287,test
5346,42,0.04969109567384887,0.1491518900663062,2.6208023220861305,0.1992593410038965,3.35276801256539,1.0008301734924316,ood_test
5347,42,0.02617688944392574,0.11170539770492816,3.3665230475793657,0.17679994584587289,3.7080290331440815,0.9984077215194702,train
5348,42,0.020476491275600955,0.08725292595668135,2.463659372009012,0.19536033294815291,3.333224769692375,0.9994622468948364,train
5349,42,0.03974368361248687,0.1288037266860445,2.335353888525746,0.1737932048385899,2.5181869634157463,0.9989991188049316,val
5350,42,0.020599942735604653,0.13366834767354246,3.928707476133422,0.14976912323217056,3.9419936021144517,0.9985923767089844,train
5351,42,0.029607300387718867,0.13277516562765132,2.2704256937489613,0.10773158960896106,3.441514552120591,1.0019538402557373,train
5352,42,0.0301917594610923,0.11703779885043948,2.929311386667276,0.17737428323370624,2.9320236241567734,0.9969140887260437,train
5353,42,0.04832969679089899,0.16484907882607008,2.5826186433135945,0.13318450592464387,2.9121051417143544,1.0009889602661133,ood_test
5354,42,0.04546022721549002,0.15637681764922834,2.652257016076632,0.09255194110430909,3.8467441703888294,0.9993624687194824,ood_test
5355,42,0.0376313523817074,0.08858554754156511,2.0388478872664253,0.10489735878304834,2.9201477547241232,1.0000717639923096,val
5356,42,0.03388584165966264,0.1783134028531707,3.318404418413343,0.12386890571012751,2.78838444007148,1.0014984607696533,test
5357,42,0.026296995271196243,0.08666864259652127,3.4807110947593487,0.13217613945697068,2.5385814608596857,0.9994781613349915,val
5358,42,0.03487843498360189,0.11876961496550063,3.7558722221277123,0.16928169675769256,2.7227732996816445,0.999367356300354,train
5359,42,0.044064098994190004,0.05099853111691994,3.673962371165157,0.10487782758700966,3.8687725173239693,0.9983785152435303,ood_test
5360,42,0.044026972825700075,0.17914011167712734,2.049948771105436,0.15075195685564613,2.7903784729250076,1.0019607543945312,ood_test
5361,42,0.021093763430561182,0.10469120775904306,2.762122397383935,0.10973713382155613,2.606450084270107,1.000117540359497,train
5362,42,0.0437630599340183,0.1290417388697122,2.78639370005703,0.1801905887162605,3.4498660514917274,0.997224748134613,train
5363,42,0.03875835690180178,0.15833266124642142,3.103057568008862,0.13058519030759358,2.618747995211872,1.0011365413665771,train
5364,42,0.03846936230577762,0.12737087338828107,3.8898573488807826,0.159892211121009,3.5366237261995024,1.0002237558364868,train
5365,42,0.028394442354819277,0.09309655369543321,3.220758690480889,0.13761478233193342,2.5759691227598283,1.0007902383804321,test
5366,42,0.040443887737373896,0.09045706787528046,3.120123467322884,0.09036282406880655,3.3271068272890734,1.0004982948303223,train
5367,42,0.027187071128631477,0.16105583262383238,3.918893597189399,0.11189093379228165,2.717435475827179,0.9999451637268066,test
5368,42,0.03392437447200263,0.1823735038103632,3.9584253802354734,0.16856252011407655,3.421834254853022,1.001244306564331,train
5369,42,0.030172582532743034,0.11152411015329967,2.8384472719713085,0.1593168085611141,3.007512023288569,0.9987444877624512,train
5370,42,0.020423574109026017,0.058359223632059934,2.6411455078344535,0.15203264153930152,3.9729934753185043,0.9967625737190247,train
5371,42,0.03364711853123041,0.19948286131026105,2.7043742378546725,0.17698144483479317,2.8301429712156048,1.001326560974121,val
5372,42,0.04745955979240099,0.17361367192123314,2.647360259412393,0.14255439804844605,3.4544360052127203,1.00191068649292,ood_test
5373,42,0.030237031829373165,0.10971674521879198,2.9527152907183476,0.12804809114403626,2.648525262829398,1.001127004623413,train
5374,42,0.043542221239538485,0.13404085943025057,3.592759840566451,0.19751262639642364,2.542375489953537,1.0008037090301514,val
5375,42,0.02922684540861173,0.14154444183967277,2.810738235351568,0.17189465241656254,3.8493294471485076,1.0007048845291138,val
5376,42,0.029935652309190944,0.0937342349898029,2.430013810221284,0.18085787774385423,3.1000319236757097,1.0008645057678223,train
5377,42,0.04431737690059678,0.1873673528359922,3.7804846765176503,0.13424386565260638,3.1433990806167085,1.0011311769485474,ood_test
5378,42,0.03471349877830027,0.18122228083146485,3.6786304956887363,0.14342060285693958,3.026921075635461,0.9994835257530212,train
5379,42,0.038462774334084696,0.12952643572200678,2.423665217223885,0.1903496026779071,3.1910258202344424,1.0019505023956299,train
5380,42,0.02481464201151791,0.18197433410094677,2.96157789736915,0.19221923598130147,2.8926798167104786,0.9981362819671631,test
5381,42,0.02791229999829274,0.06658178802580286,3.027829010343593,0.18183739397222753,3.5664647273969696,0.9990178942680359,val
5382,42,0.03215522807800065,0.19800537178113714,2.434566015376393,0.18659248786356153,3.749853378752894,1.0045411586761475,test
5383,42,0.02438022602422139,0.12233059858019023,2.1409339535407454,0.14652124241400483,2.887376931212247,0.9986939430236816,test
5384,42,0.02932908448525922,0.08211096000101162,2.7648651984980415,0.11636951781898258,3.6872798704415364,1.0001450777053833,train
5385,42,0.04823948709952661,0.18272223464565385,2.192436282766277,0.09481207098334866,2.5189147353181083,0.9999037981033325,ood_test
5386,42,0.027965185837448253,0.16991128029816835,2.21522014463812,0.1827523050522926,2.5436733404848555,0.9976930022239685,train
5387,42,0.04860622137548577,0.13658127469430245,3.2882248104624283,0.1867412863166274,3.3366604641608166,0.9964139461517334,ood_test
5388,42,0.03250456283676767,0.1547307604848157,3.246018830221736,0.1700357979762958,2.5759257312103303,0.9984439015388489,train
5389,42,0.024746620017397965,0.12600810325046502,3.3108445032514964,0.08907184950578377,3.964575389510289,0.9993636608123779,train
5390,42,0.04883893314821074,0.08245155877310179,3.2801050836807737,0.0980084281107744,2.7654507358953357,1.0003385543823242,ood_test
5391,42,0.0241565716228012,0.1051191296422481,2.314228411293494,0.0834191879510164,2.799277334859588,1.000333309173584,train
5392,42,0.030853545271236765,0.17438442639046609,3.560010196915071,0.17453926166721548,3.4550848119302797,0.9988930821418762,train
5393,42,0.026051874033438775,0.11630280921962897,3.509285538009183,0.09558907373001733,2.686469668043161,0.9992907047271729,val
5394,42,0.02445868314619636,0.15177209307613856,3.4954416976131135,0.14668704666392257,3.6884841619261937,1.0020415782928467,train
5395,42,0.036380733844289734,0.0717600610922722,3.8008168182473874,0.19876129818902832,3.1190590457685374,0.9984893798828125,train
5396,42,0.021677633492906082,0.07357228618938869,3.955053307378154,0.16958093576761096,2.58513164731853,0.9989140033721924,train
5397,42,0.04572826185314076,0.11640759145121901,2.6550927256346153,0.13166813089902782,3.744163516212197,1.000516653060913,ood_test
5398,42,0.037824079713306286,0.13752487801363877,2.69413999497326,0.11858644746193578,3.1188249673905712,0.9980413317680359,test
5399,42,0.02861846603903924,0.09740186874647852,2.3860959472513943,0.1884766304469267,3.331382030714628,0.9981235861778259,test
5400,42,0.03820586664162286,0.1016746618158708,3.189778370015575,0.1764564378532334,2.6410135049934746,0.998688817024231,train
5401,42,0.028159164757491195,0.13719514933809973,2.9518828895205496,0.16433992629438224,3.8423614295226254,1.000370740890503,test
5402,42,0.034450056085481975,0.17667965935130564,2.3787122227754676,0.10985513651504758,2.7720213441421064,0.9981485605239868,train
5403,42,0.04835308674898703,0.05538042455886982,3.739385508088783,0.15337789659138662,3.9667486333800803,1.0014762878417969,ood_test
5404,42,0.047919970224032854,0.18780618781043945,2.936866785040035,0.14470698463434886,2.852698686627607,0.9999417066574097,ood_test
5405,42,0.04533973452455405,0.18477704869046263,3.4413866342906534,0.18256831463387363,2.9568358884145276,0.9999694228172302,ood_test
5406,42,0.026473415388519217,0.06471762139259386,3.2770525878981425,0.1159346124474511,3.3482790364560393,0.9985610246658325,train
5407,42,0.04795582989032918,0.07409463130034052,3.562941895708539,0.0867083239486069,2.9022047379386984,1.0000793933868408,ood_test
5408,42,0.03037764233618554,0.08739616063706215,2.4348093006539027,0.12571223676945448,3.232314751690871,1.000808596611023,train
5409,42,0.038512923500438945,0.13854799851074948,2.905323250657328,0.12128649804917926,2.7819661031919996,1.0007342100143433,train
5410,42,0.04541832390937027,0.13467081683018461,3.4792913088917645,0.1536748797205673,3.0588604495677467,1.000370740890503,ood_test
5411,42,0.027806593783069364,0.10613698450392513,2.9673992713183157,0.14138733827195915,3.9406621552361774,1.0013707876205444,train
5412,42,0.025557103893894623,0.10365602845157487,2.258362492984001,0.13242476584324858,3.5172480806229087,0.9983128309249878,val
5413,42,0.03368807862225298,0.1473840432581482,3.562444481172106,0.18357134794984079,3.091780448838745,0.9999663829803467,train
5414,42,0.020325060223190198,0.15644672249780534,2.9112361975455725,0.08901649193408875,2.9451517365592688,0.9977270364761353,val
5415,42,0.022226644962658262,0.07270296794958624,2.7433224466133113,0.09690392842010775,3.30456142012149,0.9989832639694214,train
5416,42,0.04964799353542448,0.1695075314904981,3.835396677891082,0.11300628790715322,3.0291658884414705,0.9984743595123291,ood_test
5417,42,0.04668839001406383,0.15734291604769435,2.872973243465617,0.18825677211608305,3.754274520964194,1.0001198053359985,ood_test
5418,42,0.021197923153520454,0.17381495270522918,2.6384052570693326,0.1093262056274753,3.7923598766772306,0.9982012510299683,val
5419,42,0.03906720201084614,0.11485743390794471,3.992709724660074,0.1736580213208745,2.7658144608586683,1.0003511905670166,val
5420,42,0.022352555310286633,0.09413602090360633,2.5872385134292837,0.14167013799345168,2.6925929236199124,0.9992697238922119,train
5421,42,0.03421634132099907,0.071531296689295,3.4066773304387477,0.16908023633374103,3.397940101406907,0.9990392923355103,train
5422,42,0.03963797082011562,0.08350332312567904,3.716399312324754,0.10900155581794913,2.755591839100258,1.0006132125854492,train
5423,42,0.03428791413419458,0.06312336796428356,2.5590491323863276,0.1638275767336162,3.657958685069457,0.9989554286003113,val
5424,42,0.0489359060883405,0.1529642638972091,3.8937805381622157,0.17020389896422955,3.3564259024495344,0.9990608096122742,ood_test
5425,42,0.03335811906369815,0.11431673107531,3.7563366942714422,0.0844742699846849,2.9109023499263613,0.9993547201156616,train
5426,42,0.035707017235762625,0.0799775576280904,3.8433158536821193,0.13768239511743485,3.2151841226164457,1.0014140605926514,train
5427,42,0.022946619636731058,0.06443993667917244,3.066471578072802,0.12709845765211708,3.3121483827746143,0.9996533393859863,train
5428,42,0.038446170968568644,0.08931679934535562,2.4855410227282158,0.0896657356135879,3.430731144031082,1.0008397102355957,train
5429,42,0.021924876639414045,0.1005584945785703,2.6583476844457934,0.1438287650476833,2.5187752991946835,0.9981697797775269,train
5430,42,0.038444812754684685,0.052757368541828865,2.4974404697455785,0.19447118918359071,3.049246062618964,0.9984015226364136,train
5431,42,0.025680945802013945,0.1783413778023364,3.517209419695547,0.17867872714552546,3.5008348414800605,1.0052472352981567,train
5432,42,0.04596611720409989,0.17012687117733505,3.5513771155673544,0.14922177888592594,2.516254790157184,1.0000793933868408,ood_test
5433,42,0.04038094895872407,0.06690473497287203,2.6982540022351236,0.11880786640463716,2.5857675465719723,0.9981576204299927,train
5434,42,0.029106153558442177,0.0836654436803494,2.365746634727316,0.14784386670444824,2.7135509863787637,0.999710202217102,test
5435,42,0.04858947747704882,0.13805928413804336,2.086825723655051,0.18355809670405232,3.9970380447543534,0.9978201389312744,ood_test
5436,42,0.03586772624553951,0.15749358496473986,2.6707312796591163,0.1071013205073626,3.8924876868581473,0.9988757967948914,train
5437,42,0.03859203209417908,0.14672157166167826,2.2626991203240583,0.14692648188378127,2.9163106928285476,1.004141092300415,train
5438,42,0.03400835728746169,0.18952148625025422,2.929162046783925,0.15751571294191125,3.441295008209096,0.9981948137283325,train
5439,42,0.03967649666770714,0.08825367234862071,2.5898160532091037,0.1294994642798505,3.3361635902615796,0.9970365762710571,train
5440,42,0.028713172599822347,0.1790021147849813,3.2350822945515487,0.1109315957652931,3.951494797486827,0.9966973066329956,test
5441,42,0.023708041028566135,0.13916269097743378,3.3042922693007695,0.10821118506654412,2.9346960027894617,0.9985990524291992,train
5442,42,0.029618912564618162,0.053556235982579976,2.7071749525071898,0.1883529051183895,3.6856791280399213,0.9953261613845825,train
5443,42,0.03030529332314466,0.05083141991238921,2.9117234192966532,0.08949561092054421,3.6191082166643582,0.9985347986221313,train
5444,42,0.036232493563748545,0.19283670134498876,2.055815776044951,0.13972401290708084,3.8398434294831647,1.000180721282959,train
5445,42,0.04908641980892779,0.1327426129037439,2.049718069505078,0.15384606514952576,3.5548006794913993,1.0033868551254272,ood_test
5446,42,0.037249290890954384,0.07008309969131526,3.876572986537243,0.09530702718199549,3.8739431844358014,1.000098466873169,test
5447,42,0.035960275334483455,0.07096001284312586,2.2140809714332077,0.17305032436658097,2.929752143641984,1.0011353492736816,train
5448,42,0.04366557030698319,0.1723194036886396,3.0521368942548426,0.16380550544667524,3.471741053153774,0.9998940229415894,train
5449,42,0.027960253329626,0.12253428878169247,2.458041980233724,0.13417005425410128,3.2906191281186303,1.0028140544891357,train
5450,42,0.046981884170900455,0.08109857093835976,3.6325084107215604,0.18413130032143743,3.603343615723517,0.9998300075531006,ood_test
5451,42,0.02791862538198516,0.12522819659628975,3.5406790063416707,0.10405560004558094,3.9543624051697592,0.999541163444519,train
5452,42,0.0324467240711329,0.1351061315977332,2.7665973367155496,0.12876058633460544,3.0590257036067823,1.000262975692749,train
5453,42,0.029329612253613475,0.17344032214126814,3.8223378516604036,0.10172612650615204,2.9849916602377915,0.9994872808456421,train
5454,42,0.02517782070247523,0.09914963579754968,3.5232323545422215,0.08870896207850625,2.6921071838935844,0.9992427825927734,train
5455,42,0.0445509303811962,0.16441548174682136,3.88427614759674,0.13790274514127604,3.476590400705696,1.000725269317627,ood_test
5456,42,0.021722372336046895,0.07243153342323969,2.6934338913864275,0.17036800662114487,3.047885254937759,1.00001859664917,train
5457,42,0.03258754006628162,0.1305742531302057,2.0383903079000643,0.15295727213657256,3.8041968173378113,0.9983303546905518,train
5458,42,0.03754052358892901,0.18416456602598985,3.9312487690605167,0.15914302337476247,3.6614586143384726,1.003716230392456,train
5459,42,0.03836322603987638,0.09864217978124293,2.9857182558088327,0.19842546613034945,2.746265069090349,0.9998565912246704,train
5460,42,0.03850554636892334,0.051536775169121064,2.4112090306555602,0.14651622735225017,3.396897963446452,0.9981211423873901,train
5461,42,0.02600453494105677,0.10317460558982258,2.255656617935252,0.19764857444769948,3.4564770790160226,0.999903678894043,train
5462,42,0.02109303461161897,0.09595263765231851,3.9093699101131887,0.1469576921445236,3.516997452747694,1.0000808238983154,train
5463,42,0.0481390678592156,0.18533609522262656,2.1510973664152786,0.11827698973407966,3.8234653215940044,1.0030148029327393,ood_test
5464,42,0.04481295232223895,0.06880959554088772,3.3348799466572343,0.1688680117368916,3.3337623965296364,1.0005764961242676,ood_test
5465,42,0.02247905266177912,0.07235380609395667,2.377347435847264,0.18820206697122796,3.8653381507516062,1.0025672912597656,train
5466,42,0.035745934328175556,0.18137945067085887,2.8353914367112374,0.12199604825596091,3.490616506473245,1.0003528594970703,val
5467,42,0.04425593401444057,0.1755809295499962,2.631192345500742,0.11248627031421614,3.01114437255021,0.9996678829193115,ood_test
5468,42,0.03470549479951058,0.19352386779886643,2.989110684509618,0.19071054259665332,2.8325079233013346,0.9979648590087891,val
5469,42,0.03855516224049885,0.06358359294938973,3.558836360101937,0.1801000880669547,2.6358305504855517,1.0003489255905151,train
5470,42,0.02534971679652466,0.10721616031136448,2.293564299900457,0.09367797566371541,3.5340024439375544,1.0011794567108154,train
5471,42,0.034481020054547964,0.06397811326081275,2.0289606359355057,0.08017197377309963,2.709153764199774,0.9999908208847046,train
5472,42,0.03181740699090747,0.08022788139812723,2.4326578312613,0.18181145575707316,2.8917282692318986,0.9989283084869385,test
5473,42,0.029551082515041842,0.11725951985559828,2.8782413213586633,0.13322571975952255,2.743824793170816,1.0031626224517822,train
5474,42,0.04711240193255761,0.14811657291561114,3.521747851366727,0.19091842944568888,3.775523384021761,0.9968572854995728,ood_test
5475,42,0.041763592083235476,0.05682060350212231,2.9611706052942433,0.16547875360147818,3.927394486663503,1.001800537109375,train
5476,42,0.03846878835308896,0.14058389133635965,2.01368803734841,0.1889332597607612,3.3181349246592218,0.9973243474960327,test
5477,42,0.030290126493640237,0.1335164026869416,3.1856030814979364,0.08434899187448426,2.9277199143952815,1.000199317932129,train
5478,42,0.03921759375201304,0.07459176858894517,3.2497861766914324,0.09447107797117785,2.562445364319151,0.999826967716217,train
5479,42,0.02071858214589164,0.16577028814968858,3.5580109732362497,0.15223964525029898,2.995314969058588,0.9985009431838989,train
5480,42,0.03337778636188534,0.08373419753684419,3.8570226358094,0.16393221037379083,3.482339113053531,1.0009126663208008,train
5481,42,0.04147632144889599,0.13048897370990092,3.7843540881893243,0.10192778743595086,3.364092139443555,0.9984658360481262,test
5482,42,0.04526621161135799,0.10136832489137532,3.773459945354734,0.1242217862088905,3.7687069039282797,1.002099633216858,ood_test
5483,42,0.034538725234506726,0.05616124159539101,2.5947473485212007,0.08264862805063064,3.6607484970238664,0.9992002248764038,test
5484,42,0.021076526760454756,0.19569193203162105,2.542046232365424,0.13639754098800239,2.6750716192790245,1.0007941722869873,train
5485,42,0.030567709598154254,0.05177616443937968,3.647268471593077,0.14958638922170153,3.765516576477438,1.0017750263214111,train
5486,42,0.04484458880383703,0.15228634957714596,3.004797206047291,0.16951865735506966,2.6142288548675716,0.9985821843147278,ood_test
5487,42,0.03075729142232652,0.13271107602612797,2.070506423283646,0.08778221999747889,3.4479664321069556,0.9993451833724976,train
5488,42,0.021436806022663218,0.15588655974092686,2.8004140619695805,0.17336662182643398,3.982111102345769,0.9983820915222168,train
5489,42,0.042752124349422736,0.09408635613773463,3.4988503731536422,0.08438243351232878,2.532101669300274,0.9997632503509521,train
5490,42,0.02870107267476961,0.15227738743135338,3.9087432993584317,0.1245242342352678,2.545991021566068,1.001542091369629,train
5491,42,0.0314295336230677,0.10039745522819551,2.1985475128957988,0.166595380998473,2.7136166081191675,1.001805305480957,train
5492,42,0.02204843333168907,0.19146595660151966,3.698138566021754,0.19392648460790496,3.4651128595995693,0.9999449253082275,train
5493,42,0.04764515532974833,0.10584482547012108,2.9340154894404895,0.14665159229485564,3.044959819206256,1.0017129182815552,ood_test
5494,42,0.027473726476684304,0.19474081022412337,2.4428739045955945,0.12866404321092384,3.9621152213067647,1.0013704299926758,train
5495,42,0.03373591867595382,0.12338755332698816,3.0026103622678577,0.1359855507574566,2.839814833737473,1.001058578491211,train
5496,42,0.02568246635598994,0.05706418450869276,2.825154773231466,0.08745818254222883,3.65520536131224,0.9987935423851013,train
5497,42,0.042743312747641454,0.17789171602456666,3.306016285137842,0.09251512350562495,3.340190836866379,0.9996616840362549,train
5498,42,0.0315058963702574,0.11463192478235519,3.5760836298166865,0.1090175438612814,3.8018519423185397,1.003312110900879,test
5499,42,0.030391830078140666,0.05022465221691333,3.491902587260726,0.08981360279913465,2.912282338344812,0.9976768493652344,val
5500,42,0.048208940233934613,0.13210876016211154,2.72223467659185,0.09994740583839624,3.628145128232667,1.0002992153167725,ood_test
5501,42,0.0478928858801974,0.19161880486030974,2.285966121314072,0.1109683104514555,3.2961606134514465,0.9995104074478149,ood_test
5502,42,0.02976497826787005,0.09455680681151665,2.6288061062253587,0.10154062872082181,3.973888365292108,0.9981515407562256,train
5503,42,0.03567684604444924,0.13801107412460023,2.3675360426944194,0.09985045947719078,3.0404810104072935,0.9994463920593262,train
5504,42,0.02155808330353169,0.15459150335870592,2.907494016295056,0.18911305134379539,3.2012904466042356,0.9974619150161743,test
5505,42,0.03542394980963964,0.13387903585563238,3.9510017256483714,0.11814952709579611,3.8236857499337233,1.0013419389724731,val
5506,42,0.04578924824706051,0.06666001619641261,3.864403660530794,0.19773619144394433,3.5346854905236906,0.997355043888092,ood_test
5507,42,0.022587790792552388,0.06066235708073792,2.085672089467203,0.0822075143333308,3.2820538401955544,1.0009644031524658,train
5508,42,0.0496674950968064,0.07220130905592813,2.845974902854916,0.10748349862286513,3.4929967486724296,0.9961059093475342,ood_test
5509,42,0.04596229715347874,0.1252302908388393,2.6201532475769698,0.1758075850227241,3.058653044572041,0.9987194538116455,ood_test
5510,42,0.03408804651259727,0.19006075270855982,3.316533276530079,0.14654322103107195,2.820513747438511,0.9984210729598999,train
5511,42,0.03700406620375986,0.15179427479067695,2.3206608863705034,0.16313841350305575,2.5852064899212737,1.002898931503296,train
5512,42,0.04990007487505052,0.18348234192340324,2.707256783449825,0.11069201267600542,2.5295414994044685,0.9998753070831299,ood_test
5513,42,0.028966134906737738,0.09467627529639891,3.7543030256570455,0.10917623550182584,3.9016479628995446,1.003505825996399,train
5514,42,0.03443529604091129,0.10324544859040805,3.9710545040377094,0.1186971120459015,3.8703487567194172,0.9960834383964539,train
5515,42,0.02245150185988424,0.05252726861222279,3.229235162359181,0.17679660874855996,3.9862501382593294,0.9983128309249878,train
5516,42,0.023935835378314084,0.16876740970792053,3.2007637968266147,0.1130104222857963,3.3911553767828106,1.000945806503296,val
5517,42,0.030734631180674522,0.07056227070906895,3.2830675325037513,0.13610293687118769,3.72457354029693,1.0007493495941162,train
5518,42,0.04611431726370542,0.08020616236375752,2.8088057645164994,0.10184512476718662,3.4620767602576357,0.9992783665657043,ood_test
5519,42,0.026633570134591618,0.0768678086057541,3.1409395970290404,0.1943807880857105,2.595205181488404,0.999612033367157,train
5520,42,0.043019308562305444,0.10039348030719192,3.4041213861471533,0.19580569289662658,3.9585250163520396,1.0053669214248657,val
5521,42,0.033705760263581075,0.1354108757546657,3.484871077846842,0.09374781884958508,2.73529846633618,0.9992667436599731,test
5522,42,0.03788154221298046,0.07509903515127798,2.95573095765081,0.1597285266200409,3.1582599321744356,0.9998297691345215,val
5523,42,0.03887360001989207,0.17866953052491835,2.082908824004944,0.19222839981561624,2.970885428567729,1.0002745389938354,val
5524,42,0.040739173647534335,0.057654187548748334,3.2215427346904066,0.17836346549616885,2.5032819280992253,1.0002096891403198,train
5525,42,0.02750822341457937,0.1073103293207761,2.1268805353304527,0.14465203799166107,3.3934378587296092,0.9964277148246765,test
5526,42,0.04452608696601522,0.056749610089867376,3.977786670819469,0.13981037964032186,2.91380400989284,0.9997929334640503,ood_test
5527,42,0.022707780949583985,0.0892939097075765,3.890309782620911,0.15665155570157713,2.6504578395751444,0.9998607635498047,val
5528,42,0.024335178006639948,0.09315959295911849,2.937376139028521,0.18308118672912516,2.6238568952444385,1.0000708103179932,train
5529,42,0.03257699237267059,0.1782171359649698,2.494731170810077,0.1472947474309967,3.8414997150789327,0.9948119521141052,train
5530,42,0.03934586092169917,0.10481752854492055,2.691434246216878,0.11873548780742096,2.627996335931501,1.000534176826477,train
5531,42,0.030334480395939785,0.11011213611234846,2.211537243542982,0.16938765346748202,2.6169374868965036,0.9993939399719238,val
5532,42,0.025135987078865683,0.06975983870632248,2.4467708983401932,0.1542541609306222,2.9786914476730666,0.999796986579895,train
5533,42,0.030816123521279826,0.09076991836432097,2.959152221458979,0.0864696358822385,3.363194553255663,0.999809741973877,train
5534,42,0.023334432896193035,0.1367904612815161,2.6340762734724135,0.09777048723651519,3.3007407000933275,0.9982118606567383,val
5535,42,0.023895039915988188,0.16347458113451369,3.5485336061842587,0.1733274094586121,2.6174084732919547,0.9992396831512451,train
5536,42,0.020760669093773935,0.07374719261028556,2.292047834527155,0.15443661264541947,2.6287209917565417,0.9995715618133545,train
5537,42,0.02154743772938145,0.13678899689032364,3.815583854821553,0.08447324943932455,3.2095026384911036,0.9989641308784485,train
5538,42,0.03318172413931508,0.09853458479309513,3.5280280865644453,0.19813885698110664,3.146088866073642,1.0017828941345215,train
5539,42,0.02324435037526814,0.16986085729696498,2.0651227759832445,0.19027151910348233,3.6229763926432277,0.9986222982406616,train
5540,42,0.04050713286519683,0.06142335370013828,2.1917354828245754,0.16531199346038833,3.7834316923687976,0.9982916712760925,test
5541,42,0.03427438474662674,0.11549129015774962,2.2200962078232958,0.17628606895462728,2.8975089616696676,0.9995805025100708,val
5542,42,0.02325387925919096,0.14195831899426303,3.166169982886064,0.12870073509399488,2.940799241622632,0.9997978210449219,train
5543,42,0.036664593501356875,0.052053191638146,2.000156728942935,0.1842201577528082,3.4454305491302577,0.9991288185119629,train
5544,42,0.0343793140236332,0.12793833737055493,2.560967217301429,0.08037869346567172,3.2853891828021102,0.9975727796554565,train
5545,42,0.023021249879814135,0.19627451948698676,3.782028129371164,0.09749956285715679,3.7537218187585193,1.0012381076812744,val
5546,42,0.022865015212545865,0.051114058746684204,3.818010457225138,0.09119023251738702,3.4223283595204435,1.0013036727905273,test
5547,42,0.03281974151770993,0.09982051878241141,2.29909892769944,0.17027607820909174,3.043641958400387,0.9999058246612549,train
5548,42,0.04576675249807134,0.09773161890701809,3.8036549526099996,0.18294706679496398,3.7058424355009776,1.001163363456726,ood_test
5549,42,0.02237654414854454,0.0934798609648616,2.798354177760779,0.10057989501961555,3.103259820823205,1.0000284910202026,test
5550,42,0.022803450394356557,0.10746903643050788,2.343888742439056,0.10690488764130279,2.6987677021369,0.9996012449264526,val
5551,42,0.02677769246306252,0.08970396059508046,2.8830696758874508,0.16316150688645087,2.9227562669901226,1.0005708932876587,train
5552,42,0.02854858662222651,0.07757716624054463,2.24351301582941,0.18264748138593412,3.343274061247697,0.9999731779098511,val
5553,42,0.020694763141062854,0.18648662808597116,2.277625647426625,0.08635558534665047,3.149387485118517,0.999107837677002,train
5554,42,0.02395943093020967,0.154458886530224,2.3210905362070875,0.1339391602855293,3.6995563539669902,0.9994953870773315,train
5555,42,0.0404346728842967,0.15055658744897915,2.1320421394113565,0.11410862862368965,2.883989709276724,0.9972065687179565,train
5556,42,0.0461688202587241,0.1334839154336896,2.8420974038905564,0.14382804815329275,2.693078598368323,0.9979522228240967,ood_test
5557,42,0.04076706431789785,0.09640449273750905,3.0064212115080964,0.13593203229194328,3.766352187246177,0.9993549585342407,test
5558,42,0.024186200885243942,0.13013407353868942,3.8139737168142185,0.13891149121057333,2.7440107803060894,0.998913586139679,train
5559,42,0.02672619397086781,0.06259850927496378,2.1279057851226413,0.18848777694092061,2.7611866239973617,1.0002171993255615,train
5560,42,0.04707956322661004,0.14056772932885053,3.0390772190416886,0.14632433537350306,3.979598108684586,0.9963038563728333,ood_test
5561,42,0.04983127563440433,0.11989250752967671,2.1871444626728254,0.11381189051610291,3.090723155218191,1.0004456043243408,ood_test
5562,42,0.024661289472144916,0.16871773980911703,2.805783719997986,0.13543188640539539,2.988055512529652,0.99851393699646,train
5563,42,0.026952991367702024,0.10072542356278835,3.1054138103719415,0.11817488369379671,2.6044867890369576,0.9994452595710754,test
5564,42,0.047911920428297256,0.13334622707792965,2.418501725117162,0.18770542978276814,3.04858113251058,0.9969750642776489,ood_test
5565,42,0.033434186206741344,0.18365949479233518,3.4088864613434895,0.09922069730076857,2.6938706298535466,0.9986897706985474,train
5566,42,0.03787668035549453,0.09508470940081692,3.2727196450171743,0.13157675388327592,2.8938650865232454,1.0007222890853882,train
5567,42,0.0338708653252446,0.058368793225894305,2.3705817862324836,0.11951699642897387,3.114841789125314,1.0012520551681519,test
5568,42,0.048448651757464295,0.1430324213886807,3.4890685368228613,0.1314932735141722,3.081976012510447,1.0016331672668457,ood_test
5569,42,0.029636846070107026,0.11542312339579308,2.66463145960734,0.15195279265525402,2.832108371932523,0.9995445013046265,test
5570,42,0.027457240207158177,0.09555013457835225,2.696462526250526,0.1811236823015976,3.362140587269365,0.9994715452194214,val
5571,42,0.0489134099427518,0.16005037627162305,3.930743703362297,0.11799023388942448,2.604593887013827,1.0003585815429688,ood_test
5572,42,0.030164031742535537,0.1454522001540382,3.9267725398494626,0.1565932221668554,3.605963201801444,1.0027339458465576,val
5573,42,0.028890244881541655,0.1326302769057186,3.096866385483216,0.10362912435812759,3.358720395690148,0.9995481371879578,train
5574,42,0.04142040678494223,0.12370071813111798,3.1795805556036973,0.1928805855888843,3.756105451750064,1.0013604164123535,train
5575,42,0.040226435800607335,0.1512880650499741,2.3739755337147197,0.08803740944071842,3.3124483552775805,1.0001674890518188,test
5576,42,0.042360874980346394,0.10432410916652206,3.397748512522381,0.18915224949662693,3.223548085795688,1.0009074211120605,train
5577,42,0.02374903659322247,0.11703582355066727,2.5993605171807355,0.1663857565769964,2.570545731699549,0.9991647005081177,train
5578,42,0.03579249835830717,0.07672301688905925,2.309477018691108,0.12618926911372333,3.2749495641208797,1.001867651939392,val
5579,42,0.03657624212198935,0.16426675629386928,2.1275862800495107,0.10428970723792452,3.6436932829354083,0.998520016670227,train
5580,42,0.028295962430494544,0.10635914265489801,2.3303294753694344,0.14181664816825684,3.392625626114607,1.0005671977996826,train
5581,42,0.03026250644521623,0.10649059808070299,2.752109659522911,0.08445140844565109,2.9081134819417778,1.0006422996520996,train
5582,42,0.04909474940420803,0.05107195430542306,3.012281498031178,0.11676947611293173,2.6589937173009326,1.0007538795471191,ood_test
5583,42,0.02500142604980621,0.1992530998187213,3.9233343232782114,0.14673916330590359,2.869535035101081,0.9992417097091675,test
5584,42,0.04705666043716461,0.1637592034399329,2.442337290235399,0.18388949673051574,2.8708453809144725,0.9997681975364685,ood_test
5585,42,0.04986403997506973,0.12140464466959286,2.7785825312881594,0.12361018666355601,3.632852162484621,1.0029480457305908,ood_test
5586,42,0.023054224265903412,0.05213347023961604,3.349063508388587,0.11592343120522114,3.543106751760029,0.9979034662246704,train
5587,42,0.041227765814714525,0.1749342895364096,2.953935764545979,0.13304153895997495,3.611173874849892,0.9997367858886719,train
5588,42,0.02514751616546176,0.07472759327735731,3.258982318005898,0.12464698744393132,3.171617436931607,0.9996446371078491,train
5589,42,0.04195589646364938,0.16213291354733522,3.367196200268186,0.08941921557280445,3.0779944244819353,0.9987702369689941,train
5590,42,0.04474807989238929,0.06448149608179198,3.40835101604349,0.15359408996767232,3.9621435734791697,0.9998552203178406,ood_test
5591,42,0.0419674242847554,0.11866074047878154,2.503302418556128,0.09482027579324652,3.8439220653898136,0.9983198642730713,val
5592,42,0.03230095181319282,0.11779269154627063,2.679479383784714,0.1122399912609314,2.7621317982957505,0.9995794296264648,train
5593,42,0.03413260635389521,0.18606572311113706,3.748266104471794,0.08799467129271349,3.443555241733795,1.0003859996795654,test
5594,42,0.03457414428410374,0.12812703192534197,3.972764107072879,0.09757416443473031,3.415135021734634,1.0018811225891113,train
5595,42,0.02388978556926294,0.1797161575252728,2.23550930618474,0.1727666707817428,3.8516437492397007,0.9990097284317017,val
5596,42,0.03657177681215204,0.13537798405845136,3.155397831120564,0.15809394429495977,3.6172261027292985,0.999281644821167,test
5597,42,0.03412506494562599,0.13643509308167906,3.924842428960774,0.18898296697863942,2.990558197750956,1.0024076700210571,train
5598,42,0.043007992418460615,0.06159562151479829,2.4273164313181437,0.08186608315024269,3.093882951524045,0.9999725818634033,train
5599,42,0.03249284561930802,0.08853663252777316,2.37220689086541,0.1712400160599504,3.2463930964954137,0.9987673163414001,train
5600,42,0.041022427726341154,0.16376713722837621,3.985790690787299,0.09403937943436705,3.9034336193969343,1.0008766651153564,train
5601,42,0.021104089800332432,0.1076016088182374,2.584973662921422,0.08743355375860062,3.9694666766287,1.001023530960083,test
5602,42,0.03285629141552762,0.0668669898132448,2.5334083431795262,0.19265054979426033,3.9573156714476143,0.9983005523681641,train
5603,42,0.022426783767849637,0.09477298571813261,2.425327891333162,0.084903941352073,3.1262874260478717,0.999273419380188,train
5604,42,0.029893139120773696,0.11210996313582824,3.8636373102438677,0.1689414061571018,2.5641384235030835,1.000499963760376,train
5605,42,0.0450592174905987,0.18783181960337364,3.340688669760591,0.183675888371092,3.0842804286144556,1.002097249031067,ood_test
5606,42,0.04314344800322714,0.12940490093324486,3.5857712875886962,0.17436090918308916,2.852723460202578,1.0020556449890137,train
5607,42,0.04082927522492441,0.12677835273409455,2.84433125884952,0.13481573014539316,3.6920183336815713,0.9980714917182922,train
5608,42,0.044397346383010405,0.06244830099204309,3.858845626005253,0.17761347632177504,2.917983014477554,0.99879390001297,ood_test
5609,42,0.04784105514648441,0.14027978315674736,2.8537277893122406,0.17375653419033638,3.887953052161876,1.0011565685272217,ood_test
5610,42,0.03950283518212235,0.06469835593182559,2.5136272966435653,0.08859365005631196,3.153164067283731,0.9995706677436829,train
5611,42,0.0413082289386796,0.1271897045595513,2.6378468170802236,0.11931306375044673,3.9074929723961778,1.0015223026275635,train
5612,42,0.02872629395493654,0.08605314845129738,3.8103855516018172,0.10091460170863159,2.8322777788064655,1.000623106956482,train
5613,42,0.03349079456797789,0.07834246648914354,3.4933561731720966,0.12528950676048742,3.849516143198266,1.0017260313034058,train
5614,42,0.04500963725165835,0.10481254666381791,3.3307358176095505,0.12045049935286796,2.8433964019816136,0.997646689414978,ood_test
5615,42,0.03417950730806514,0.08223200383171075,2.7240551926725307,0.09358942978173901,3.2002119891261023,1.0007264614105225,train
5616,42,0.026745563429701573,0.08323246334734091,2.0751513257906584,0.16754183570235864,3.0368779223601274,0.9976296424865723,train
5617,42,0.02476309813003686,0.10282066510068849,3.226049300583471,0.17406468728393995,3.721004539853798,1.001556158065796,test
5618,42,0.03049599559704978,0.05095472663319136,3.232961334292905,0.10011234441649153,2.750202465890267,0.9999240636825562,test
5619,42,0.03970501892912077,0.19359213841055523,3.6196549726213583,0.1323743041034713,3.4256009954501865,0.9970564246177673,train
5620,42,0.021438693331440436,0.17835709033758307,2.371696806390438,0.17424255921156692,2.9195613516953136,1.0004017353057861,val
5621,42,0.033758704526429414,0.0609682133904353,3.6622017041048793,0.17288883763292012,3.860194583861598,0.9996017217636108,train
5622,42,0.03950065527807406,0.1698993445247459,2.396622899067607,0.19846252326678432,2.904257627664695,1.0008234977722168,train
5623,42,0.024051367885568983,0.17106690639888872,2.060590003601116,0.08393283232924519,3.2187288230423388,0.9983799457550049,train
5624,42,0.021923004739971715,0.10370594320315325,2.312976976378675,0.14824989448671194,3.8527153958260634,1.0006599426269531,train
5625,42,0.04780168991804265,0.08140409089957301,2.172865147816445,0.13373235389944396,3.8842409783047813,1.0007846355438232,ood_test
5626,42,0.04731336492771068,0.0703318548289068,3.0136431910100834,0.18177619136145823,3.6425371956682815,0.9997169971466064,ood_test
5627,42,0.046616938334486796,0.1195305095474284,3.0218369187622045,0.1788929655861064,3.752617343272361,0.9975782632827759,ood_test
5628,42,0.023423387683000632,0.18464229327459397,2.490138186284833,0.12386505419860692,2.7552063928142982,1.0007808208465576,train
5629,42,0.04647934823122285,0.17623195133494196,3.5815750495903647,0.18891815559261202,3.9069749672273266,1.0015292167663574,ood_test
5630,42,0.024122354780282546,0.1467336629606153,3.8912624547615384,0.17318567870478777,2.5653468002858366,1.0005985498428345,train
5631,42,0.04273863779942603,0.09564046405506234,3.516102647945952,0.1435185131794589,3.6042372546232855,1.0016851425170898,test
5632,42,0.04293381871649785,0.06048780382156474,3.0613140347937366,0.10654718301228173,2.9145113079260145,1.0012030601501465,train
5633,42,0.042288759512257384,0.09491937396165764,3.6527718676487932,0.12223776179115334,3.4483936039871455,0.99896639585495,test
5634,42,0.03553645346048854,0.06002279108751937,3.0364790691386823,0.09831514654066068,3.9115571523653276,1.004289150238037,train
5635,42,0.03076683998981057,0.17379488123206355,2.376388219405655,0.17859378400922618,3.448695121833895,0.9964982271194458,train
5636,42,0.03115388334114029,0.11210306415541632,2.800996588486336,0.15247020951087603,3.4569414827889284,0.9997608661651611,train
5637,42,0.025696855340065432,0.07413188933707272,3.1972450192785478,0.11015842042300715,2.725125250414033,1.0015507936477661,train
5638,42,0.04638572777839271,0.11524980344544254,2.980178146254153,0.1986496461139982,2.797854708938803,0.9993856549263,ood_test
5639,42,0.03689425987594104,0.06518346060010884,3.9019212367295464,0.17147332609789573,2.8927448862045435,0.997641921043396,val
5640,42,0.04789109357084403,0.15511154406644537,2.6980953493596376,0.09128185394346659,3.4719093709169266,1.0004583597183228,ood_test
5641,42,0.025703180921715738,0.12258226644754777,2.0630376902634966,0.10824923224089732,3.24797065640196,1.0005825757980347,train
5642,42,0.024727888580950538,0.128788530622954,2.283526403710108,0.09829485178662997,2.774920014351924,1.0006917715072632,train
5643,42,0.036847641169331785,0.10682719867894522,3.2694078009944088,0.11189382716261034,2.565711544070604,0.9983881711959839,train
5644,42,0.04716880208509386,0.17277320416967168,3.3466361519590406,0.18085590836653764,3.539698975775989,1.001230239868164,ood_test
5645,42,0.028395747429509993,0.05708929567716142,3.3018428301163842,0.13921499540816112,3.9502121669907577,0.9971669912338257,train
5646,42,0.02728679411290112,0.148274902042245,3.4206179438045647,0.1650994705922797,3.38748571669657,1.0005414485931396,train
5647,42,0.032524666376034544,0.1127976700222442,3.4439342314837544,0.11537493292332904,3.2469119031341958,0.9997051954269409,train
5648,42,0.02237229580851303,0.19399903824141584,2.3729576671603283,0.09068801494016425,3.8854172748698574,1.0013391971588135,train
5649,42,0.020915138306084168,0.08760850906928153,2.0645365126897035,0.133273918997484,3.1910980416067796,0.9974185824394226,train
5650,42,0.021447629826355518,0.05212459951446746,2.6892522048944807,0.15784042767659062,3.407035755518284,1.0018770694732666,val
5651,42,0.03517573334727326,0.14281182599556352,3.3556255772493633,0.18968933607336524,3.417260292609167,1.0007216930389404,val
5652,42,0.020262515423429685,0.11427298052935064,2.284445062139325,0.19342518365013167,2.8742672789901045,1.000690221786499,val
5653,42,0.03804918063175099,0.08829712210700925,3.863665433511511,0.167463092322775,2.8119929584140593,0.9995270371437073,train
5654,42,0.045453162336452343,0.10305787167880422,3.6440068035583137,0.18899276627609893,3.812860517855647,1.000078797340393,ood_test
5655,42,0.027975494788035276,0.14814374174888728,2.1012175261261845,0.12684837294578707,3.664565148329828,0.997977614402771,val
5656,42,0.023563382056885844,0.10567818388109335,2.67197255797841,0.19562764146588146,3.7581621267750416,1.0013757944107056,train
5657,42,0.03117928119650014,0.0764494526898856,3.6582565750895197,0.19605826477283117,3.593176810855014,0.9969975352287292,train
5658,42,0.04859280201343616,0.10137878461818678,3.997017611733302,0.18779969932757468,2.816472853217927,0.9993038773536682,ood_test
5659,42,0.040078741849195465,0.19246700056796656,3.5887976861075916,0.18944678078684513,3.6087547450486213,1.0005533695220947,train
5660,42,0.024881720736783852,0.15791236146437773,3.793077041667383,0.1367943574249333,2.9517159354399323,0.9995875358581543,train
5661,42,0.02307744612000757,0.06278755366962739,2.5885264019429775,0.16036120669280754,3.087055974042272,0.9999186396598816,train
5662,42,0.0483759629035254,0.07131189810441226,3.6095340900070556,0.15903903384789808,3.907921415489814,1.001368522644043,ood_test
5663,42,0.029510726653888673,0.19134583075733774,2.963706611338438,0.12198171120902868,2.845243567039825,0.9989453554153442,train
5664,42,0.03028120604956846,0.09866463744750195,2.2023546873710034,0.08698053536780986,3.2827085616892155,1.0019464492797852,train
5665,42,0.030586565171104106,0.1844949999627042,3.6296292036254783,0.11615373775258778,3.493241067586826,1.0012925863265991,train
5666,42,0.04902227958157447,0.17438842572797725,2.6809964224648164,0.1499324413656779,3.7240114161532025,1.0013270378112793,ood_test
5667,42,0.038159678212872916,0.1615763839677849,3.247185634246886,0.15661470513240222,2.922390563482634,0.9997809529304504,test
5668,42,0.047708948443209845,0.10199073817883794,2.8816589495401095,0.18677313731668088,3.7028143955916475,0.9985558390617371,ood_test
5669,42,0.04504849198000756,0.1966845334895735,2.7462698936687255,0.08758915073251498,3.66619143881685,1.00131094455719,ood_test
5670,42,0.02275696807650461,0.15456563128154155,3.451978151774447,0.11766137719129027,3.1747372481885257,1.0004980564117432,train
5671,42,0.045318519627557396,0.15234832192217332,3.3750614879246617,0.16150372870791074,2.664170604081525,1.0010346174240112,ood_test
5672,42,0.048427195815800295,0.10538221200877786,3.7959739771951746,0.19001637731436505,3.1676588215348693,1.0020925998687744,ood_test
5673,42,0.048967945517331066,0.10838179941555362,2.49867653242287,0.18687884243934244,2.9407265882900173,1.0015053749084473,ood_test
5674,42,0.04332642311417495,0.141699212748422,3.7119388511057423,0.10931260344007587,3.654176552625593,0.9983895421028137,train
5675,42,0.047383425913048616,0.07611717986226359,3.0338413273874467,0.10660708192988291,3.6405626004521947,1.001516342163086,ood_test
5676,42,0.04047520692465009,0.05506740155678468,3.5625545535269123,0.147982515042902,3.1182560558592525,0.9975834488868713,train
5677,42,0.02759756345823656,0.13586940325615685,3.108250657347499,0.17603678816790425,3.60434333149233,0.9978640675544739,train
5678,42,0.04536617656955554,0.1948108040703893,3.1203651381943267,0.1234688003285927,2.5145004577145897,1.0015132427215576,ood_test
5679,42,0.04678538268672329,0.1293054695402991,2.034096542933642,0.18511294667346256,3.2987945633571654,1.0005781650543213,ood_test
5680,42,0.025860278615675133,0.09612783532863473,2.322561864770976,0.15154437187906772,2.5396789724287663,0.9999927878379822,test
5681,42,0.03334076105059797,0.17916711536473612,2.0440583933769023,0.17702194876706473,3.1334956852683566,0.9990168809890747,val
5682,42,0.0362935999942525,0.07335005061746157,3.432505525111816,0.1511864192791968,3.7636657713482258,1.0026352405548096,val
5683,42,0.03321406934575196,0.1960506598073099,2.2777063702247933,0.13431821337396857,3.1626413851816126,1.0023988485336304,val
5684,42,0.04143127836997278,0.12509399583834113,3.8245398093033036,0.18558687789629824,2.55729847372632,1.00086510181427,train
5685,42,0.03606171831483224,0.09299056968875213,2.9730633936502056,0.15126309199075577,2.8157316390557137,1.0014597177505493,train
5686,42,0.023245561742057046,0.185138348043293,3.3623833193870603,0.19488385554193022,3.775139715920136,0.9961583018302917,test
5687,42,0.02736799441344473,0.11826324770341895,3.203351231484328,0.08995468740096746,2.71111377598611,1.001103162765503,train
5688,42,0.03974201692736515,0.1313098878628417,2.2744800657814572,0.09122081865068442,2.9565240547767146,1.0000406503677368,train
5689,42,0.04464099647941172,0.051273269172501,3.5790553617746355,0.14694914300075748,3.613117410180204,0.997272253036499,ood_test
5690,42,0.031304481481946096,0.1896284276646346,3.1170836324624673,0.19481161546399475,3.3278886496261997,1.0005848407745361,train
5691,42,0.042844001439196824,0.08960979114189932,2.0884737213597937,0.1518880820084017,3.8260790684854165,1.0024333000183105,train
5692,42,0.04853170741749123,0.19481408411508422,2.777776123616079,0.08299280673698278,2.9971139050743068,1.0015970468521118,ood_test
5693,42,0.04982884114371666,0.09152159452596834,2.712118492554426,0.14699413030928116,3.392047528460975,1.0000803470611572,ood_test
5694,42,0.034860220178027035,0.06545060283926123,2.996999066164004,0.15442279369508347,3.255520646175844,1.0003471374511719,train
5695,42,0.04622794411005631,0.13593844484823597,2.2987809877872376,0.14087094683264284,3.882184126940298,1.00228750705719,ood_test
5696,42,0.026637471732758357,0.06774099694835475,3.4788716115077087,0.15054468951997108,3.847120593317924,1.0012928247451782,train
5697,42,0.04405727114590734,0.15969847432868411,2.1469007299484915,0.1479015264355823,3.8757516800080114,1.0036466121673584,ood_test
5698,42,0.03973477748486308,0.09812355741551455,2.1103738697683614,0.12858114390511394,3.9143456409816197,0.9946315288543701,train
5699,42,0.028843819570458482,0.09732275090950171,2.618304273948012,0.17874937846873734,3.6609857358420315,1.0014017820358276,train
5700,42,0.04676308991979058,0.12785045976555198,2.113731611597097,0.19049631154244445,3.175449006155728,0.9972500801086426,ood_test
5701,42,0.04580950545320686,0.0747006919303552,2.1284310407847133,0.12854306210899194,2.968814921339068,1.00151526927948,ood_test
5702,42,0.042491244740610536,0.15815421224663131,3.2236502774248588,0.11721880330917293,2.766161549515165,1.0009124279022217,test
5703,42,0.02901308662335267,0.13006177249420514,2.750974300192161,0.13697968865184412,3.088692300285568,0.9995893836021423,test
5704,42,0.023377698332147746,0.10793942720875589,2.336452304893861,0.09291962571945704,3.9494755685079266,1.0011537075042725,test
5705,42,0.030627927468479296,0.11866320936773707,2.8375505135580585,0.1450086115276777,3.7008244604906926,1.001571536064148,val
5706,42,0.03744295600719984,0.10612862299986829,2.7366895195588503,0.13176680380018357,3.607033141266353,0.9986846446990967,train
5707,42,0.03352236222941246,0.05675781961554822,2.2871764950450575,0.16967911756463372,3.220360709102265,0.9997760057449341,train
5708,42,0.04555882346282193,0.1677417416152029,2.10751516619067,0.19167046550928163,2.6065863792075987,1.000166893005371,ood_test
5709,42,0.04809180734027385,0.1227708648710774,3.6120739659698065,0.17503497522446415,3.9273089641987724,0.9987096190452576,ood_test
5710,42,0.02044688336480583,0.19271120170634998,3.3692135781994867,0.1263294938491095,3.0613406104745278,0.9984889030456543,train
5711,42,0.049735315115314364,0.11270871939019032,2.6372522780147634,0.18830393610579174,2.5511641873204836,0.9999104738235474,ood_test
5712,42,0.04215135844806346,0.1756709343335543,2.4597046826559126,0.11997521672748644,3.2625701590789093,0.9984097480773926,test
5713,42,0.022097571130839433,0.16137619170667616,2.273179104747339,0.1641139166749656,3.86029743832684,0.9971741437911987,train
5714,42,0.040896380291945464,0.19996379719196744,2.173672449341912,0.14550403465507422,2.682555777511876,1.0013365745544434,train
5715,42,0.045494336717035254,0.12785903646522886,3.511144725865279,0.1556271981089281,3.4502381497016508,1.000651478767395,ood_test
5716,42,0.03608001082529677,0.19627585591949553,3.067293654308659,0.10593153000790362,3.744355307019641,1.0012439489364624,train
5717,42,0.03735271225736065,0.19270257718605716,2.7299901055580507,0.08844855661956061,3.0443429978879517,1.0003199577331543,train
5718,42,0.03374873481910535,0.10004143085488557,2.226472948847971,0.16781408635247802,3.781444433988627,0.9990250468254089,train
5719,42,0.04260780378964567,0.1786364670779209,2.707457066634345,0.08603042063912632,2.9039540639179906,1.0017268657684326,train
5720,42,0.03507212537233759,0.14965114622628511,3.0493268645567655,0.17941475706505922,3.8774746045371087,1.0023763179779053,train
5721,42,0.0366684534808985,0.18561416591952323,3.6727849244367947,0.08747609651539497,2.94307128844917,0.9987474679946899,test
5722,42,0.04338628678112586,0.12260941783462953,3.813236468988258,0.183183728650897,3.5457539977790224,1.0002918243408203,train
5723,42,0.03231521659950013,0.18938020338216938,2.332122077587596,0.17961155504180754,3.2611872378965616,0.9996275901794434,val
5724,42,0.020704016746941976,0.19826058801274649,2.7703728482134666,0.19230049492500065,2.719224661991551,0.9991453886032104,train
5725,42,0.04016167279014989,0.08831519829316,3.6411097949415363,0.17623693670060858,3.7443832946497513,1.0023597478866577,train
5726,42,0.02809247050768443,0.13842085294453832,3.5941792710819245,0.08274817255737575,3.794952352741065,1.002350091934204,train
5727,42,0.020311078252158526,0.14487490295955788,3.663721446830543,0.15176526360256032,3.6604880235762254,0.9988579750061035,train
5728,42,0.03750236332844592,0.17549891285290264,3.6376378434561194,0.11281842923384819,2.869382146951019,0.9986853003501892,val
5729,42,0.031042636224204154,0.08889416075441611,3.090556338038875,0.12135901848820199,2.6236685341079613,0.9996260404586792,test
5730,42,0.029168366613266584,0.09799668007716021,2.2763616951799897,0.13318397388584385,3.7831941150305815,1.0003445148468018,test
5731,42,0.02122798327681782,0.12012292052214345,2.4979700411740144,0.13373029434882944,2.8403470761635226,1.0005042552947998,train
5732,42,0.04952807236230913,0.0976919815031213,3.89569776316697,0.08568812677143642,2.588423192652974,0.9997383952140808,ood_test
5733,42,0.048864906783585446,0.16733399239587537,2.123797159506575,0.11983770203811928,3.7580500658152016,0.9992138743400574,ood_test
5734,42,0.030606314182947666,0.19561103290809256,2.292651039070903,0.18497906375635229,3.7100388001604414,0.9981224536895752,val
5735,42,0.031357883053793764,0.06758067615698954,2.658175329151188,0.11266469819695787,2.527888497754051,1.0003132820129395,val
5736,42,0.04640108897323883,0.18851527525582923,2.0957049581513676,0.18057980748164207,2.617926376550049,1.0011379718780518,ood_test
5737,42,0.03600479136892695,0.1206884532059371,2.09842638522515,0.18302181398109868,2.9741313752968064,0.9978228807449341,train
5738,42,0.031103422804565448,0.10495664568485726,2.6192367103709673,0.15006217235545755,3.421254978250363,1.0005193948745728,val
5739,42,0.03706999636180204,0.16471083912285778,2.8898365740882483,0.11740848437941406,3.2081248691369377,1.0019497871398926,train
5740,42,0.04101311736542629,0.16584194371197686,3.965444523394276,0.12702260900441836,3.139655775160043,0.9976986646652222,train
5741,42,0.04626583002092874,0.14760748328184847,3.2187815346888504,0.18583687341372299,2.683086588028273,0.9984259605407715,ood_test
5742,42,0.04871904182815869,0.1794337689503822,3.000328031026407,0.13307648350952705,3.6384239367977647,1.0001438856124878,ood_test
5743,42,0.024627102505147255,0.167786735960759,2.067113702050087,0.15199251009375941,2.670101213743787,1.002941608428955,train
5744,42,0.020406620687823476,0.07909904024505393,2.657859038878043,0.16859642537673147,3.8471787692259043,0.9951879978179932,test
5745,42,0.024540725558686513,0.0811918071783593,3.2891426051864974,0.12609558227140596,3.9109307165151073,0.9987276792526245,train
5746,42,0.027480223395871244,0.07335813273405284,3.3597099998465456,0.11637085741580935,3.217857434147984,1.0005183219909668,val
5747,42,0.023110528292995522,0.07973601600809169,2.839161999174227,0.1441239212601191,2.653253428182654,0.9997684359550476,test
5748,42,0.046267131018271276,0.16318737814785556,2.3079965814435646,0.11373942126849809,3.1678893663652268,1.0031945705413818,ood_test
5749,42,0.02172223054645691,0.09016906362892224,2.6009447353286026,0.11609108763640408,2.8747445412242234,0.999330997467041,train
5750,42,0.04915566365296931,0.16431456625681196,3.71578613400061,0.18063095291638503,2.5211864031863014,1.0008506774902344,ood_test
5751,42,0.02051579174197602,0.15410967371463835,3.2015953458120876,0.13327614191318937,2.5241620110206804,0.9993591904640198,test
5752,42,0.020152523146112003,0.08685985608244885,3.8622293240677568,0.15811952579004426,3.635998748345565,0.9998723268508911,test
5753,42,0.040800323072873165,0.18601950158466235,3.896181826091067,0.16355340588519485,3.37169923171,0.9972890615463257,train
5754,42,0.043445162559622726,0.07386784507012938,3.8185633218371073,0.18248342715390684,2.6012901017816716,1.001922845840454,train
5755,42,0.02202651488898212,0.19017172857095616,2.938900210598308,0.11581783935335024,3.7087684314905234,1.0018476247787476,train
5756,42,0.036052013546753456,0.10041183140473901,2.620650354285667,0.14325573893226903,3.4020034818759735,0.9996057748794556,train
5757,42,0.025227017001449498,0.13181621511809932,3.266664476773027,0.08397458529427829,3.2899072690855133,1.000548005104065,val
5758,42,0.028005457044979434,0.1908361338210437,3.3884265660568382,0.08439468334333151,3.2216501061270852,0.9994975328445435,train
5759,42,0.0486596509269055,0.055328206102383794,2.9208143760942367,0.14956338046269702,3.205515311084782,1.000191569328308,ood_test
5760,42,0.021918003599836134,0.15009346538566837,3.2607087221980926,0.18747075911977878,2.9806366931537434,1.0004831552505493,train
5761,42,0.0428139933677882,0.13528919067599754,2.036078372300672,0.10317240826293213,2.862331090484796,0.9987639784812927,val
5762,42,0.039136150253954755,0.057156108382913,3.151818612289148,0.13515487909067472,2.947271888180995,1.0001249313354492,val
5763,42,0.0401082379620731,0.06690777948432276,3.0966853156427314,0.15751378991591986,2.6515948079250333,0.9985422492027283,train
5764,42,0.031841177622802586,0.1631959589159966,3.460179753077666,0.1681988867039685,2.8717001799074406,0.9989204406738281,train
5765,42,0.041716562190549956,0.07479721262238888,2.2626896383873576,0.1162759911670379,2.8150308658360412,1.0016915798187256,train
5766,42,0.03581848171096426,0.08312170188899723,3.463891078893245,0.1899674966214019,3.5872239821318175,1.0015549659729004,train
5767,42,0.04114275520825088,0.1809759219323006,2.8415527361247976,0.1758686189141382,3.2451951952076556,1.0028934478759766,train
5768,42,0.024112559080811433,0.1033176834552461,3.440462336587287,0.16884315858445437,3.0341762258369624,0.9972692728042603,train
5769,42,0.03624915499177962,0.11207679736577657,3.176997413642934,0.08890316550093356,3.0077899727874122,0.9992881417274475,test
5770,42,0.025622989979190037,0.14919029662386923,3.12719944424033,0.0829861837178156,2.5880418258169704,1.0015888214111328,test
5771,42,0.03627170190010121,0.0955674522535168,2.464155859096227,0.09593760990875662,3.7478936666836615,1.0013952255249023,train
5772,42,0.03431479934816563,0.16398764870545812,2.972723776399225,0.14901529500266583,2.8868098057248908,0.9972623586654663,test
5773,42,0.02798823195084697,0.19713144650049963,2.147941634272009,0.1788753811300871,2.5901581384937074,1.0021815299987793,train
5774,42,0.026851423897084656,0.10654774618583565,3.54628153532627,0.15175410778257054,3.261284773172369,0.9984952807426453,train
5775,42,0.041768469251995274,0.1808392164175061,2.838933861351152,0.13047658435886178,2.5708804083583026,1.000462293624878,train
5776,42,0.025500583384896074,0.1792251448769681,3.8810384032308263,0.08608901866578635,3.375780351212801,0.9996285438537598,val
5777,42,0.025034999137319457,0.17788701957912928,3.70497093154236,0.19091355982282954,3.0861740372373427,1.0004173517227173,train
5778,42,0.021291464646613984,0.17896143468403242,2.9631217457748917,0.0876124525316194,2.7754287917298175,1.0002195835113525,train
5779,42,0.025918135155693113,0.07126579149950525,3.948067150784998,0.1105869760850841,3.568808275656981,0.998996376991272,train
5780,42,0.02634246094951559,0.1435299090090164,2.196907517699917,0.10609741440396296,3.497319620098069,0.9969266653060913,test
5781,42,0.045996498364982256,0.17786403268724155,3.1087363546102273,0.11046927307884798,3.4950427902908388,1.0000624656677246,ood_test
5782,42,0.02726698501783944,0.12326968146177372,2.2611783604113733,0.1173412324944407,3.649961215915481,0.9999198913574219,train
5783,42,0.022292785943548797,0.13803054775847237,3.937325821232723,0.11016851775656876,2.520458264297115,0.9990444183349609,train
5784,42,0.049967874670160076,0.09751165294624714,2.455601948665569,0.11490684528580071,2.6138113671772425,0.9996476173400879,ood_test
5785,42,0.020738902314792515,0.09624583696147489,2.0703722137419236,0.10485555152604334,3.1846542090210908,1.0002723932266235,train
5786,42,0.033844119889885955,0.179725838040031,3.345052970436142,0.09941246249527338,3.0300556914594745,0.9991145133972168,test
5787,42,0.036555133520419655,0.13833948613382208,3.949199236741519,0.12307107881812672,2.693786731274367,0.9994059801101685,train
5788,42,0.04250817480903625,0.1654541119126247,2.6863242388721,0.12048038995698687,3.26787321761198,0.9990295767784119,train
5789,42,0.04493773125292851,0.18946990568787986,3.3100252337456837,0.1358790700858391,3.361586428369169,1.0002638101577759,ood_test
5790,42,0.04600977169941543,0.10567214675639186,2.9445222884975113,0.18667818378647813,3.337781111233672,1.0002760887145996,ood_test
5791,42,0.02162282305302662,0.05742935519376166,2.6050324912329446,0.10614053919980837,3.759929841993304,1.0008410215377808,train
5792,42,0.041343171546362814,0.1135913346074092,3.8297324848507577,0.18343090899883302,2.84835443930791,1.0011067390441895,val
5793,42,0.040930598715048186,0.18024629905109957,3.520922327719711,0.15358323499729987,3.648786088328956,1.0009591579437256,train
5794,42,0.027608467876285323,0.05273477562423089,3.40689778807137,0.18388541977995332,2.969358937572891,0.9989650845527649,train
5795,42,0.041480043591612406,0.13381727368055918,2.814189571947738,0.10269971875806617,3.337170186683748,1.000639796257019,train
5796,42,0.03551010064530642,0.07483574150444286,3.248771444682931,0.14369351620874024,3.374829269755941,1.0025815963745117,train
5797,42,0.04374609020457041,0.11305888071180863,2.1215418744671335,0.09830815172588071,2.8130756153437235,1.0013484954833984,train
5798,42,0.020111222505530008,0.17165814866131468,2.6085282885519674,0.10837713899154836,3.999757335422692,1.0020502805709839,train
5799,42,0.029243208882743135,0.13224305343321224,3.387549230227253,0.17471397810825678,2.834368811757029,0.9996744394302368,train
5800,42,0.046467242429957534,0.05820496794381796,2.6675222520909108,0.16825721911562094,2.9034453335835737,1.001473069190979,ood_test
5801,42,0.02144193533623819,0.0635173533720807,2.9735347165025505,0.19418214497059333,3.451032165750157,0.9963679909706116,train
5802,42,0.02558581492837869,0.05859458234516351,3.967692121691622,0.1598012899560233,3.3833322980585887,1.000746250152588,test
5803,42,0.041507055674571976,0.05130478532664656,3.8410277945378235,0.16094008531308646,3.311057216487616,1.0013461112976074,val
5804,42,0.02271718418493561,0.11645304009175714,3.7156548545731063,0.09016259100783304,3.32704402867275,0.9989763498306274,val
5805,42,0.03828214699349549,0.1321469103301477,3.623647974584665,0.14448290170183714,3.1518563646994617,0.9998757839202881,val
5806,42,0.029135747685927707,0.17525722356782658,3.5208351187783187,0.14880222945369354,3.851209510341951,1.001070499420166,train
5807,42,0.04758194249237255,0.15799586360114137,3.0131499409102407,0.10978330606978037,3.6273817007119353,0.9980623126029968,ood_test
5808,42,0.032455119781112735,0.15926653715762526,2.856818678281228,0.0979134759213719,3.806340438214032,1.0016286373138428,val
5809,42,0.03422612750560223,0.16380358428375708,2.257157315863389,0.11873234349368228,2.963867735109923,1.0002665519714355,test
5810,42,0.025291105021956407,0.07337774679619324,3.0573791943941324,0.1835683675264279,3.20054485338585,1.0006000995635986,test
5811,42,0.03407266144117904,0.07152048229584243,2.2836373854148877,0.0872150993780598,2.6350203135705867,0.9995341897010803,train
5812,42,0.037131991130801414,0.18166153890846892,3.5704264486182,0.16485116531809607,3.2516001693344165,0.9977377653121948,test
5813,42,0.04287279934917642,0.19615195658946355,2.4146631844791395,0.1593958164276002,3.7180908684088023,1.0021743774414062,train
5814,42,0.027123718303697694,0.09368275970407117,2.4915891759659194,0.09155501850317316,3.372712375754691,1.0006614923477173,val
5815,42,0.036111607984921856,0.06871037048188242,2.9094871878534314,0.11198245070139812,3.2072370445152334,0.9984455108642578,train
5816,42,0.03404741841219823,0.11100168481771161,2.577859383160574,0.09521368483510137,3.2704902507588947,1.0008171796798706,train
5817,42,0.041321051220404546,0.15874962891447691,3.4292289512945375,0.17381299228616373,3.6109784011628387,0.9992126822471619,train
5818,42,0.03701761159987387,0.13772155546456946,2.0345513552498042,0.1530549135863033,3.3188278256174044,0.9975702166557312,train
5819,42,0.039694885997151985,0.09038396864615067,3.947823938647958,0.19023855506200854,3.6094970912895246,0.9984879493713379,train
5820,42,0.03106323670453085,0.19265535363519376,3.42577344348783,0.18957736178262669,3.0188624283332715,1.0029988288879395,train
5821,42,0.0334376078160431,0.13265829111173594,3.914796972143538,0.1496634130584778,2.9693121714891655,1.0009303092956543,train
5822,42,0.049097419655349375,0.1781637670527892,3.191705751470432,0.09474631312819548,2.617467979851597,1.0000569820404053,ood_test
5823,42,0.02970106872302627,0.07808281654628371,2.445999933306262,0.1823852364015362,3.6926994010786593,0.994999885559082,train
5824,42,0.024188080293558057,0.14121883496164955,2.544181436639569,0.16458082700161744,3.4821311847005565,1.0033299922943115,train
5825,42,0.03486518914506536,0.13358078083428043,2.7896670729383723,0.08066496417709354,3.5347106959016146,0.9992195963859558,train
5826,42,0.03961364671124717,0.09313516612409631,3.2402280491399704,0.12180939720398186,3.8610289623088097,0.9996316432952881,train
5827,42,0.048567782994319325,0.1985501428422239,3.696535631840307,0.15648176554114562,3.1324914431629303,0.9998465180397034,ood_test
5828,42,0.03839747992615067,0.1527256157291733,2.17584427014857,0.10461313528850129,2.9944759494939532,0.998921811580658,val
5829,42,0.020791616110606023,0.09605112161559598,2.5990010783868707,0.12871191131259102,2.5706289770579214,0.9991025328636169,train
5830,42,0.0351162399540448,0.1617636145252448,2.578396187199824,0.08085143449563223,2.876683126697908,0.9994210004806519,train
5831,42,0.021179258316649942,0.08099468725528591,3.0049180808632414,0.19507184911138853,3.981242883020968,0.9977937936782837,test
5832,42,0.020473946799994616,0.17600151556180083,2.015290116491462,0.1062417568954239,3.9947210662098103,0.9999316334724426,train
5833,42,0.03220753278832148,0.18112083714746458,3.162508916542678,0.15320167295666376,2.7647321891091234,0.9976714849472046,test
5834,42,0.04129938639302125,0.16293976576766672,2.577272220321404,0.12893521268134844,3.537040047808464,0.9995499849319458,train
5835,42,0.044166170871665064,0.11955325692615157,2.4029735980011386,0.1984424849807791,3.730509575427472,0.9996907711029053,ood_test
5836,42,0.027513072173897868,0.174077900503595,2.740659680594608,0.1068430386230289,3.1621129849724614,1.0017834901809692,val
5837,42,0.02258518384432643,0.12183282686776178,2.4860729756755506,0.18334622094149292,2.985958813855513,0.9990922212600708,train
5838,42,0.04545251140768991,0.14162479129377742,2.7595641253061025,0.1471851012445772,2.9395261850825127,0.9993526935577393,ood_test
5839,42,0.025522565433259082,0.07255128556683871,3.3689319165230973,0.1821243074466779,3.5673337838432735,1.000354290008545,train
5840,42,0.03192734977605265,0.14169195050564506,2.8340872459426607,0.11368725706063051,2.6343474761299057,0.9982403516769409,test
5841,42,0.04436524757450237,0.19018161388259108,2.03304140025985,0.10097751557573312,3.6512492022497547,1.0001450777053833,ood_test
5842,42,0.02945475157079716,0.09636429634781307,2.894029899125568,0.13533783626590878,3.8072771367115466,1.0000423192977905,train
5843,42,0.02399144629825738,0.05858376550739562,2.8226391708774985,0.10327293279928168,3.8685995496952783,1.0004421472549438,train
5844,42,0.04673365617740825,0.11450902906875986,3.564779235143784,0.15224618929012823,3.7689052573862267,0.9991507530212402,ood_test
5845,42,0.036605141731916334,0.11646810563554422,2.732637198158324,0.1433161853432888,2.992252393777558,1.0001437664031982,train
5846,42,0.037455362630994304,0.05126041815655115,2.65653199622489,0.1043173783402152,3.3269754282703934,1.0012654066085815,val
5847,42,0.03419738956036988,0.1633016240890569,2.290193867991185,0.199554110740697,3.155353730751954,1.0058600902557373,train
5848,42,0.026912684754500798,0.19269063000220704,3.786119358364399,0.1819687748795806,2.9849786600042103,0.9986152052879333,train
5849,42,0.03682349261780236,0.15488236101071173,3.796989792853673,0.1762019387567268,3.01835690151902,1.0002684593200684,val
5850,42,0.04685832851371857,0.19846296634020877,2.4261468577374457,0.11904166123755264,3.427319249697808,0.9972317814826965,ood_test
5851,42,0.043158281497749695,0.06715353598545715,3.602280059297911,0.17513564673601362,3.1412989280278185,1.0004396438598633,train
5852,42,0.041260730132042456,0.13340895402404715,2.8465371366815644,0.08875153323634748,3.807394609416661,0.9974929094314575,val
5853,42,0.0400523135629585,0.05548164160273646,3.056357116926101,0.10980663306403408,2.616403341129407,0.9998583793640137,val
5854,42,0.02083109684838345,0.13210003845888046,2.7360253753963066,0.12193285024587189,2.8348766258197045,0.9990140199661255,train
5855,42,0.027979042878810024,0.1274520615355803,3.5907012846266317,0.11211879872759783,2.980380480668297,1.0013172626495361,train
5856,42,0.039904089515072357,0.05021480811171219,3.787708518546466,0.11869575175818436,3.7881466952060325,1.0010442733764648,train
5857,42,0.032924662711040574,0.11296120597176111,2.7423863330468548,0.1950201775984932,2.727013830345723,0.9992452263832092,train
5858,42,0.02452139981677269,0.08828355028540855,2.207297429319887,0.10018487349744523,2.8344852028143284,0.9997448325157166,train
5859,42,0.03228949995496956,0.15661028917816616,2.9531401291346624,0.19813625984955818,2.757122180477682,1.0015323162078857,train
5860,42,0.04990811471846132,0.1779651264284759,3.614559791435614,0.11738350586381675,3.912329032014378,0.9987156391143799,ood_test
5861,42,0.028266156377397753,0.18996616383092307,2.5207125300059308,0.11439303807428247,2.731854178228044,0.9992731213569641,train
5862,42,0.031562668456558696,0.19452388503255313,2.9628759078861315,0.11572775462397633,2.7679171469082666,1.0018041133880615,train
5863,42,0.02265221688274699,0.16713145322898154,3.8317100852535386,0.1332250428952126,3.7284226822107494,1.0001797676086426,train
5864,42,0.027827265040336953,0.10815157895378383,2.6788418922742396,0.12062353206580691,3.6655140066027356,0.9992061853408813,train
5865,42,0.04503749257004001,0.1452628064638177,2.757299784160626,0.18318903130281528,2.5273787897919657,0.9997838735580444,ood_test
5866,42,0.04363451816225475,0.06222842195521332,2.1639292925057205,0.13880107945415024,3.8272983310158075,1.0009084939956665,train
5867,42,0.04142201814962139,0.09047656511981272,2.565844555734584,0.08796598454058199,3.434371925676398,1.0009922981262207,val
5868,42,0.03164038875032578,0.06662891226929543,2.8810879179477715,0.17071698152529546,2.991527982984081,1.0027257204055786,val
5869,42,0.0462739920403645,0.13261180546356754,3.4030144615324884,0.11482712872217161,3.1805479813029907,0.998830258846283,ood_test
5870,42,0.045442292586944974,0.1584737934518906,3.937991529157002,0.16221072958087987,3.1503379129595075,1.0015019178390503,ood_test
5871,42,0.03688988050115331,0.17771899882432662,2.807965941715592,0.15428029349428762,3.9095654424861834,0.9959315061569214,train
5872,42,0.023178340685284307,0.1491752495251779,2.236028701239232,0.10040062207626109,3.2376311853267925,1.000229835510254,train
5873,42,0.0325303403058787,0.12442094912563097,3.725198122865873,0.19897214666462115,3.032696765128568,1.0015335083007812,train
5874,42,0.026703811440307042,0.1719609563087494,3.138266571021308,0.1841502946295872,2.9872116499451593,0.9967069625854492,train
5875,42,0.03035080308356171,0.15470674141186203,3.188374514968877,0.1667621688399426,3.0961016005096815,0.9989931583404541,train
5876,42,0.047119181918461664,0.09454772614477475,2.2112502521161908,0.138591459797229,3.8098102295981304,1.0002484321594238,ood_test
5877,42,0.03910733622114017,0.1984608438322325,3.288621665125592,0.17374156074215955,3.4719554494528553,0.9988389015197754,val
5878,42,0.020433460516926797,0.10619021885165733,2.6661402352303223,0.18005075564606332,2.7092839606844885,1.0001322031021118,train
5879,42,0.049513308175387495,0.18503824252542778,2.97245110108017,0.09737795478252442,3.849381089696978,0.9971321821212769,ood_test
5880,42,0.026791829300422378,0.12725458186501848,2.7692148653361803,0.1124377556693972,3.2060391320258015,1.0001927614212036,train
5881,42,0.03527334778230212,0.10112484909343983,2.7810650644334896,0.16514522761065742,3.586046992237554,0.9987667202949524,train
5882,42,0.03563052898469331,0.07512843415646109,2.625720068519474,0.08504101609308293,2.823273822249014,1.0002703666687012,train
5883,42,0.04116521805382557,0.17030594476442923,3.690613227167733,0.12178452172440946,3.773402283899039,0.9988632202148438,train
5884,42,0.031742294277399746,0.16743057768816447,2.2553579504432784,0.19921905789775662,3.818584093271649,0.9995946288108826,train
5885,42,0.028361066921876295,0.09418210278902081,2.4912630803028337,0.19309396456525268,3.0541418376520864,0.9980077743530273,val
5886,42,0.025357928395957408,0.17821975800579326,3.6146158375546635,0.12304276482945899,2.808662990814493,1.0008883476257324,train
5887,42,0.03170056355566506,0.06554992108643662,2.536120219485611,0.1650353654135014,2.799446519254806,0.9984971284866333,train
5888,42,0.03490801199177966,0.09244003768113657,2.7955164284813296,0.12421520862696656,3.5385064056162374,0.9963313341140747,train
5889,42,0.031683804262222684,0.1376355691353825,3.3192693584265367,0.1560843193743772,3.2732173235972444,0.9982790350914001,train
5890,42,0.041931464769245766,0.1992540663425849,3.8344741415362003,0.12818054200161783,2.6715423163937944,1.0010972023010254,train
5891,42,0.031260463883776866,0.05724240795157676,2.4612318334060217,0.17879432037086126,2.7605969030170896,0.999050498008728,test
5892,42,0.022422076019048096,0.1606615994927773,2.75877371901407,0.15259942811429944,3.4006551916733643,1.003026008605957,val
5893,42,0.02488906748874406,0.05385339152681352,2.450514001748086,0.1183538087831841,3.2632710529369495,1.001173734664917,train
5894,42,0.03649356089835948,0.1310988266510975,3.6200476060587397,0.1656781295171486,3.5055091035708594,1.000612735748291,train
5895,42,0.0467946280354982,0.17844142860896828,3.807972288220686,0.19668378088529964,3.1798377742016313,0.9989482164382935,ood_test
5896,42,0.028159217538341646,0.12837076160681643,3.067363437375821,0.15674290291124104,2.7315666706478354,0.9992862343788147,test
5897,42,0.04768004330952759,0.18733192929761727,3.3729934879714785,0.1769917458212923,3.6100324818634073,1.0018305778503418,ood_test
5898,42,0.031229987691680554,0.06194167363412796,2.294311268547232,0.09778109023901375,3.8486195384966866,0.999537467956543,train
5899,42,0.039950854045279816,0.17617756269233203,2.5832473625961265,0.19024826851851456,2.6193260003636367,1.0001375675201416,train
5900,42,0.04988476497270916,0.08849193543347653,2.1887017509806395,0.1712312886031947,3.0671457903366903,1.0017131567001343,ood_test
5901,42,0.02255810234796171,0.15726754364849488,2.5157509225200885,0.15587971676582862,3.5192734754838306,0.9973734617233276,val
5902,42,0.04341563008387943,0.11935927419279331,3.605972372716338,0.10321350078651836,3.0050269097470075,1.0009745359420776,train
5903,42,0.039195350405595575,0.19547708765994654,2.6150903411955304,0.17267072147239296,2.8248718022407133,1.0020415782928467,test
5904,42,0.02931783703438432,0.0650178697973935,2.5587455987743253,0.16648449488890127,2.885329944006225,0.9995149970054626,val
5905,42,0.028212895318246764,0.15698214185255271,3.8711172450708147,0.11592381354845754,3.40186156197446,0.9995744228363037,test
5906,42,0.03004030404963144,0.05271195401545756,3.3297808122674213,0.13041917017283217,3.0995998146355888,1.000134825706482,train
5907,42,0.02120173905416134,0.10088339732747481,3.532242729088852,0.09814007838832098,3.640243276107503,1.0003879070281982,train
5908,42,0.02891354201695511,0.17610222958154226,2.830213758305264,0.13680580771864528,3.3913598972392505,1.0020756721496582,test
5909,42,0.03058584083723706,0.1303866963039895,3.28314982368386,0.12404415904105778,2.876003025021255,1.000499963760376,val
5910,42,0.02130929265138492,0.1903667637711891,2.2864039990538405,0.11462939232524252,3.3911839670508668,0.9984269142150879,test
5911,42,0.03409087329022639,0.1118543034481633,2.6101530779925923,0.1464448025637467,2.5601149361401916,1.0011862516403198,val
5912,42,0.03744220752142392,0.13573225115448692,3.445316290144773,0.1197452240902058,2.7289670547842593,0.9999289512634277,train
5913,42,0.034585462462339484,0.1719314508494447,2.8370115994623797,0.16363582184933562,3.898444476692035,0.9983876943588257,train
5914,42,0.03562951451174677,0.05041755059115296,2.844752808815352,0.14488456809150985,3.1365092836004766,1.001267910003662,test
5915,42,0.020431169690177935,0.1673035720979531,2.4911263471861487,0.12150430552576501,2.8637947303351976,1.0004734992980957,train
5916,42,0.026388208490494114,0.18132685377393487,2.9834028307577647,0.09609128667615109,3.6077591713580945,1.0032389163970947,train
5917,42,0.03607778701733781,0.1664996935536987,2.4158900386510953,0.17003156046688572,2.6821194502058168,1.001517415046692,test
5918,42,0.03471201827109514,0.05621771502453979,3.8815477182258364,0.10441885534647172,2.819152470220842,0.9999268054962158,test
5919,42,0.020826252579860552,0.18956718237468234,2.9037911063019353,0.1033516698819438,2.947050632898437,1.0020450353622437,train
5920,42,0.03999156162886611,0.18921180119358227,3.5615328346105812,0.14937977687037113,2.7510719134124986,1.00132417678833,test
5921,42,0.026694856509360994,0.10351324907273673,2.5540008099118467,0.19238621580503595,3.6568994792284535,0.9992324113845825,val
5922,42,0.03330210511496111,0.05530579348798853,2.878535637490022,0.0840061126448196,3.2299999297542126,0.9999980926513672,val
5923,42,0.029904671752680453,0.062166173844831786,3.611986181435418,0.18469638627499788,3.015610417519719,1.0001970529556274,train
5924,42,0.046291841284112,0.18452018155733968,3.5371611248656336,0.1146439657940255,3.2456883923737765,1.0006392002105713,ood_test
5925,42,0.02832206917951642,0.15219313863134476,2.897028814776272,0.17008107055622773,2.927118514982659,1.0000990629196167,train
5926,42,0.024952399994051633,0.1988064310198862,3.2674500472486354,0.09501567469407778,3.7648047316194146,1.0006628036499023,train
5927,42,0.02962548832473131,0.06266040676213405,2.0475841074554375,0.10434959511589931,3.3253006904511118,1.0013426542282104,val
5928,42,0.024462460628871877,0.07909358545092578,2.491873842044349,0.11127830752508339,2.593158765477325,0.9988624453544617,val
5929,42,0.03367435536960797,0.1703797729695172,2.9845754090427974,0.1320383511001782,2.830164262285424,0.9986474514007568,train
5930,42,0.04188352919666526,0.14956765201102667,3.969420913876143,0.10924887544453743,2.8201456128001414,1.0003975629806519,val
5931,42,0.02703745082475558,0.05577277821282656,3.3217728585004194,0.1777188519104099,3.094302983339908,0.9972229599952698,train
5932,42,0.026871981401990506,0.1838823920352568,2.6253650497120278,0.08487921791294406,2.685792465207676,1.0008299350738525,val
5933,42,0.04667443978267051,0.144337005543049,3.8593874415882157,0.17030046369246432,2.500165607266014,1.0004769563674927,ood_test
5934,42,0.04317570587846394,0.06851706711213525,3.402907305835048,0.1278507633549814,2.694263269050706,1.0005067586898804,train
5935,42,0.043164080634918556,0.11771994241007393,2.1543951464855984,0.1459311968373075,2.8937557870905204,0.9993976354598999,train
5936,42,0.042324919336740506,0.0714736947208777,3.613756117797875,0.11591364869495471,3.296826106181781,1.000088095664978,train
5937,42,0.036054904444316395,0.06851374700614898,3.602976321604982,0.10625071775469279,3.3009862168306974,0.998978853225708,val
5938,42,0.030463286182887326,0.06729276527436474,2.144309478096787,0.12544073824194318,2.6980770607314484,1.0002717971801758,train
5939,42,0.042562547875739584,0.14983774871045874,3.328607496938071,0.09455268218052247,3.1832570775516036,0.9977333545684814,train
5940,42,0.048131638117702366,0.14730104127140708,3.766061758238026,0.09778959666117581,3.512140370709763,0.9987063407897949,ood_test
5941,42,0.025987381006041938,0.1907837010939067,2.412454954160728,0.11586348067022229,3.0952717563171337,0.9998940825462341,train
5942,42,0.03931600729732232,0.1715237453562195,2.0222927780529063,0.12457320470868449,3.6196691639095024,0.9995618462562561,val
5943,42,0.040154209884986775,0.14677022083641034,3.955990929216174,0.0928984342069346,3.0769867971728506,1.0009675025939941,train
5944,42,0.0382682900623368,0.08704097381473334,3.8667629042381177,0.08647569007825705,3.1642682753264957,1.000300407409668,train
5945,42,0.03825140259970468,0.19717207487982985,2.3087499611436044,0.08744863809906034,3.6711941018500127,0.9997060298919678,train
5946,42,0.023369422833730873,0.13909700094476599,2.398611080004895,0.09894706009876378,3.707805154028784,0.9971765279769897,test
5947,42,0.028311118141439877,0.13830470810579304,3.5006431526897215,0.15070905148604435,2.6605458956868957,1.0004774332046509,train
5948,42,0.030217890922588413,0.06650898154941842,2.2643604780496545,0.16409438149556532,2.9693941698484068,0.9986658096313477,train
5949,42,0.033374537965485826,0.10948193935582878,3.918384411489283,0.17200768325336557,2.5019926537387076,1.0010308027267456,train
5950,42,0.04299844944806166,0.16224497982068586,2.2402742644946736,0.1250197655997497,3.1371627359617262,1.0008177757263184,train
5951,42,0.036821893606643924,0.1621268638566405,2.7908551808846997,0.19513143298071067,3.6113278123037116,0.9985653758049011,train
5952,42,0.021791650418984912,0.11861987847884137,3.8848153421355693,0.19515339598485115,3.4748505660081737,0.9993629455566406,train
5953,42,0.03959000132993986,0.13110560427654244,2.3218179188992223,0.1289712147173327,2.8243894651487724,1.0013561248779297,test
5954,42,0.02855264832280428,0.1375805822289214,2.077930986207753,0.09839612784065895,2.5251711161601986,0.9986913204193115,train
5955,42,0.02340877777963333,0.1506168765900684,2.865060160557971,0.10919829096248351,3.213223201754997,1.001298189163208,test
5956,42,0.039858709594753634,0.14656757991626312,2.1162833578030362,0.10763189190910757,2.512754288501876,0.998610258102417,train
5957,42,0.0345569336637765,0.1255190923635744,2.6296618781222754,0.14932548968886922,2.6127820510209445,1.000460147857666,train
5958,42,0.020371433884326568,0.052694104401147024,2.2526644485756266,0.09573372420674837,2.7382184846953086,1.000335693359375,train
5959,42,0.04815109227367779,0.053533976190025895,3.7034311972825398,0.18688167944355707,2.783104309165577,0.9993686079978943,ood_test
5960,42,0.03988543124688949,0.16852915807365804,2.855009021490515,0.18738181822519007,3.8529321436312505,1.002068042755127,train
5961,42,0.04127677326884288,0.06591572778221766,2.372530977512505,0.11714470725375414,3.959083230568878,1.0005182027816772,test
5962,42,0.030482739007139104,0.06310944991311374,3.608978259513526,0.09018961922716724,2.626975108418017,0.9986593723297119,train
5963,42,0.026880844021161563,0.059477559919306755,2.394982317656169,0.11905481154672641,3.5248108530084505,1.0006930828094482,val
5964,42,0.044179557508151515,0.1562321684362688,2.6553813057033198,0.17730115917461534,3.741177495563205,0.9986293911933899,ood_test
5965,42,0.04421390407583335,0.13410633832531568,2.743983673345645,0.19035993689315056,2.5317493233460393,0.9999285340309143,ood_test
5966,42,0.0365882241094523,0.13008684311111135,2.728503853222808,0.19310235499564207,2.938152920195215,1.0014934539794922,train
5967,42,0.022712592357179536,0.12176441047276425,3.7751390520034924,0.13079209064444805,3.497182819023461,0.9972258806228638,train
5968,42,0.03682283073657063,0.1573660299769699,3.7927969414101534,0.12578953533077053,2.637669112945978,0.9999421834945679,train
5969,42,0.045049940447570935,0.1003369668040614,3.3609179941090934,0.11043498313626793,2.905282076890418,1.0008444786071777,ood_test
5970,42,0.025327629277557544,0.06664086279589213,3.672866414821378,0.08223288244068735,3.9821503937114855,1.0014677047729492,train
5971,42,0.033425847478772856,0.11151528536242208,3.638016141110076,0.18072402128613646,2.588874626978124,0.9987112879753113,train
5972,42,0.03848720296464138,0.19255141268282555,2.5821212644099267,0.09118735272491521,3.346908908570416,0.9995588064193726,train
5973,42,0.031678106057712735,0.17533510398780783,2.7046929648959237,0.13965185502040026,3.7264222532755573,1.0003405809402466,train
5974,42,0.04725753396268331,0.07408296372511679,2.267042343484588,0.14218105699160055,3.766733511566283,1.0009775161743164,ood_test
5975,42,0.04174188943017852,0.16258955865302957,3.348629386244657,0.14248499814308593,3.5900083682490704,1.0004513263702393,train
5976,42,0.022907076713955227,0.13662920655457259,3.6692846681974407,0.15836126594602157,3.150982718703032,1.0032386779785156,train
5977,42,0.03261559081567748,0.1332971286420536,2.704090722995806,0.185509246410408,2.54376229440958,1.0007209777832031,val
5978,42,0.020531281062182723,0.10754063273375679,3.635317660558063,0.0831859350144214,3.2454191102505767,1.0013110637664795,val
5979,42,0.021871657742375386,0.09658040563196224,3.9508646886656242,0.12716299302928397,3.544146843868112,1.0000932216644287,train
5980,42,0.0471024073115042,0.062415501531857896,3.42194921371609,0.13098288433647445,3.155528147548301,0.9984385371208191,ood_test
5981,42,0.021451701416032497,0.1309606870745142,2.0993660689649163,0.14231743169120886,3.4557964665402285,0.998799204826355,train
5982,42,0.03722314067817767,0.1397048085234488,3.538155660792043,0.15804463380647343,3.5249726583005137,1.0042839050292969,train
5983,42,0.04088381420566485,0.055973015553338085,3.4058048642659116,0.1467961085721647,2.8074812433378704,0.9975277185440063,test
5984,42,0.04629876635668021,0.1300807986142851,3.0199474586201243,0.1787650657831953,3.7808657594052555,1.000521183013916,ood_test
5985,42,0.023189738928744864,0.19030275923817008,2.4121964762537873,0.10450459742675801,3.032477549250279,1.0008275508880615,train
5986,42,0.04227852559516306,0.1849006248523108,2.380621489207144,0.14367709238683954,3.5778092004287387,0.9992619752883911,train
5987,42,0.028072322056494594,0.11101598934385401,2.1912583981692335,0.1753897065795159,2.5902816173198895,1.0022480487823486,test
5988,42,0.02812649043494883,0.19032150947515064,2.7614907668143083,0.1688472615051167,2.5190910228676446,0.9999963641166687,train
5989,42,0.03990539881485655,0.16934041066323213,2.1688152056484875,0.14131560680020167,3.591189156105602,0.9989745616912842,train
5990,42,0.030279674265491704,0.054639438109698624,2.392187699300071,0.09065685004912914,2.8297532706322657,0.9998898506164551,val
5991,42,0.02259976343360343,0.08245370812097276,2.9876953867087117,0.09484211587859859,3.427249207621208,0.9998528957366943,val
5992,42,0.030428072114563675,0.07592032020897097,3.2276471414124006,0.13200378946651337,3.4212022964504993,1.0012092590332031,train
5993,42,0.036012695256556405,0.1473677676770158,3.618098650385126,0.13787822823143459,2.663967237606364,1.0013647079467773,train
5994,42,0.046534061819060654,0.07755734023602112,3.262857448901846,0.0900625694967789,2.9640880929681104,1.000144124031067,ood_test
5995,42,0.032677860042091396,0.15117294954102933,3.3969321553819087,0.1675306179214502,2.815156649837143,1.0017898082733154,train
5996,42,0.038145332102963045,0.17094617153334513,3.4694525375462844,0.17191857984979947,2.719349361451811,0.9999858140945435,test
5997,42,0.03385434262536804,0.16612996618018472,3.8368178196910048,0.10743816003728837,3.1472751470970097,1.0027875900268555,train
5998,42,0.03956648354644207,0.1440577823316932,3.738095053574761,0.10812095860756138,3.9461901796217926,0.9993118047714233,train
5999,42,0.029840481859929206,0.12562120997995968,3.959317719745682,0.16024844818783984,3.6382082349618767,0.9994632601737976,train
