eval_set,sample_id,relative_l2_error,run_id,config_hash,claim
val,3,0.007057297509163618,phase2_eval_fbb30bb4fc_s42,fbb30bb4fc,claim1
val,16,0.019631827250123024,phase2_eval_fbb30bb4fc_s42,fbb30bb4fc,claim1
val,18,0.013696948066353798,phase2_eval_fbb30bb4fc_s42,fbb30bb4fc,claim1
val,27,0.01094080787152052,phase2_eval_fbb30bb4fc_s42,fbb30bb4fc,claim1
val,31,0.01341340783983469,phase2_eval_fbb30bb4fc_s42,fbb30bb4fc,claim1
val,34,0.04010480269789696,phase2_eval_fbb30bb4fc_s42,fbb30bb4fc,claim1
val,35,0.019917268306016922,phase2_eval_fbb30bb4fc_s42,fbb30bb4fc,claim1
val,48,0.007161695975810289,phase2_eval_fbb30bb4fc_s42,fbb30bb4fc,claim1
val,55,0.007564743980765343,phase2_eval_fbb30bb4fc_s42,fbb30bb4fc,claim1
val,56,0.009293911047279835,phase2_eval_fbb30bb4fc_s42,fbb30bb4fc,claim1
val,59,0.008786500431597233,phase2_eval_fbb30bb4fc_s42,fbb30bb4fc,claim1
val,60,0.07554171234369278,phase2_eval_fbb30bb4fc_s42,fbb30bb4fc,claim1
val,66,0.010849455371499062,phase2_eval_fbb30bb4fc_s42,fbb30bb4fc,claim1
val,72,0.02300458587706089,phase2_eval_fbb30bb4fc_s42,fbb30bb4fc,claim1
val,76,0.011122018098831177,phase2_eval_fbb30bb4fc_s42,fbb30bb4fc,claim1
val,78,0.014852913096547127,phase2_eval_fbb30bb4fc_s42,fbb30bb4fc,claim1
val,82,0.005985926371067762,phase2_eval_fbb30bb4fc_s42,fbb30bb4fc,claim1
val,93,0.0073716482147574425,phase2_eval_fbb30bb4fc_s42,fbb30bb4fc,claim1
val,99,0.0040988135151565075,phase2_eval_fbb30bb4fc_s42,fbb30bb4fc,claim1
val,103,0.013435380533337593,phase2_eval_fbb30bb4fc_s42,fbb30bb4fc,claim1
val,110,0.0076417699456214905,phase2_eval_fbb30bb4fc_s42,fbb30bb4fc,claim1
val,111,0.033683329820632935,phase2_eval_fbb30bb4fc_s42,fbb30bb4fc,claim1
val,120,0.014656826853752136,phase2_eval_fbb30bb4fc_s42,fbb30bb4fc,claim1
val,123,0.01074092648923397,phase2_eval_fbb30bb4fc_s42,fbb30bb4fc,claim1
val,128,0.014243841171264648,phase2_eval_fbb30bb4fc_s42,fbb30bb4fc,claim1
val,132,0.01781858690083027,phase2_eval_fbb30bb4fc_s42,fbb30bb4fc,claim1
val,135,0.006303476635366678,phase2_eval_fbb30bb4fc_s42,fbb30bb4fc,claim1
val,143,0.024801572784781456,phase2_eval_fbb30bb4fc_s42,fbb30bb4fc,claim1
val,150,0.022264542058110237,phase2_eval_fbb30bb4fc_s42,fbb30bb4fc,claim1
val,155,0.012397960759699345,phase2_eval_fbb30bb4fc_s42,fbb30bb4fc,claim1
val,162,0.014195052906870842,phase2_eval_fbb30bb4fc_s42,fbb30bb4fc,claim1
val,165,0.0113989794626832,phase2_eval_fbb30bb4fc_s42,fbb30bb4fc,claim1
val,182,0.06887567788362503,phase2_eval_fbb30bb4fc_s42,fbb30bb4fc,claim1
val,184,0.007138533052057028,phase2_eval_fbb30bb4fc_s42,fbb30bb4fc,claim1
val,186,0.008662614971399307,phase2_eval_fbb30bb4fc_s42,fbb30bb4fc,claim1
val,189,0.011767737567424774,phase2_eval_fbb30bb4fc_s42,fbb30bb4fc,claim1
val,204,0.019258717074990273,phase2_eval_fbb30bb4fc_s42,fbb30bb4fc,claim1
val,205,0.009850534610450268,phase2_eval_fbb30bb4fc_s42,fbb30bb4fc,claim1
val,214,0.009220157749950886,phase2_eval_fbb30bb4fc_s42,fbb30bb4fc,claim1
val,220,0.007351307198405266,phase2_eval_fbb30bb4fc_s42,fbb30bb4fc,claim1
val,223,0.009548578411340714,phase2_eval_fbb30bb4fc_s42,fbb30bb4fc,claim1
val,227,0.010724291205406189,phase2_eval_fbb30bb4fc_s42,fbb30bb4fc,claim1
val,228,0.010711166076362133,phase2_eval_fbb30bb4fc_s42,fbb30bb4fc,claim1
val,234,0.012766019441187382,phase2_eval_fbb30bb4fc_s42,fbb30bb4fc,claim1
val,236,0.007418620865792036,phase2_eval_fbb30bb4fc_s42,fbb30bb4fc,claim1
val,253,0.010057784616947174,phase2_eval_fbb30bb4fc_s42,fbb30bb4fc,claim1
val,260,0.02223147451877594,phase2_eval_fbb30bb4fc_s42,fbb30bb4fc,claim1
val,262,0.006244762800633907,phase2_eval_fbb30bb4fc_s42,fbb30bb4fc,claim1
val,272,0.010727464221417904,phase2_eval_fbb30bb4fc_s42,fbb30bb4fc,claim1
val,274,0.01786256954073906,phase2_eval_fbb30bb4fc_s42,fbb30bb4fc,claim1
val,282,0.01633954420685768,phase2_eval_fbb30bb4fc_s42,fbb30bb4fc,claim1
val,284,0.011559288017451763,phase2_eval_fbb30bb4fc_s42,fbb30bb4fc,claim1
val,290,0.0066589415073394775,phase2_eval_fbb30bb4fc_s42,fbb30bb4fc,claim1
val,298,0.005813886411488056,phase2_eval_fbb30bb4fc_s42,fbb30bb4fc,claim1
val,313,0.008199414238333702,phase2_eval_fbb30bb4fc_s42,fbb30bb4fc,claim1
val,318,0.007449483498930931,phase2_eval_fbb30bb4fc_s42,fbb30bb4fc,claim1
val,321,0.011444773524999619,phase2_eval_fbb30bb4fc_s42,fbb30bb4fc,claim1
val,322,0.02379746362566948,phase2_eval_fbb30bb4fc_s42,fbb30bb4fc,claim1
val,324,0.02231672592461109,phase2_eval_fbb30bb4fc_s42,fbb30bb4fc,claim1
val,329,0.007032707799226046,phase2_eval_fbb30bb4fc_s42,fbb30bb4fc,claim1
val,333,0.0064003728330135345,phase2_eval_fbb30bb4fc_s42,fbb30bb4fc,claim1
val,348,0.005044203717261553,phase2_eval_fbb30bb4fc_s42,fbb30bb4fc,claim1
val,349,0.009368037804961205,phase2_eval_fbb30bb4fc_s42,fbb30bb4fc,claim1
val,358,0.011868043802678585,phase2_eval_fbb30bb4fc_s42,fbb30bb4fc,claim1
val,359,0.012121522799134254,phase2_eval_fbb30bb4fc_s42,fbb30bb4fc,claim1
val,368,0.011576695367693901,phase2_eval_fbb30bb4fc_s42,fbb30bb4fc,claim1
val,369,0.004909655544906855,phase2_eval_fbb30bb4fc_s42,fbb30bb4fc,claim1
val,376,0.017719803377985954,phase2_eval_fbb30bb4fc_s42,fbb30bb4fc,claim1
val,378,0.02209930494427681,phase2_eval_fbb30bb4fc_s42,fbb30bb4fc,claim1
val,379,0.012216742150485516,phase2_eval_fbb30bb4fc_s42,fbb30bb4fc,claim1
val,399,0.006974465679377317,phase2_eval_fbb30bb4fc_s42,fbb30bb4fc,claim1
val,401,0.010663158260285854,phase2_eval_fbb30bb4fc_s42,fbb30bb4fc,claim1
val,412,0.01689392887055874,phase2_eval_fbb30bb4fc_s42,fbb30bb4fc,claim1
val,413,0.0070467181503772736,phase2_eval_fbb30bb4fc_s42,fbb30bb4fc,claim1
val,415,0.00817753653973341,phase2_eval_fbb30bb4fc_s42,fbb30bb4fc,claim1
val,417,0.005158303305506706,phase2_eval_fbb30bb4fc_s42,fbb30bb4fc,claim1
val,422,0.010722295381128788,phase2_eval_fbb30bb4fc_s42,fbb30bb4fc,claim1
val,439,0.01375875435769558,phase2_eval_fbb30bb4fc_s42,fbb30bb4fc,claim1
val,442,0.012325704097747803,phase2_eval_fbb30bb4fc_s42,fbb30bb4fc,claim1
val,483,0.015009528957307339,phase2_eval_fbb30bb4fc_s42,fbb30bb4fc,claim1
val,486,0.005269247572869062,phase2_eval_fbb30bb4fc_s42,fbb30bb4fc,claim1
val,492,0.005642520263791084,phase2_eval_fbb30bb4fc_s42,fbb30bb4fc,claim1
val,501,0.006513470318168402,phase2_eval_fbb30bb4fc_s42,fbb30bb4fc,claim1
val,520,0.005752431228756905,phase2_eval_fbb30bb4fc_s42,fbb30bb4fc,claim1
val,521,0.020119303837418556,phase2_eval_fbb30bb4fc_s42,fbb30bb4fc,claim1
val,523,0.008809213526546955,phase2_eval_fbb30bb4fc_s42,fbb30bb4fc,claim1
val,548,0.007808942813426256,phase2_eval_fbb30bb4fc_s42,fbb30bb4fc,claim1
val,553,0.017181452363729477,phase2_eval_fbb30bb4fc_s42,fbb30bb4fc,claim1
val,554,0.01658541150391102,phase2_eval_fbb30bb4fc_s42,fbb30bb4fc,claim1
val,565,0.024097641929984093,phase2_eval_fbb30bb4fc_s42,fbb30bb4fc,claim1
val,567,0.017631659284234047,phase2_eval_fbb30bb4fc_s42,fbb30bb4fc,claim1
val,570,0.010122904554009438,phase2_eval_fbb30bb4fc_s42,fbb30bb4fc,claim1
val,574,0.055533040314912796,phase2_eval_fbb30bb4fc_s42,fbb30bb4fc,claim1
val,583,0.07908458262681961,phase2_eval_fbb30bb4fc_s42,fbb30bb4fc,claim1
val,587,0.022325370460748672,phase2_eval_fbb30bb4fc_s42,fbb30bb4fc,claim1
val,624,0.02868700586259365,phase2_eval_fbb30bb4fc_s42,fbb30bb4fc,claim1
val,632,0.005353386048227549,phase2_eval_fbb30bb4fc_s42,fbb30bb4fc,claim1
val,633,0.03870305418968201,phase2_eval_fbb30bb4fc_s42,fbb30bb4fc,claim1
val,636,0.0082011753693223,phase2_eval_fbb30bb4fc_s42,fbb30bb4fc,claim1
val,645,0.015018153935670853,phase2_eval_fbb30bb4fc_s42,fbb30bb4fc,claim1
val,656,0.007235371973365545,phase2_eval_fbb30bb4fc_s42,fbb30bb4fc,claim1
val,660,0.006231938023120165,phase2_eval_fbb30bb4fc_s42,fbb30bb4fc,claim1
val,678,0.013632395304739475,phase2_eval_fbb30bb4fc_s42,fbb30bb4fc,claim1
val,691,0.006219083908945322,phase2_eval_fbb30bb4fc_s42,fbb30bb4fc,claim1
val,692,0.006951000541448593,phase2_eval_fbb30bb4fc_s42,fbb30bb4fc,claim1
val,697,0.012818201445043087,phase2_eval_fbb30bb4fc_s42,fbb30bb4fc,claim1
val,724,0.01555844210088253,phase2_eval_fbb30bb4fc_s42,fbb30bb4fc,claim1
val,744,0.008492317982017994,phase2_eval_fbb30bb4fc_s42,fbb30bb4fc,claim1
val,758,0.01338158082216978,phase2_eval_fbb30bb4fc_s42,fbb30bb4fc,claim1
val,764,0.00886737834662199,phase2_eval_fbb30bb4fc_s42,fbb30bb4fc,claim1
val,773,0.016159402206540108,phase2_eval_fbb30bb4fc_s42,fbb30bb4fc,claim1
val,782,0.011800229549407959,phase2_eval_fbb30bb4fc_s42,fbb30bb4fc,claim1
val,784,0.005083451513200998,phase2_eval_fbb30bb4fc_s42,fbb30bb4fc,claim1
val,785,0.01515432633459568,phase2_eval_fbb30bb4fc_s42,fbb30bb4fc,claim1
val,790,0.008627690374851227,phase2_eval_fbb30bb4fc_s42,fbb30bb4fc,claim1
val,804,0.016755083575844765,phase2_eval_fbb30bb4fc_s42,fbb30bb4fc,claim1
val,808,0.015444885939359665,phase2_eval_fbb30bb4fc_s42,fbb30bb4fc,claim1
val,811,0.008459758944809437,phase2_eval_fbb30bb4fc_s42,fbb30bb4fc,claim1
val,819,0.020345639437437057,phase2_eval_fbb30bb4fc_s42,fbb30bb4fc,claim1
val,828,0.009297167882323265,phase2_eval_fbb30bb4fc_s42,fbb30bb4fc,claim1
val,841,0.019148588180541992,phase2_eval_fbb30bb4fc_s42,fbb30bb4fc,claim1
val,853,0.012822306714951992,phase2_eval_fbb30bb4fc_s42,fbb30bb4fc,claim1
val,858,0.018901031464338303,phase2_eval_fbb30bb4fc_s42,fbb30bb4fc,claim1
val,862,0.012540517374873161,phase2_eval_fbb30bb4fc_s42,fbb30bb4fc,claim1
val,870,0.007603783160448074,phase2_eval_fbb30bb4fc_s42,fbb30bb4fc,claim1
val,871,0.01184170600026846,phase2_eval_fbb30bb4fc_s42,fbb30bb4fc,claim1
val,877,0.00936934258788824,phase2_eval_fbb30bb4fc_s42,fbb30bb4fc,claim1
val,881,0.010120547376573086,phase2_eval_fbb30bb4fc_s42,fbb30bb4fc,claim1
val,913,0.00798606313765049,phase2_eval_fbb30bb4fc_s42,fbb30bb4fc,claim1
val,917,0.009373732842504978,phase2_eval_fbb30bb4fc_s42,fbb30bb4fc,claim1
val,947,0.009213138371706009,phase2_eval_fbb30bb4fc_s42,fbb30bb4fc,claim1
val,985,0.006408895365893841,phase2_eval_fbb30bb4fc_s42,fbb30bb4fc,claim1
val,986,0.008912921883165836,phase2_eval_fbb30bb4fc_s42,fbb30bb4fc,claim1
val,988,0.03772171959280968,phase2_eval_fbb30bb4fc_s42,fbb30bb4fc,claim1
val,992,0.0075308033265173435,phase2_eval_fbb30bb4fc_s42,fbb30bb4fc,claim1
val,996,0.012399946339428425,phase2_eval_fbb30bb4fc_s42,fbb30bb4fc,claim1
val,998,0.008736671879887581,phase2_eval_fbb30bb4fc_s42,fbb30bb4fc,claim1
val,1025,0.009272677823901176,phase2_eval_fbb30bb4fc_s42,fbb30bb4fc,claim1
val,1026,0.01206168532371521,phase2_eval_fbb30bb4fc_s42,fbb30bb4fc,claim1
val,1033,0.012458673678338528,phase2_eval_fbb30bb4fc_s42,fbb30bb4fc,claim1
val,1034,0.02258773148059845,phase2_eval_fbb30bb4fc_s42,fbb30bb4fc,claim1
val,1039,0.01731960102915764,phase2_eval_fbb30bb4fc_s42,fbb30bb4fc,claim1
val,1042,0.007855832576751709,phase2_eval_fbb30bb4fc_s42,fbb30bb4fc,claim1
val,1045,0.015103627927601337,phase2_eval_fbb30bb4fc_s42,fbb30bb4fc,claim1
val,1047,0.007089846767485142,phase2_eval_fbb30bb4fc_s42,fbb30bb4fc,claim1
val,1048,0.015357420779764652,phase2_eval_fbb30bb4fc_s42,fbb30bb4fc,claim1
val,1062,0.017508601769804955,phase2_eval_fbb30bb4fc_s42,fbb30bb4fc,claim1
val,1064,0.0076497080735862255,phase2_eval_fbb30bb4fc_s42,fbb30bb4fc,claim1
val,1074,0.010193484835326672,phase2_eval_fbb30bb4fc_s42,fbb30bb4fc,claim1
val,1078,0.019269973039627075,phase2_eval_fbb30bb4fc_s42,fbb30bb4fc,claim1
val,1079,0.006535773165524006,phase2_eval_fbb30bb4fc_s42,fbb30bb4fc,claim1
val,1084,0.011416694149374962,phase2_eval_fbb30bb4fc_s42,fbb30bb4fc,claim1
val,1087,0.010354305617511272,phase2_eval_fbb30bb4fc_s42,fbb30bb4fc,claim1
val,1103,0.0147905508056283,phase2_eval_fbb30bb4fc_s42,fbb30bb4fc,claim1
val,1110,0.01298411376774311,phase2_eval_fbb30bb4fc_s42,fbb30bb4fc,claim1
val,1118,0.008022007532417774,phase2_eval_fbb30bb4fc_s42,fbb30bb4fc,claim1
val,1119,0.029430396854877472,phase2_eval_fbb30bb4fc_s42,fbb30bb4fc,claim1
val,1121,0.009777743369340897,phase2_eval_fbb30bb4fc_s42,fbb30bb4fc,claim1
val,1126,0.007916840724647045,phase2_eval_fbb30bb4fc_s42,fbb30bb4fc,claim1
val,1134,0.035826098173856735,phase2_eval_fbb30bb4fc_s42,fbb30bb4fc,claim1
val,1165,0.015360097400844097,phase2_eval_fbb30bb4fc_s42,fbb30bb4fc,claim1
val,1168,0.04796705022454262,phase2_eval_fbb30bb4fc_s42,fbb30bb4fc,claim1
val,1172,0.03257019817829132,phase2_eval_fbb30bb4fc_s42,fbb30bb4fc,claim1
val,1174,0.00790419988334179,phase2_eval_fbb30bb4fc_s42,fbb30bb4fc,claim1
val,1175,0.009063254110515118,phase2_eval_fbb30bb4fc_s42,fbb30bb4fc,claim1
val,1177,0.009270631708204746,phase2_eval_fbb30bb4fc_s42,fbb30bb4fc,claim1
val,1179,0.012857037596404552,phase2_eval_fbb30bb4fc_s42,fbb30bb4fc,claim1
val,1180,0.009196851402521133,phase2_eval_fbb30bb4fc_s42,fbb30bb4fc,claim1
val,1187,0.006958832498639822,phase2_eval_fbb30bb4fc_s42,fbb30bb4fc,claim1
val,1194,0.04873349145054817,phase2_eval_fbb30bb4fc_s42,fbb30bb4fc,claim1
val,1214,0.010073238983750343,phase2_eval_fbb30bb4fc_s42,fbb30bb4fc,claim1
val,1231,0.007476230151951313,phase2_eval_fbb30bb4fc_s42,fbb30bb4fc,claim1
val,1254,0.013529432937502861,phase2_eval_fbb30bb4fc_s42,fbb30bb4fc,claim1
val,1263,0.01085330918431282,phase2_eval_fbb30bb4fc_s42,fbb30bb4fc,claim1
val,1266,0.015412572771310806,phase2_eval_fbb30bb4fc_s42,fbb30bb4fc,claim1
val,1270,0.01729545369744301,phase2_eval_fbb30bb4fc_s42,fbb30bb4fc,claim1
val,1295,0.007664403412491083,phase2_eval_fbb30bb4fc_s42,fbb30bb4fc,claim1
val,1297,0.007645644713193178,phase2_eval_fbb30bb4fc_s42,fbb30bb4fc,claim1
val,1299,0.010855793952941895,phase2_eval_fbb30bb4fc_s42,fbb30bb4fc,claim1
val,1313,0.04048752412199974,phase2_eval_fbb30bb4fc_s42,fbb30bb4fc,claim1
val,1325,0.008490567095577717,phase2_eval_fbb30bb4fc_s42,fbb30bb4fc,claim1
val,1327,0.02791241742670536,phase2_eval_fbb30bb4fc_s42,fbb30bb4fc,claim1
val,1343,0.020567376166582108,phase2_eval_fbb30bb4fc_s42,fbb30bb4fc,claim1
val,1354,0.007788945455104113,phase2_eval_fbb30bb4fc_s42,fbb30bb4fc,claim1
val,1396,0.040160298347473145,phase2_eval_fbb30bb4fc_s42,fbb30bb4fc,claim1
val,1398,0.006211145780980587,phase2_eval_fbb30bb4fc_s42,fbb30bb4fc,claim1
val,1403,0.0083511583507061,phase2_eval_fbb30bb4fc_s42,fbb30bb4fc,claim1
val,1418,0.027313582599163055,phase2_eval_fbb30bb4fc_s42,fbb30bb4fc,claim1
val,1423,0.022443629801273346,phase2_eval_fbb30bb4fc_s42,fbb30bb4fc,claim1
val,1442,0.00684934388846159,phase2_eval_fbb30bb4fc_s42,fbb30bb4fc,claim1
val,1443,0.006049289833754301,phase2_eval_fbb30bb4fc_s42,fbb30bb4fc,claim1
val,1444,0.006251083221286535,phase2_eval_fbb30bb4fc_s42,fbb30bb4fc,claim1
val,1450,0.00960582960397005,phase2_eval_fbb30bb4fc_s42,fbb30bb4fc,claim1
val,1452,0.008659012615680695,phase2_eval_fbb30bb4fc_s42,fbb30bb4fc,claim1
val,1458,0.008345702663064003,phase2_eval_fbb30bb4fc_s42,fbb30bb4fc,claim1
val,1462,0.009720034897327423,phase2_eval_fbb30bb4fc_s42,fbb30bb4fc,claim1
val,1488,0.009046023711562157,phase2_eval_fbb30bb4fc_s42,fbb30bb4fc,claim1
val,1502,0.008219528943300247,phase2_eval_fbb30bb4fc_s42,fbb30bb4fc,claim1
val,1505,0.007801597006618977,phase2_eval_fbb30bb4fc_s42,fbb30bb4fc,claim1
val,1507,0.008264758624136448,phase2_eval_fbb30bb4fc_s42,fbb30bb4fc,claim1
val,1509,0.01743967831134796,phase2_eval_fbb30bb4fc_s42,fbb30bb4fc,claim1
val,1518,0.011275465600192547,phase2_eval_fbb30bb4fc_s42,fbb30bb4fc,claim1
val,1520,0.010814618319272995,phase2_eval_fbb30bb4fc_s42,fbb30bb4fc,claim1
val,1527,0.034056492149829865,phase2_eval_fbb30bb4fc_s42,fbb30bb4fc,claim1
val,1534,0.004442182369530201,phase2_eval_fbb30bb4fc_s42,fbb30bb4fc,claim1
val,1540,0.023599356412887573,phase2_eval_fbb30bb4fc_s42,fbb30bb4fc,claim1
val,1545,0.01168463472276926,phase2_eval_fbb30bb4fc_s42,fbb30bb4fc,claim1
val,1550,0.052566561847925186,phase2_eval_fbb30bb4fc_s42,fbb30bb4fc,claim1
val,1556,0.011565936729311943,phase2_eval_fbb30bb4fc_s42,fbb30bb4fc,claim1
val,1564,0.00863873865455389,phase2_eval_fbb30bb4fc_s42,fbb30bb4fc,claim1
val,1565,0.009324478916823864,phase2_eval_fbb30bb4fc_s42,fbb30bb4fc,claim1
val,1573,0.0077936090528965,phase2_eval_fbb30bb4fc_s42,fbb30bb4fc,claim1
val,1597,0.014423362910747528,phase2_eval_fbb30bb4fc_s42,fbb30bb4fc,claim1
val,1601,0.015208638273179531,phase2_eval_fbb30bb4fc_s42,fbb30bb4fc,claim1
val,1614,0.012101895175874233,phase2_eval_fbb30bb4fc_s42,fbb30bb4fc,claim1
val,1636,0.007360517978668213,phase2_eval_fbb30bb4fc_s42,fbb30bb4fc,claim1
val,1675,0.007131507154554129,phase2_eval_fbb30bb4fc_s42,fbb30bb4fc,claim1
val,1701,0.006921627093106508,phase2_eval_fbb30bb4fc_s42,fbb30bb4fc,claim1
val,1706,0.010813647881150246,phase2_eval_fbb30bb4fc_s42,fbb30bb4fc,claim1
val,1715,0.01497868075966835,phase2_eval_fbb30bb4fc_s42,fbb30bb4fc,claim1
val,1722,0.011277985759079456,phase2_eval_fbb30bb4fc_s42,fbb30bb4fc,claim1
val,1723,0.012959797866642475,phase2_eval_fbb30bb4fc_s42,fbb30bb4fc,claim1
val,1744,0.011899063363671303,phase2_eval_fbb30bb4fc_s42,fbb30bb4fc,claim1
val,1745,0.01054500974714756,phase2_eval_fbb30bb4fc_s42,fbb30bb4fc,claim1
val,1746,0.01351371593773365,phase2_eval_fbb30bb4fc_s42,fbb30bb4fc,claim1
val,1752,0.015580861829221249,phase2_eval_fbb30bb4fc_s42,fbb30bb4fc,claim1
val,1756,0.024920351803302765,phase2_eval_fbb30bb4fc_s42,fbb30bb4fc,claim1
val,1773,0.015959223732352257,phase2_eval_fbb30bb4fc_s42,fbb30bb4fc,claim1
val,1776,0.006618484854698181,phase2_eval_fbb30bb4fc_s42,fbb30bb4fc,claim1
val,1795,0.006134220398962498,phase2_eval_fbb30bb4fc_s42,fbb30bb4fc,claim1
val,1802,0.006142499856650829,phase2_eval_fbb30bb4fc_s42,fbb30bb4fc,claim1
val,1804,0.011254926212131977,phase2_eval_fbb30bb4fc_s42,fbb30bb4fc,claim1
val,1806,0.008569523692131042,phase2_eval_fbb30bb4fc_s42,fbb30bb4fc,claim1
val,1817,0.023297838866710663,phase2_eval_fbb30bb4fc_s42,fbb30bb4fc,claim1
val,1824,0.03879208117723465,phase2_eval_fbb30bb4fc_s42,fbb30bb4fc,claim1
val,1827,0.01565108820796013,phase2_eval_fbb30bb4fc_s42,fbb30bb4fc,claim1
val,1834,0.021070098504424095,phase2_eval_fbb30bb4fc_s42,fbb30bb4fc,claim1
val,1840,0.022197140380740166,phase2_eval_fbb30bb4fc_s42,fbb30bb4fc,claim1
val,1842,0.046737100929021835,phase2_eval_fbb30bb4fc_s42,fbb30bb4fc,claim1
val,1884,0.0070281680673360825,phase2_eval_fbb30bb4fc_s42,fbb30bb4fc,claim1
val,1896,0.013852901756763458,phase2_eval_fbb30bb4fc_s42,fbb30bb4fc,claim1
val,1901,0.013012205250561237,phase2_eval_fbb30bb4fc_s42,fbb30bb4fc,claim1
val,1902,0.04736088961362839,phase2_eval_fbb30bb4fc_s42,fbb30bb4fc,claim1
val,1903,0.008307883515954018,phase2_eval_fbb30bb4fc_s42,fbb30bb4fc,claim1
val,1905,0.009431472979485989,phase2_eval_fbb30bb4fc_s42,fbb30bb4fc,claim1
val,1907,0.03431030362844467,phase2_eval_fbb30bb4fc_s42,fbb30bb4fc,claim1
val,1910,0.01249559223651886,phase2_eval_fbb30bb4fc_s42,fbb30bb4fc,claim1
val,1914,0.009984686970710754,phase2_eval_fbb30bb4fc_s42,fbb30bb4fc,claim1
val,1926,0.017503982409834862,phase2_eval_fbb30bb4fc_s42,fbb30bb4fc,claim1
val,1936,0.006912984885275364,phase2_eval_fbb30bb4fc_s42,fbb30bb4fc,claim1
val,1962,0.010290313512086868,phase2_eval_fbb30bb4fc_s42,fbb30bb4fc,claim1
val,1967,0.010479138232767582,phase2_eval_fbb30bb4fc_s42,fbb30bb4fc,claim1
val,1974,0.009232547134160995,phase2_eval_fbb30bb4fc_s42,fbb30bb4fc,claim1
val,1975,0.01043877936899662,phase2_eval_fbb30bb4fc_s42,fbb30bb4fc,claim1
val,1984,0.008298162370920181,phase2_eval_fbb30bb4fc_s42,fbb30bb4fc,claim1
val,2040,0.010792084038257599,phase2_eval_fbb30bb4fc_s42,fbb30bb4fc,claim1
val,2041,0.009197233244776726,phase2_eval_fbb30bb4fc_s42,fbb30bb4fc,claim1
val,2048,0.010607108473777771,phase2_eval_fbb30bb4fc_s42,fbb30bb4fc,claim1
val,2049,0.017757121473550797,phase2_eval_fbb30bb4fc_s42,fbb30bb4fc,claim1
val,2084,0.005435715429484844,phase2_eval_fbb30bb4fc_s42,fbb30bb4fc,claim1
val,2089,0.009744212031364441,phase2_eval_fbb30bb4fc_s42,fbb30bb4fc,claim1
val,2091,0.01728058233857155,phase2_eval_fbb30bb4fc_s42,fbb30bb4fc,claim1
val,2095,0.006749514956027269,phase2_eval_fbb30bb4fc_s42,fbb30bb4fc,claim1
val,2112,0.009421290829777718,phase2_eval_fbb30bb4fc_s42,fbb30bb4fc,claim1
val,2116,0.006151285488158464,phase2_eval_fbb30bb4fc_s42,fbb30bb4fc,claim1
val,2139,0.011335182003676891,phase2_eval_fbb30bb4fc_s42,fbb30bb4fc,claim1
val,2140,0.005616721697151661,phase2_eval_fbb30bb4fc_s42,fbb30bb4fc,claim1
val,2153,0.01122947596013546,phase2_eval_fbb30bb4fc_s42,fbb30bb4fc,claim1
val,2157,0.015403980389237404,phase2_eval_fbb30bb4fc_s42,fbb30bb4fc,claim1
val,2170,0.006431140936911106,phase2_eval_fbb30bb4fc_s42,fbb30bb4fc,claim1
val,2171,0.008679940365254879,phase2_eval_fbb30bb4fc_s42,fbb30bb4fc,claim1
val,2185,0.004660440143197775,phase2_eval_fbb30bb4fc_s42,fbb30bb4fc,claim1
val,2186,0.010472437366843224,phase2_eval_fbb30bb4fc_s42,fbb30bb4fc,claim1
val,2188,0.011682337149977684,phase2_eval_fbb30bb4fc_s42,fbb30bb4fc,claim1
val,2195,0.01795492134988308,phase2_eval_fbb30bb4fc_s42,fbb30bb4fc,claim1
val,2207,0.01312580518424511,phase2_eval_fbb30bb4fc_s42,fbb30bb4fc,claim1
val,2213,0.007010951638221741,phase2_eval_fbb30bb4fc_s42,fbb30bb4fc,claim1
val,2219,0.020513193681836128,phase2_eval_fbb30bb4fc_s42,fbb30bb4fc,claim1
val,2223,0.005652907770127058,phase2_eval_fbb30bb4fc_s42,fbb30bb4fc,claim1
val,2226,0.009725107811391354,phase2_eval_fbb30bb4fc_s42,fbb30bb4fc,claim1
val,2246,0.020000005140900612,phase2_eval_fbb30bb4fc_s42,fbb30bb4fc,claim1
val,2254,0.007872700691223145,phase2_eval_fbb30bb4fc_s42,fbb30bb4fc,claim1
val,2261,0.008407420478761196,phase2_eval_fbb30bb4fc_s42,fbb30bb4fc,claim1
val,2268,0.0111012551933527,phase2_eval_fbb30bb4fc_s42,fbb30bb4fc,claim1
val,2271,0.02418491803109646,phase2_eval_fbb30bb4fc_s42,fbb30bb4fc,claim1
val,2272,0.008458222262561321,phase2_eval_fbb30bb4fc_s42,fbb30bb4fc,claim1
val,2275,0.01699446700513363,phase2_eval_fbb30bb4fc_s42,fbb30bb4fc,claim1
val,2286,0.021465342491865158,phase2_eval_fbb30bb4fc_s42,fbb30bb4fc,claim1
val,2292,0.006882680580019951,phase2_eval_fbb30bb4fc_s42,fbb30bb4fc,claim1
val,2305,0.01045533362776041,phase2_eval_fbb30bb4fc_s42,fbb30bb4fc,claim1
val,2316,0.01883581466972828,phase2_eval_fbb30bb4fc_s42,fbb30bb4fc,claim1
val,2337,0.007728791330009699,phase2_eval_fbb30bb4fc_s42,fbb30bb4fc,claim1
val,2338,0.011669734492897987,phase2_eval_fbb30bb4fc_s42,fbb30bb4fc,claim1
val,2346,0.011120149865746498,phase2_eval_fbb30bb4fc_s42,fbb30bb4fc,claim1
val,2360,0.006336348131299019,phase2_eval_fbb30bb4fc_s42,fbb30bb4fc,claim1
val,2361,0.006189591251313686,phase2_eval_fbb30bb4fc_s42,fbb30bb4fc,claim1
val,2364,0.04568565636873245,phase2_eval_fbb30bb4fc_s42,fbb30bb4fc,claim1
val,2370,0.012338788248598576,phase2_eval_fbb30bb4fc_s42,fbb30bb4fc,claim1
val,2388,0.013177154585719109,phase2_eval_fbb30bb4fc_s42,fbb30bb4fc,claim1
val,2392,0.011355693452060223,phase2_eval_fbb30bb4fc_s42,fbb30bb4fc,claim1
val,2402,0.03632056713104248,phase2_eval_fbb30bb4fc_s42,fbb30bb4fc,claim1
val,2411,0.013963044621050358,phase2_eval_fbb30bb4fc_s42,fbb30bb4fc,claim1
val,2424,0.008709537796676159,phase2_eval_fbb30bb4fc_s42,fbb30bb4fc,claim1
val,2464,0.03257586807012558,phase2_eval_fbb30bb4fc_s42,fbb30bb4fc,claim1
val,2480,0.007426922675222158,phase2_eval_fbb30bb4fc_s42,fbb30bb4fc,claim1
val,2481,0.026464223861694336,phase2_eval_fbb30bb4fc_s42,fbb30bb4fc,claim1
val,2487,0.017893314361572266,phase2_eval_fbb30bb4fc_s42,fbb30bb4fc,claim1
val,2498,0.01979207433760166,phase2_eval_fbb30bb4fc_s42,fbb30bb4fc,claim1
val,2519,0.05899900197982788,phase2_eval_fbb30bb4fc_s42,fbb30bb4fc,claim1
val,2522,0.019446775317192078,phase2_eval_fbb30bb4fc_s42,fbb30bb4fc,claim1
val,2535,0.012189200147986412,phase2_eval_fbb30bb4fc_s42,fbb30bb4fc,claim1
val,2538,0.014097098261117935,phase2_eval_fbb30bb4fc_s42,fbb30bb4fc,claim1
val,2540,0.034154992550611496,phase2_eval_fbb30bb4fc_s42,fbb30bb4fc,claim1
val,2545,0.010585039854049683,phase2_eval_fbb30bb4fc_s42,fbb30bb4fc,claim1
val,2550,0.006827544420957565,phase2_eval_fbb30bb4fc_s42,fbb30bb4fc,claim1
val,2551,0.0052360775880515575,phase2_eval_fbb30bb4fc_s42,fbb30bb4fc,claim1
val,2554,0.028952931985259056,phase2_eval_fbb30bb4fc_s42,fbb30bb4fc,claim1
val,2579,0.009333595633506775,phase2_eval_fbb30bb4fc_s42,fbb30bb4fc,claim1
val,2587,0.01056091021746397,phase2_eval_fbb30bb4fc_s42,fbb30bb4fc,claim1
val,2598,0.015319696627557278,phase2_eval_fbb30bb4fc_s42,fbb30bb4fc,claim1
val,2599,0.015062347054481506,phase2_eval_fbb30bb4fc_s42,fbb30bb4fc,claim1
val,2615,0.04187581688165665,phase2_eval_fbb30bb4fc_s42,fbb30bb4fc,claim1
val,2633,0.010158313438296318,phase2_eval_fbb30bb4fc_s42,fbb30bb4fc,claim1
val,2636,0.01104687713086605,phase2_eval_fbb30bb4fc_s42,fbb30bb4fc,claim1
val,2658,0.007724191527813673,phase2_eval_fbb30bb4fc_s42,fbb30bb4fc,claim1
val,2685,0.010596789419651031,phase2_eval_fbb30bb4fc_s42,fbb30bb4fc,claim1
val,2692,0.01136755384504795,phase2_eval_fbb30bb4fc_s42,fbb30bb4fc,claim1
val,2694,0.008009297773241997,phase2_eval_fbb30bb4fc_s42,fbb30bb4fc,claim1
val,2701,0.018101025372743607,phase2_eval_fbb30bb4fc_s42,fbb30bb4fc,claim1
val,2714,0.010500553995370865,phase2_eval_fbb30bb4fc_s42,fbb30bb4fc,claim1
val,2717,0.0073642972856760025,phase2_eval_fbb30bb4fc_s42,fbb30bb4fc,claim1
val,2721,0.00904065277427435,phase2_eval_fbb30bb4fc_s42,fbb30bb4fc,claim1
val,2730,0.009434749372303486,phase2_eval_fbb30bb4fc_s42,fbb30bb4fc,claim1
val,2733,0.010229249484837055,phase2_eval_fbb30bb4fc_s42,fbb30bb4fc,claim1
val,2736,0.008639989420771599,phase2_eval_fbb30bb4fc_s42,fbb30bb4fc,claim1
val,2740,0.013485817238688469,phase2_eval_fbb30bb4fc_s42,fbb30bb4fc,claim1
val,2754,0.012651869095861912,phase2_eval_fbb30bb4fc_s42,fbb30bb4fc,claim1
val,2762,0.011847961694002151,phase2_eval_fbb30bb4fc_s42,fbb30bb4fc,claim1
val,2773,0.007058316841721535,phase2_eval_fbb30bb4fc_s42,fbb30bb4fc,claim1
val,2791,0.019139191135764122,phase2_eval_fbb30bb4fc_s42,fbb30bb4fc,claim1
val,2832,0.00917202327400446,phase2_eval_fbb30bb4fc_s42,fbb30bb4fc,claim1
val,2843,0.010844995267689228,phase2_eval_fbb30bb4fc_s42,fbb30bb4fc,claim1
val,2848,0.007894745096564293,phase2_eval_fbb30bb4fc_s42,fbb30bb4fc,claim1
val,2851,0.009147337637841702,phase2_eval_fbb30bb4fc_s42,fbb30bb4fc,claim1
val,2852,0.013048563152551651,phase2_eval_fbb30bb4fc_s42,fbb30bb4fc,claim1
val,2884,0.09356849640607834,phase2_eval_fbb30bb4fc_s42,fbb30bb4fc,claim1
val,2889,0.00513649545609951,phase2_eval_fbb30bb4fc_s42,fbb30bb4fc,claim1
val,2892,0.007668651174753904,phase2_eval_fbb30bb4fc_s42,fbb30bb4fc,claim1
val,2903,0.023896383121609688,phase2_eval_fbb30bb4fc_s42,fbb30bb4fc,claim1
val,2905,0.006147162057459354,phase2_eval_fbb30bb4fc_s42,fbb30bb4fc,claim1
val,2911,0.010544157586991787,phase2_eval_fbb30bb4fc_s42,fbb30bb4fc,claim1
val,2932,0.013234109617769718,phase2_eval_fbb30bb4fc_s42,fbb30bb4fc,claim1
val,2959,0.008490560576319695,phase2_eval_fbb30bb4fc_s42,fbb30bb4fc,claim1
val,2963,0.0132113266736269,phase2_eval_fbb30bb4fc_s42,fbb30bb4fc,claim1
val,2977,0.015008279122412205,phase2_eval_fbb30bb4fc_s42,fbb30bb4fc,claim1
val,3003,0.007774162571877241,phase2_eval_fbb30bb4fc_s42,fbb30bb4fc,claim1
val,3019,0.018087996169924736,phase2_eval_fbb30bb4fc_s42,fbb30bb4fc,claim1
val,3046,0.015719909220933914,phase2_eval_fbb30bb4fc_s42,fbb30bb4fc,claim1
val,3050,0.013001088984310627,phase2_eval_fbb30bb4fc_s42,fbb30bb4fc,claim1
val,3063,0.04771139472723007,phase2_eval_fbb30bb4fc_s42,fbb30bb4fc,claim1
val,3065,0.006839989218860865,phase2_eval_fbb30bb4fc_s42,fbb30bb4fc,claim1
val,3072,0.014543226920068264,phase2_eval_fbb30bb4fc_s42,fbb30bb4fc,claim1
val,3077,0.009535061195492744,phase2_eval_fbb30bb4fc_s42,fbb30bb4fc,claim1
val,3084,0.010393626056611538,phase2_eval_fbb30bb4fc_s42,fbb30bb4fc,claim1
val,3096,0.006550786551088095,phase2_eval_fbb30bb4fc_s42,fbb30bb4fc,claim1
val,3099,0.005826840177178383,phase2_eval_fbb30bb4fc_s42,fbb30bb4fc,claim1
val,3121,0.00743338605388999,phase2_eval_fbb30bb4fc_s42,fbb30bb4fc,claim1
val,3122,0.006466428283601999,phase2_eval_fbb30bb4fc_s42,fbb30bb4fc,claim1
val,3133,0.006906801834702492,phase2_eval_fbb30bb4fc_s42,fbb30bb4fc,claim1
val,3137,0.012202504090964794,phase2_eval_fbb30bb4fc_s42,fbb30bb4fc,claim1
val,3158,0.01979791931807995,phase2_eval_fbb30bb4fc_s42,fbb30bb4fc,claim1
val,3163,0.01666337065398693,phase2_eval_fbb30bb4fc_s42,fbb30bb4fc,claim1
val,3177,0.026870548725128174,phase2_eval_fbb30bb4fc_s42,fbb30bb4fc,claim1
val,3179,0.015036925673484802,phase2_eval_fbb30bb4fc_s42,fbb30bb4fc,claim1
val,3182,0.008740928955376148,phase2_eval_fbb30bb4fc_s42,fbb30bb4fc,claim1
val,3184,0.00964272953569889,phase2_eval_fbb30bb4fc_s42,fbb30bb4fc,claim1
val,3190,0.010017149150371552,phase2_eval_fbb30bb4fc_s42,fbb30bb4fc,claim1
val,3196,0.010437341406941414,phase2_eval_fbb30bb4fc_s42,fbb30bb4fc,claim1
val,3205,0.00934399664402008,phase2_eval_fbb30bb4fc_s42,fbb30bb4fc,claim1
val,3215,0.005520266946405172,phase2_eval_fbb30bb4fc_s42,fbb30bb4fc,claim1
val,3216,0.026799455285072327,phase2_eval_fbb30bb4fc_s42,fbb30bb4fc,claim1
val,3223,0.010130657814443111,phase2_eval_fbb30bb4fc_s42,fbb30bb4fc,claim1
val,3233,0.0069570294581353664,phase2_eval_fbb30bb4fc_s42,fbb30bb4fc,claim1
val,3235,0.0230525191873312,phase2_eval_fbb30bb4fc_s42,fbb30bb4fc,claim1
val,3238,0.00981156900525093,phase2_eval_fbb30bb4fc_s42,fbb30bb4fc,claim1
val,3241,0.03596206381917,phase2_eval_fbb30bb4fc_s42,fbb30bb4fc,claim1
val,3245,0.01568586938083172,phase2_eval_fbb30bb4fc_s42,fbb30bb4fc,claim1
val,3247,0.008572391234338284,phase2_eval_fbb30bb4fc_s42,fbb30bb4fc,claim1
val,3252,0.011797487735748291,phase2_eval_fbb30bb4fc_s42,fbb30bb4fc,claim1
val,3256,0.008623605594038963,phase2_eval_fbb30bb4fc_s42,fbb30bb4fc,claim1
val,3258,0.013063848949968815,phase2_eval_fbb30bb4fc_s42,fbb30bb4fc,claim1
val,3263,0.008723610080778599,phase2_eval_fbb30bb4fc_s42,fbb30bb4fc,claim1
val,3265,0.011465156450867653,phase2_eval_fbb30bb4fc_s42,fbb30bb4fc,claim1
val,3270,0.0073715397156775,phase2_eval_fbb30bb4fc_s42,fbb30bb4fc,claim1
val,3315,0.012144464068114758,phase2_eval_fbb30bb4fc_s42,fbb30bb4fc,claim1
val,3316,0.023216066882014275,phase2_eval_fbb30bb4fc_s42,fbb30bb4fc,claim1
val,3323,0.013470226898789406,phase2_eval_fbb30bb4fc_s42,fbb30bb4fc,claim1
val,3328,0.034155573695898056,phase2_eval_fbb30bb4fc_s42,fbb30bb4fc,claim1
val,3337,0.007493203040212393,phase2_eval_fbb30bb4fc_s42,fbb30bb4fc,claim1
val,3345,0.01122178416699171,phase2_eval_fbb30bb4fc_s42,fbb30bb4fc,claim1
val,3346,0.006309544667601585,phase2_eval_fbb30bb4fc_s42,fbb30bb4fc,claim1
val,3354,0.037811290472745895,phase2_eval_fbb30bb4fc_s42,fbb30bb4fc,claim1
val,3355,0.00487438915297389,phase2_eval_fbb30bb4fc_s42,fbb30bb4fc,claim1
val,3359,0.006032387260347605,phase2_eval_fbb30bb4fc_s42,fbb30bb4fc,claim1
val,3360,0.007341778837144375,phase2_eval_fbb30bb4fc_s42,fbb30bb4fc,claim1
val,3385,0.016462497413158417,phase2_eval_fbb30bb4fc_s42,fbb30bb4fc,claim1
val,3388,0.008464930579066277,phase2_eval_fbb30bb4fc_s42,fbb30bb4fc,claim1
val,3392,0.018097978085279465,phase2_eval_fbb30bb4fc_s42,fbb30bb4fc,claim1
val,3393,0.05771633982658386,phase2_eval_fbb30bb4fc_s42,fbb30bb4fc,claim1
val,3396,0.011137495748698711,phase2_eval_fbb30bb4fc_s42,fbb30bb4fc,claim1
val,3410,0.028208745643496513,phase2_eval_fbb30bb4fc_s42,fbb30bb4fc,claim1
val,3438,0.012204100377857685,phase2_eval_fbb30bb4fc_s42,fbb30bb4fc,claim1
val,3455,0.008919020183384418,phase2_eval_fbb30bb4fc_s42,fbb30bb4fc,claim1
val,3459,0.0072839283384382725,phase2_eval_fbb30bb4fc_s42,fbb30bb4fc,claim1
val,3465,0.008687960915267467,phase2_eval_fbb30bb4fc_s42,fbb30bb4fc,claim1
val,3471,0.007831819355487823,phase2_eval_fbb30bb4fc_s42,fbb30bb4fc,claim1
val,3472,0.03471984341740608,phase2_eval_fbb30bb4fc_s42,fbb30bb4fc,claim1
val,3476,0.008914127945899963,phase2_eval_fbb30bb4fc_s42,fbb30bb4fc,claim1
val,3487,0.010037689469754696,phase2_eval_fbb30bb4fc_s42,fbb30bb4fc,claim1
val,3489,0.02259116992354393,phase2_eval_fbb30bb4fc_s42,fbb30bb4fc,claim1
val,3491,0.00819958746433258,phase2_eval_fbb30bb4fc_s42,fbb30bb4fc,claim1
val,3498,0.013883902691304684,phase2_eval_fbb30bb4fc_s42,fbb30bb4fc,claim1
val,3504,0.01166500337421894,phase2_eval_fbb30bb4fc_s42,fbb30bb4fc,claim1
val,3515,0.005315436981618404,phase2_eval_fbb30bb4fc_s42,fbb30bb4fc,claim1
val,3519,0.008834782987833023,phase2_eval_fbb30bb4fc_s42,fbb30bb4fc,claim1
val,3542,0.009948930703103542,phase2_eval_fbb30bb4fc_s42,fbb30bb4fc,claim1
val,3555,0.024232134222984314,phase2_eval_fbb30bb4fc_s42,fbb30bb4fc,claim1
val,3564,0.013734490610659122,phase2_eval_fbb30bb4fc_s42,fbb30bb4fc,claim1
val,3565,0.012016413733363152,phase2_eval_fbb30bb4fc_s42,fbb30bb4fc,claim1
val,3570,0.012670127674937248,phase2_eval_fbb30bb4fc_s42,fbb30bb4fc,claim1
val,3574,0.007108235731720924,phase2_eval_fbb30bb4fc_s42,fbb30bb4fc,claim1
val,3578,0.013774649240076542,phase2_eval_fbb30bb4fc_s42,fbb30bb4fc,claim1
val,3582,0.014216679148375988,phase2_eval_fbb30bb4fc_s42,fbb30bb4fc,claim1
val,3584,0.013801831752061844,phase2_eval_fbb30bb4fc_s42,fbb30bb4fc,claim1
val,3590,0.028470907360315323,phase2_eval_fbb30bb4fc_s42,fbb30bb4fc,claim1
val,3593,0.007000151090323925,phase2_eval_fbb30bb4fc_s42,fbb30bb4fc,claim1
val,3606,0.01616881787776947,phase2_eval_fbb30bb4fc_s42,fbb30bb4fc,claim1
val,3609,0.015800848603248596,phase2_eval_fbb30bb4fc_s42,fbb30bb4fc,claim1
val,3612,0.016050465404987335,phase2_eval_fbb30bb4fc_s42,fbb30bb4fc,claim1
val,3617,0.034359633922576904,phase2_eval_fbb30bb4fc_s42,fbb30bb4fc,claim1
val,3632,0.008005794137716293,phase2_eval_fbb30bb4fc_s42,fbb30bb4fc,claim1
val,3642,0.05855904519557953,phase2_eval_fbb30bb4fc_s42,fbb30bb4fc,claim1
val,3651,0.010263203643262386,phase2_eval_fbb30bb4fc_s42,fbb30bb4fc,claim1
val,3657,0.0093771331012249,phase2_eval_fbb30bb4fc_s42,fbb30bb4fc,claim1
val,3659,0.009719222784042358,phase2_eval_fbb30bb4fc_s42,fbb30bb4fc,claim1
val,3665,0.009068598970770836,phase2_eval_fbb30bb4fc_s42,fbb30bb4fc,claim1
val,3678,0.007189163938164711,phase2_eval_fbb30bb4fc_s42,fbb30bb4fc,claim1
val,3679,0.008762131445109844,phase2_eval_fbb30bb4fc_s42,fbb30bb4fc,claim1
val,3684,0.0052816723473370075,phase2_eval_fbb30bb4fc_s42,fbb30bb4fc,claim1
val,3697,0.013443287461996078,phase2_eval_fbb30bb4fc_s42,fbb30bb4fc,claim1
val,3717,0.007240625564008951,phase2_eval_fbb30bb4fc_s42,fbb30bb4fc,claim1
val,3718,0.01084328442811966,phase2_eval_fbb30bb4fc_s42,fbb30bb4fc,claim1
val,3721,0.023220300674438477,phase2_eval_fbb30bb4fc_s42,fbb30bb4fc,claim1
val,3737,0.006445907521992922,phase2_eval_fbb30bb4fc_s42,fbb30bb4fc,claim1
val,3739,0.03233833238482475,phase2_eval_fbb30bb4fc_s42,fbb30bb4fc,claim1
val,3742,0.042704712599515915,phase2_eval_fbb30bb4fc_s42,fbb30bb4fc,claim1
val,3762,0.013961383141577244,phase2_eval_fbb30bb4fc_s42,fbb30bb4fc,claim1
val,3768,0.01792186312377453,phase2_eval_fbb30bb4fc_s42,fbb30bb4fc,claim1
val,3788,0.025372568517923355,phase2_eval_fbb30bb4fc_s42,fbb30bb4fc,claim1
val,3797,0.01568812131881714,phase2_eval_fbb30bb4fc_s42,fbb30bb4fc,claim1
val,3809,0.023033903911709785,phase2_eval_fbb30bb4fc_s42,fbb30bb4fc,claim1
val,3819,0.01446437370032072,phase2_eval_fbb30bb4fc_s42,fbb30bb4fc,claim1
val,3828,0.0170193612575531,phase2_eval_fbb30bb4fc_s42,fbb30bb4fc,claim1
val,3852,0.01038011908531189,phase2_eval_fbb30bb4fc_s42,fbb30bb4fc,claim1
val,3853,0.011386984959244728,phase2_eval_fbb30bb4fc_s42,fbb30bb4fc,claim1
val,3865,0.015974136069417,phase2_eval_fbb30bb4fc_s42,fbb30bb4fc,claim1
val,3872,0.010337392799556255,phase2_eval_fbb30bb4fc_s42,fbb30bb4fc,claim1
val,3877,0.024809492751955986,phase2_eval_fbb30bb4fc_s42,fbb30bb4fc,claim1
val,3879,0.007401019334793091,phase2_eval_fbb30bb4fc_s42,fbb30bb4fc,claim1
val,3902,0.015619182027876377,phase2_eval_fbb30bb4fc_s42,fbb30bb4fc,claim1
val,3911,0.0351092666387558,phase2_eval_fbb30bb4fc_s42,fbb30bb4fc,claim1
val,3932,0.011788295581936836,phase2_eval_fbb30bb4fc_s42,fbb30bb4fc,claim1
val,3933,0.005665307864546776,phase2_eval_fbb30bb4fc_s42,fbb30bb4fc,claim1
val,3954,0.017161870375275612,phase2_eval_fbb30bb4fc_s42,fbb30bb4fc,claim1
val,3960,0.007430737838149071,phase2_eval_fbb30bb4fc_s42,fbb30bb4fc,claim1
val,3967,0.00522438483312726,phase2_eval_fbb30bb4fc_s42,fbb30bb4fc,claim1
val,3978,0.018659763038158417,phase2_eval_fbb30bb4fc_s42,fbb30bb4fc,claim1
val,3985,0.00808636099100113,phase2_eval_fbb30bb4fc_s42,fbb30bb4fc,claim1
val,3990,0.006488535553216934,phase2_eval_fbb30bb4fc_s42,fbb30bb4fc,claim1
val,3997,0.00785540696233511,phase2_eval_fbb30bb4fc_s42,fbb30bb4fc,claim1
val,4002,0.020622434094548225,phase2_eval_fbb30bb4fc_s42,fbb30bb4fc,claim1
val,4012,0.00863400474190712,phase2_eval_fbb30bb4fc_s42,fbb30bb4fc,claim1
val,4016,0.01827685348689556,phase2_eval_fbb30bb4fc_s42,fbb30bb4fc,claim1
val,4026,0.008436121977865696,phase2_eval_fbb30bb4fc_s42,fbb30bb4fc,claim1
val,4027,0.014428447932004929,phase2_eval_fbb30bb4fc_s42,fbb30bb4fc,claim1
val,4037,0.030689161270856857,phase2_eval_fbb30bb4fc_s42,fbb30bb4fc,claim1
val,4057,0.007512697484344244,phase2_eval_fbb30bb4fc_s42,fbb30bb4fc,claim1
val,4058,0.01759887859225273,phase2_eval_fbb30bb4fc_s42,fbb30bb4fc,claim1
val,4060,0.047829605638980865,phase2_eval_fbb30bb4fc_s42,fbb30bb4fc,claim1
val,4065,0.006095861550420523,phase2_eval_fbb30bb4fc_s42,fbb30bb4fc,claim1
val,4072,0.006472690962255001,phase2_eval_fbb30bb4fc_s42,fbb30bb4fc,claim1
val,4073,0.009630498476326466,phase2_eval_fbb30bb4fc_s42,fbb30bb4fc,claim1
val,4090,0.010603765025734901,phase2_eval_fbb30bb4fc_s42,fbb30bb4fc,claim1
val,4097,0.0574817880988121,phase2_eval_fbb30bb4fc_s42,fbb30bb4fc,claim1
val,4111,0.006920422427356243,phase2_eval_fbb30bb4fc_s42,fbb30bb4fc,claim1
val,4119,0.007926917634904385,phase2_eval_fbb30bb4fc_s42,fbb30bb4fc,claim1
val,4138,0.008199036121368408,phase2_eval_fbb30bb4fc_s42,fbb30bb4fc,claim1
val,4151,0.02065686136484146,phase2_eval_fbb30bb4fc_s42,fbb30bb4fc,claim1
val,4157,0.009984200820326805,phase2_eval_fbb30bb4fc_s42,fbb30bb4fc,claim1
val,4166,0.007316764909774065,phase2_eval_fbb30bb4fc_s42,fbb30bb4fc,claim1
val,4186,0.05484161525964737,phase2_eval_fbb30bb4fc_s42,fbb30bb4fc,claim1
val,4192,0.007590456400066614,phase2_eval_fbb30bb4fc_s42,fbb30bb4fc,claim1
val,4201,0.010987099260091782,phase2_eval_fbb30bb4fc_s42,fbb30bb4fc,claim1
val,4203,0.034439027309417725,phase2_eval_fbb30bb4fc_s42,fbb30bb4fc,claim1
val,4204,0.008388047106564045,phase2_eval_fbb30bb4fc_s42,fbb30bb4fc,claim1
val,4222,0.020080285146832466,phase2_eval_fbb30bb4fc_s42,fbb30bb4fc,claim1
val,4223,0.010661427862942219,phase2_eval_fbb30bb4fc_s42,fbb30bb4fc,claim1
val,4227,0.028497770428657532,phase2_eval_fbb30bb4fc_s42,fbb30bb4fc,claim1
val,4229,0.0060974652878940105,phase2_eval_fbb30bb4fc_s42,fbb30bb4fc,claim1
val,4246,0.046505916863679886,phase2_eval_fbb30bb4fc_s42,fbb30bb4fc,claim1
val,4273,0.0428609699010849,phase2_eval_fbb30bb4fc_s42,fbb30bb4fc,claim1
val,4283,0.03250556439161301,phase2_eval_fbb30bb4fc_s42,fbb30bb4fc,claim1
val,4286,0.007530830334872007,phase2_eval_fbb30bb4fc_s42,fbb30bb4fc,claim1
val,4293,0.009786436334252357,phase2_eval_fbb30bb4fc_s42,fbb30bb4fc,claim1
val,4301,0.030378365889191628,phase2_eval_fbb30bb4fc_s42,fbb30bb4fc,claim1
val,4330,0.01297212578356266,phase2_eval_fbb30bb4fc_s42,fbb30bb4fc,claim1
val,4331,0.009987324476242065,phase2_eval_fbb30bb4fc_s42,fbb30bb4fc,claim1
val,4338,0.007170607335865498,phase2_eval_fbb30bb4fc_s42,fbb30bb4fc,claim1
val,4358,0.01783622056245804,phase2_eval_fbb30bb4fc_s42,fbb30bb4fc,claim1
val,4367,0.009159439243376255,phase2_eval_fbb30bb4fc_s42,fbb30bb4fc,claim1
val,4368,0.006056739017367363,phase2_eval_fbb30bb4fc_s42,fbb30bb4fc,claim1
val,4374,0.024127667769789696,phase2_eval_fbb30bb4fc_s42,fbb30bb4fc,claim1
val,4399,0.015361445024609566,phase2_eval_fbb30bb4fc_s42,fbb30bb4fc,claim1
val,4402,0.012069452553987503,phase2_eval_fbb30bb4fc_s42,fbb30bb4fc,claim1
val,4406,0.008229415863752365,phase2_eval_fbb30bb4fc_s42,fbb30bb4fc,claim1
val,4414,0.011981762014329433,phase2_eval_fbb30bb4fc_s42,fbb30bb4fc,claim1
val,4417,0.007460196502506733,phase2_eval_fbb30bb4fc_s42,fbb30bb4fc,claim1
val,4424,0.018193170428276062,phase2_eval_fbb30bb4fc_s42,fbb30bb4fc,claim1
val,4427,0.01082503329962492,phase2_eval_fbb30bb4fc_s42,fbb30bb4fc,claim1
val,4431,0.008070739917457104,phase2_eval_fbb30bb4fc_s42,fbb30bb4fc,claim1
val,4439,0.009052989073097706,phase2_eval_fbb30bb4fc_s42,fbb30bb4fc,claim1
val,4440,0.06715630739927292,phase2_eval_fbb30bb4fc_s42,fbb30bb4fc,claim1
val,4450,0.00684815039858222,phase2_eval_fbb30bb4fc_s42,fbb30bb4fc,claim1
val,4451,0.0056896270252764225,phase2_eval_fbb30bb4fc_s42,fbb30bb4fc,claim1
val,4459,0.007340025622397661,phase2_eval_fbb30bb4fc_s42,fbb30bb4fc,claim1
val,4462,0.012403774075210094,phase2_eval_fbb30bb4fc_s42,fbb30bb4fc,claim1
val,4470,0.012689505703747272,phase2_eval_fbb30bb4fc_s42,fbb30bb4fc,claim1
val,4485,0.019405771046876907,phase2_eval_fbb30bb4fc_s42,fbb30bb4fc,claim1
val,4486,0.007604735903441906,phase2_eval_fbb30bb4fc_s42,fbb30bb4fc,claim1
val,4489,0.020231742411851883,phase2_eval_fbb30bb4fc_s42,fbb30bb4fc,claim1
val,4494,0.010375779122114182,phase2_eval_fbb30bb4fc_s42,fbb30bb4fc,claim1
val,4496,0.01184898428618908,phase2_eval_fbb30bb4fc_s42,fbb30bb4fc,claim1
val,4498,0.011379046365618706,phase2_eval_fbb30bb4fc_s42,fbb30bb4fc,claim1
val,4508,0.00715511292219162,phase2_eval_fbb30bb4fc_s42,fbb30bb4fc,claim1
val,4512,0.008292870596051216,phase2_eval_fbb30bb4fc_s42,fbb30bb4fc,claim1
val,4517,0.025173120200634003,phase2_eval_fbb30bb4fc_s42,fbb30bb4fc,claim1
val,4518,0.013645963743329048,phase2_eval_fbb30bb4fc_s42,fbb30bb4fc,claim1
val,4531,0.008960448205471039,phase2_eval_fbb30bb4fc_s42,fbb30bb4fc,claim1
val,4532,0.009675727225840092,phase2_eval_fbb30bb4fc_s42,fbb30bb4fc,claim1
val,4535,0.051619186997413635,phase2_eval_fbb30bb4fc_s42,fbb30bb4fc,claim1
val,4536,0.010724421590566635,phase2_eval_fbb30bb4fc_s42,fbb30bb4fc,claim1
val,4547,0.020580071955919266,phase2_eval_fbb30bb4fc_s42,fbb30bb4fc,claim1
val,4552,0.013625334948301315,phase2_eval_fbb30bb4fc_s42,fbb30bb4fc,claim1
val,4556,0.007592984475195408,phase2_eval_fbb30bb4fc_s42,fbb30bb4fc,claim1
val,4574,0.006741264835000038,phase2_eval_fbb30bb4fc_s42,fbb30bb4fc,claim1
val,4578,0.012002702802419662,phase2_eval_fbb30bb4fc_s42,fbb30bb4fc,claim1
val,4584,0.017762694507837296,phase2_eval_fbb30bb4fc_s42,fbb30bb4fc,claim1
val,4587,0.021549124270677567,phase2_eval_fbb30bb4fc_s42,fbb30bb4fc,claim1
val,4601,0.0088206110522151,phase2_eval_fbb30bb4fc_s42,fbb30bb4fc,claim1
val,4608,0.017050685361027718,phase2_eval_fbb30bb4fc_s42,fbb30bb4fc,claim1
val,4613,0.015378479845821857,phase2_eval_fbb30bb4fc_s42,fbb30bb4fc,claim1
val,4627,0.012849151156842709,phase2_eval_fbb30bb4fc_s42,fbb30bb4fc,claim1
val,4632,0.011149963364005089,phase2_eval_fbb30bb4fc_s42,fbb30bb4fc,claim1
val,4650,0.008314798586070538,phase2_eval_fbb30bb4fc_s42,fbb30bb4fc,claim1
val,4659,0.00706345634534955,phase2_eval_fbb30bb4fc_s42,fbb30bb4fc,claim1
val,4666,0.04951346665620804,phase2_eval_fbb30bb4fc_s42,fbb30bb4fc,claim1
val,4670,0.027390317991375923,phase2_eval_fbb30bb4fc_s42,fbb30bb4fc,claim1
val,4682,0.008263017050921917,phase2_eval_fbb30bb4fc_s42,fbb30bb4fc,claim1
val,4683,0.017882781103253365,phase2_eval_fbb30bb4fc_s42,fbb30bb4fc,claim1
val,4686,0.011054446920752525,phase2_eval_fbb30bb4fc_s42,fbb30bb4fc,claim1
val,4696,0.01470521092414856,phase2_eval_fbb30bb4fc_s42,fbb30bb4fc,claim1
val,4698,0.02470121532678604,phase2_eval_fbb30bb4fc_s42,fbb30bb4fc,claim1
val,4701,0.019146764650940895,phase2_eval_fbb30bb4fc_s42,fbb30bb4fc,claim1
val,4709,0.02941015549004078,phase2_eval_fbb30bb4fc_s42,fbb30bb4fc,claim1
val,4716,0.010211487300693989,phase2_eval_fbb30bb4fc_s42,fbb30bb4fc,claim1
val,4725,0.024003224447369576,phase2_eval_fbb30bb4fc_s42,fbb30bb4fc,claim1
val,4732,0.016078446060419083,phase2_eval_fbb30bb4fc_s42,fbb30bb4fc,claim1
val,4734,0.038845766335725784,phase2_eval_fbb30bb4fc_s42,fbb30bb4fc,claim1
val,4739,0.03278417885303497,phase2_eval_fbb30bb4fc_s42,fbb30bb4fc,claim1
val,4740,0.013182035647332668,phase2_eval_fbb30bb4fc_s42,fbb30bb4fc,claim1
val,4751,0.011819601058959961,phase2_eval_fbb30bb4fc_s42,fbb30bb4fc,claim1
val,4755,0.02172977291047573,phase2_eval_fbb30bb4fc_s42,fbb30bb4fc,claim1
val,4762,0.007830551825463772,phase2_eval_fbb30bb4fc_s42,fbb30bb4fc,claim1
val,4766,0.00726817874237895,phase2_eval_fbb30bb4fc_s42,fbb30bb4fc,claim1
val,4771,0.008667455054819584,phase2_eval_fbb30bb4fc_s42,fbb30bb4fc,claim1
val,4782,0.049185607582330704,phase2_eval_fbb30bb4fc_s42,fbb30bb4fc,claim1
val,4797,0.01806611567735672,phase2_eval_fbb30bb4fc_s42,fbb30bb4fc,claim1
val,4815,0.007258301135152578,phase2_eval_fbb30bb4fc_s42,fbb30bb4fc,claim1
val,4824,0.008021233603358269,phase2_eval_fbb30bb4fc_s42,fbb30bb4fc,claim1
val,4828,0.016022440046072006,phase2_eval_fbb30bb4fc_s42,fbb30bb4fc,claim1
val,4835,0.028678003698587418,phase2_eval_fbb30bb4fc_s42,fbb30bb4fc,claim1
val,4843,0.020889824256300926,phase2_eval_fbb30bb4fc_s42,fbb30bb4fc,claim1
val,4845,0.029923630878329277,phase2_eval_fbb30bb4fc_s42,fbb30bb4fc,claim1
val,4857,0.020234841853380203,phase2_eval_fbb30bb4fc_s42,fbb30bb4fc,claim1
val,4862,0.013756425119936466,phase2_eval_fbb30bb4fc_s42,fbb30bb4fc,claim1
val,4872,0.013389448635280132,phase2_eval_fbb30bb4fc_s42,fbb30bb4fc,claim1
val,4876,0.006759129464626312,phase2_eval_fbb30bb4fc_s42,fbb30bb4fc,claim1
val,4901,0.007227067835628986,phase2_eval_fbb30bb4fc_s42,fbb30bb4fc,claim1
val,4908,0.015987753868103027,phase2_eval_fbb30bb4fc_s42,fbb30bb4fc,claim1
val,4914,0.010009042918682098,phase2_eval_fbb30bb4fc_s42,fbb30bb4fc,claim1
val,4932,0.008637839928269386,phase2_eval_fbb30bb4fc_s42,fbb30bb4fc,claim1
val,4933,0.048989202827215195,phase2_eval_fbb30bb4fc_s42,fbb30bb4fc,claim1
val,4939,0.008664103224873543,phase2_eval_fbb30bb4fc_s42,fbb30bb4fc,claim1
val,4970,0.016745243221521378,phase2_eval_fbb30bb4fc_s42,fbb30bb4fc,claim1
val,4972,0.01309087872505188,phase2_eval_fbb30bb4fc_s42,fbb30bb4fc,claim1
val,4973,0.014157953672111034,phase2_eval_fbb30bb4fc_s42,fbb30bb4fc,claim1
val,4979,0.022793883457779884,phase2_eval_fbb30bb4fc_s42,fbb30bb4fc,claim1
val,4980,0.011122222058475018,phase2_eval_fbb30bb4fc_s42,fbb30bb4fc,claim1
val,4990,0.009168547578155994,phase2_eval_fbb30bb4fc_s42,fbb30bb4fc,claim1
val,4996,0.0076195066794753075,phase2_eval_fbb30bb4fc_s42,fbb30bb4fc,claim1
val,5010,0.011649065650999546,phase2_eval_fbb30bb4fc_s42,fbb30bb4fc,claim1
val,5011,0.022042395547032356,phase2_eval_fbb30bb4fc_s42,fbb30bb4fc,claim1
val,5017,0.01227500382810831,phase2_eval_fbb30bb4fc_s42,fbb30bb4fc,claim1
val,5022,0.00926093477755785,phase2_eval_fbb30bb4fc_s42,fbb30bb4fc,claim1
val,5025,0.012773836962878704,phase2_eval_fbb30bb4fc_s42,fbb30bb4fc,claim1
val,5037,0.013325969688594341,phase2_eval_fbb30bb4fc_s42,fbb30bb4fc,claim1
val,5044,0.006936916150152683,phase2_eval_fbb30bb4fc_s42,fbb30bb4fc,claim1
val,5049,0.016906483098864555,phase2_eval_fbb30bb4fc_s42,fbb30bb4fc,claim1
val,5053,0.006380673497915268,phase2_eval_fbb30bb4fc_s42,fbb30bb4fc,claim1
val,5123,0.00819843914359808,phase2_eval_fbb30bb4fc_s42,fbb30bb4fc,claim1
val,5125,0.00792901124805212,phase2_eval_fbb30bb4fc_s42,fbb30bb4fc,claim1
val,5134,0.014160728082060814,phase2_eval_fbb30bb4fc_s42,fbb30bb4fc,claim1
val,5147,0.00790444016456604,phase2_eval_fbb30bb4fc_s42,fbb30bb4fc,claim1
val,5151,0.01019985880702734,phase2_eval_fbb30bb4fc_s42,fbb30bb4fc,claim1
val,5157,0.00527108833193779,phase2_eval_fbb30bb4fc_s42,fbb30bb4fc,claim1
val,5158,0.01067672111093998,phase2_eval_fbb30bb4fc_s42,fbb30bb4fc,claim1
val,5160,0.01198609545826912,phase2_eval_fbb30bb4fc_s42,fbb30bb4fc,claim1
val,5176,0.014836585149168968,phase2_eval_fbb30bb4fc_s42,fbb30bb4fc,claim1
val,5180,0.008059465326368809,phase2_eval_fbb30bb4fc_s42,fbb30bb4fc,claim1
val,5187,0.018614511936903,phase2_eval_fbb30bb4fc_s42,fbb30bb4fc,claim1
val,5193,0.028131121769547462,phase2_eval_fbb30bb4fc_s42,fbb30bb4fc,claim1
val,5239,0.02460162155330181,phase2_eval_fbb30bb4fc_s42,fbb30bb4fc,claim1
val,5245,0.009257994592189789,phase2_eval_fbb30bb4fc_s42,fbb30bb4fc,claim1
val,5261,0.006628056522458792,phase2_eval_fbb30bb4fc_s42,fbb30bb4fc,claim1
val,5272,0.015586434863507748,phase2_eval_fbb30bb4fc_s42,fbb30bb4fc,claim1
val,5279,0.015153398737311363,phase2_eval_fbb30bb4fc_s42,fbb30bb4fc,claim1
val,5285,0.01145043596625328,phase2_eval_fbb30bb4fc_s42,fbb30bb4fc,claim1
val,5296,0.008048022165894508,phase2_eval_fbb30bb4fc_s42,fbb30bb4fc,claim1
val,5298,0.006534425541758537,phase2_eval_fbb30bb4fc_s42,fbb30bb4fc,claim1
val,5299,0.013010316528379917,phase2_eval_fbb30bb4fc_s42,fbb30bb4fc,claim1
val,5305,0.019160257652401924,phase2_eval_fbb30bb4fc_s42,fbb30bb4fc,claim1
val,5316,0.06162376329302788,phase2_eval_fbb30bb4fc_s42,fbb30bb4fc,claim1
val,5321,0.012518790550529957,phase2_eval_fbb30bb4fc_s42,fbb30bb4fc,claim1
val,5332,0.008294356055557728,phase2_eval_fbb30bb4fc_s42,fbb30bb4fc,claim1
val,5349,0.010252004489302635,phase2_eval_fbb30bb4fc_s42,fbb30bb4fc,claim1
val,5355,0.014560996554791927,phase2_eval_fbb30bb4fc_s42,fbb30bb4fc,claim1
val,5357,0.014070029370486736,phase2_eval_fbb30bb4fc_s42,fbb30bb4fc,claim1
val,5371,0.008235301822423935,phase2_eval_fbb30bb4fc_s42,fbb30bb4fc,claim1
val,5374,0.010833825916051865,phase2_eval_fbb30bb4fc_s42,fbb30bb4fc,claim1
val,5375,0.010241408832371235,phase2_eval_fbb30bb4fc_s42,fbb30bb4fc,claim1
val,5381,0.015582028776407242,phase2_eval_fbb30bb4fc_s42,fbb30bb4fc,claim1
val,5393,0.013699245639145374,phase2_eval_fbb30bb4fc_s42,fbb30bb4fc,claim1
val,5412,0.024198884144425392,phase2_eval_fbb30bb4fc_s42,fbb30bb4fc,claim1
val,5414,0.04005644842982292,phase2_eval_fbb30bb4fc_s42,fbb30bb4fc,claim1
val,5418,0.03889699652791023,phase2_eval_fbb30bb4fc_s42,fbb30bb4fc,claim1
val,5419,0.006210695952177048,phase2_eval_fbb30bb4fc_s42,fbb30bb4fc,claim1
val,5423,0.014367734082043171,phase2_eval_fbb30bb4fc_s42,fbb30bb4fc,claim1
val,5466,0.008745704777538776,phase2_eval_fbb30bb4fc_s42,fbb30bb4fc,claim1
val,5468,0.006596792489290237,phase2_eval_fbb30bb4fc_s42,fbb30bb4fc,claim1
val,5499,0.01327096950262785,phase2_eval_fbb30bb4fc_s42,fbb30bb4fc,claim1
val,5505,0.005395633168518543,phase2_eval_fbb30bb4fc_s42,fbb30bb4fc,claim1
val,5516,0.017543397843837738,phase2_eval_fbb30bb4fc_s42,fbb30bb4fc,claim1
val,5520,0.007570589426904917,phase2_eval_fbb30bb4fc_s42,fbb30bb4fc,claim1
val,5522,0.011202093213796616,phase2_eval_fbb30bb4fc_s42,fbb30bb4fc,claim1
val,5523,0.010567881166934967,phase2_eval_fbb30bb4fc_s42,fbb30bb4fc,claim1
val,5527,0.016118407249450684,phase2_eval_fbb30bb4fc_s42,fbb30bb4fc,claim1
val,5531,0.01563439704477787,phase2_eval_fbb30bb4fc_s42,fbb30bb4fc,claim1
val,5534,0.030541926622390747,phase2_eval_fbb30bb4fc_s42,fbb30bb4fc,claim1
val,5541,0.012041470035910606,phase2_eval_fbb30bb4fc_s42,fbb30bb4fc,claim1
val,5545,0.01565084606409073,phase2_eval_fbb30bb4fc_s42,fbb30bb4fc,claim1
val,5550,0.03643922880291939,phase2_eval_fbb30bb4fc_s42,fbb30bb4fc,claim1
val,5552,0.025645988062024117,phase2_eval_fbb30bb4fc_s42,fbb30bb4fc,claim1
val,5570,0.014370190910995007,phase2_eval_fbb30bb4fc_s42,fbb30bb4fc,claim1
val,5572,0.004585404880344868,phase2_eval_fbb30bb4fc_s42,fbb30bb4fc,claim1
val,5578,0.012130912393331528,phase2_eval_fbb30bb4fc_s42,fbb30bb4fc,claim1
val,5591,0.009883519262075424,phase2_eval_fbb30bb4fc_s42,fbb30bb4fc,claim1
val,5595,0.03593306615948677,phase2_eval_fbb30bb4fc_s42,fbb30bb4fc,claim1
val,5620,0.041713010519742966,phase2_eval_fbb30bb4fc_s42,fbb30bb4fc,claim1
val,5639,0.007296425756067038,phase2_eval_fbb30bb4fc_s42,fbb30bb4fc,claim1
val,5650,0.051907978951931,phase2_eval_fbb30bb4fc_s42,fbb30bb4fc,claim1
val,5651,0.0054987515322864056,phase2_eval_fbb30bb4fc_s42,fbb30bb4fc,claim1
val,5652,0.06458374857902527,phase2_eval_fbb30bb4fc_s42,fbb30bb4fc,claim1
val,5655,0.02302831970155239,phase2_eval_fbb30bb4fc_s42,fbb30bb4fc,claim1
val,5681,0.012810287065804005,phase2_eval_fbb30bb4fc_s42,fbb30bb4fc,claim1
val,5682,0.00893124844878912,phase2_eval_fbb30bb4fc_s42,fbb30bb4fc,claim1
val,5683,0.010142123326659203,phase2_eval_fbb30bb4fc_s42,fbb30bb4fc,claim1
val,5705,0.008036856539547443,phase2_eval_fbb30bb4fc_s42,fbb30bb4fc,claim1
val,5723,0.00980954710394144,phase2_eval_fbb30bb4fc_s42,fbb30bb4fc,claim1
val,5728,0.008800478652119637,phase2_eval_fbb30bb4fc_s42,fbb30bb4fc,claim1
val,5734,0.015595030970871449,phase2_eval_fbb30bb4fc_s42,fbb30bb4fc,claim1
val,5735,0.014963709749281406,phase2_eval_fbb30bb4fc_s42,fbb30bb4fc,claim1
val,5738,0.012970224022865295,phase2_eval_fbb30bb4fc_s42,fbb30bb4fc,claim1
val,5746,0.01373680867254734,phase2_eval_fbb30bb4fc_s42,fbb30bb4fc,claim1
val,5757,0.01812097616493702,phase2_eval_fbb30bb4fc_s42,fbb30bb4fc,claim1
val,5761,0.0160872433334589,phase2_eval_fbb30bb4fc_s42,fbb30bb4fc,claim1
val,5762,0.0083805862814188,phase2_eval_fbb30bb4fc_s42,fbb30bb4fc,claim1
val,5776,0.011699026450514793,phase2_eval_fbb30bb4fc_s42,fbb30bb4fc,claim1
val,5792,0.00519028352573514,phase2_eval_fbb30bb4fc_s42,fbb30bb4fc,claim1
val,5803,0.01190254744142294,phase2_eval_fbb30bb4fc_s42,fbb30bb4fc,claim1
val,5804,0.016473669558763504,phase2_eval_fbb30bb4fc_s42,fbb30bb4fc,claim1
val,5805,0.005276596639305353,phase2_eval_fbb30bb4fc_s42,fbb30bb4fc,claim1
val,5808,0.011980485171079636,phase2_eval_fbb30bb4fc_s42,fbb30bb4fc,claim1
val,5814,0.01831473968923092,phase2_eval_fbb30bb4fc_s42,fbb30bb4fc,claim1
val,5828,0.012288511730730534,phase2_eval_fbb30bb4fc_s42,fbb30bb4fc,claim1
val,5836,0.011931356973946095,phase2_eval_fbb30bb4fc_s42,fbb30bb4fc,claim1
val,5846,0.015465873293578625,phase2_eval_fbb30bb4fc_s42,fbb30bb4fc,claim1
val,5849,0.0046363817527890205,phase2_eval_fbb30bb4fc_s42,fbb30bb4fc,claim1
val,5852,0.0074754515662789345,phase2_eval_fbb30bb4fc_s42,fbb30bb4fc,claim1
val,5853,0.012415152974426746,phase2_eval_fbb30bb4fc_s42,fbb30bb4fc,claim1
val,5867,0.01205047033727169,phase2_eval_fbb30bb4fc_s42,fbb30bb4fc,claim1
val,5868,0.013762894086539745,phase2_eval_fbb30bb4fc_s42,fbb30bb4fc,claim1
val,5877,0.007567775901407003,phase2_eval_fbb30bb4fc_s42,fbb30bb4fc,claim1
val,5885,0.025662345811724663,phase2_eval_fbb30bb4fc_s42,fbb30bb4fc,claim1
val,5892,0.03165365383028984,phase2_eval_fbb30bb4fc_s42,fbb30bb4fc,claim1
val,5901,0.025328509509563446,phase2_eval_fbb30bb4fc_s42,fbb30bb4fc,claim1
val,5904,0.02408624440431595,phase2_eval_fbb30bb4fc_s42,fbb30bb4fc,claim1
val,5909,0.007204781286418438,phase2_eval_fbb30bb4fc_s42,fbb30bb4fc,claim1
val,5911,0.010134163312613964,phase2_eval_fbb30bb4fc_s42,fbb30bb4fc,claim1
val,5921,0.019869983196258545,phase2_eval_fbb30bb4fc_s42,fbb30bb4fc,claim1
val,5922,0.013725943863391876,phase2_eval_fbb30bb4fc_s42,fbb30bb4fc,claim1
val,5927,0.028350405395030975,phase2_eval_fbb30bb4fc_s42,fbb30bb4fc,claim1
val,5928,0.04092103987932205,phase2_eval_fbb30bb4fc_s42,fbb30bb4fc,claim1
val,5930,0.005641753785312176,phase2_eval_fbb30bb4fc_s42,fbb30bb4fc,claim1
val,5932,0.016629235818982124,phase2_eval_fbb30bb4fc_s42,fbb30bb4fc,claim1
val,5937,0.008256133645772934,phase2_eval_fbb30bb4fc_s42,fbb30bb4fc,claim1
val,5942,0.010830058716237545,phase2_eval_fbb30bb4fc_s42,fbb30bb4fc,claim1
val,5963,0.021801365539431572,phase2_eval_fbb30bb4fc_s42,fbb30bb4fc,claim1
val,5977,0.012444592081010342,phase2_eval_fbb30bb4fc_s42,fbb30bb4fc,claim1
val,5978,0.022408997640013695,phase2_eval_fbb30bb4fc_s42,fbb30bb4fc,claim1
val,5990,0.01998279057443142,phase2_eval_fbb30bb4fc_s42,fbb30bb4fc,claim1
val,5991,0.026397686451673508,phase2_eval_fbb30bb4fc_s42,fbb30bb4fc,claim1
test,6,0.014192012138664722,phase2_eval_fbb30bb4fc_s42,fbb30bb4fc,claim1
test,7,0.04205695539712906,phase2_eval_fbb30bb4fc_s42,fbb30bb4fc,claim1
test,9,0.008896776475012302,phase2_eval_fbb30bb4fc_s42,fbb30bb4fc,claim1
test,13,0.028455575928092003,phase2_eval_fbb30bb4fc_s42,fbb30bb4fc,claim1
test,23,0.02544158138334751,phase2_eval_fbb30bb4fc_s42,fbb30bb4fc,claim1
test,41,0.012025093659758568,phase2_eval_fbb30bb4fc_s42,fbb30bb4fc,claim1
test,74,0.008367407135665417,phase2_eval_fbb30bb4fc_s42,fbb30bb4fc,claim1
test,86,0.015407124534249306,phase2_eval_fbb30bb4fc_s42,fbb30bb4fc,claim1
test,96,0.010841310024261475,phase2_eval_fbb30bb4fc_s42,fbb30bb4fc,claim1
test,101,0.052652835845947266,phase2_eval_fbb30bb4fc_s42,fbb30bb4fc,claim1
test,116,0.007404217030853033,phase2_eval_fbb30bb4fc_s42,fbb30bb4fc,claim1
test,130,0.014613179489970207,phase2_eval_fbb30bb4fc_s42,fbb30bb4fc,claim1
test,138,0.012289333157241344,phase2_eval_fbb30bb4fc_s42,fbb30bb4fc,claim1
test,152,0.01114583108574152,phase2_eval_fbb30bb4fc_s42,fbb30bb4fc,claim1
test,172,0.0332469642162323,phase2_eval_fbb30bb4fc_s42,fbb30bb4fc,claim1
test,173,0.007459784392267466,phase2_eval_fbb30bb4fc_s42,fbb30bb4fc,claim1
test,176,0.015627942979335785,phase2_eval_fbb30bb4fc_s42,fbb30bb4fc,claim1
test,177,0.010453800670802593,phase2_eval_fbb30bb4fc_s42,fbb30bb4fc,claim1
test,190,0.009833910502493382,phase2_eval_fbb30bb4fc_s42,fbb30bb4fc,claim1
test,199,0.0077794212847948074,phase2_eval_fbb30bb4fc_s42,fbb30bb4fc,claim1
test,203,0.012143461965024471,phase2_eval_fbb30bb4fc_s42,fbb30bb4fc,claim1
test,212,0.011523098684847355,phase2_eval_fbb30bb4fc_s42,fbb30bb4fc,claim1
test,215,0.02984006144106388,phase2_eval_fbb30bb4fc_s42,fbb30bb4fc,claim1
test,216,0.025666864588856697,phase2_eval_fbb30bb4fc_s42,fbb30bb4fc,claim1
test,231,0.009686567820608616,phase2_eval_fbb30bb4fc_s42,fbb30bb4fc,claim1
test,250,0.009977031499147415,phase2_eval_fbb30bb4fc_s42,fbb30bb4fc,claim1
test,251,0.008671216666698456,phase2_eval_fbb30bb4fc_s42,fbb30bb4fc,claim1
test,261,0.01676381379365921,phase2_eval_fbb30bb4fc_s42,fbb30bb4fc,claim1
test,270,0.006246572360396385,phase2_eval_fbb30bb4fc_s42,fbb30bb4fc,claim1
test,278,0.032096508890390396,phase2_eval_fbb30bb4fc_s42,fbb30bb4fc,claim1
test,287,0.026416175067424774,phase2_eval_fbb30bb4fc_s42,fbb30bb4fc,claim1
test,307,0.022353924810886383,phase2_eval_fbb30bb4fc_s42,fbb30bb4fc,claim1
test,319,0.008769229054450989,phase2_eval_fbb30bb4fc_s42,fbb30bb4fc,claim1
test,325,0.010117567144334316,phase2_eval_fbb30bb4fc_s42,fbb30bb4fc,claim1
test,342,0.011751048266887665,phase2_eval_fbb30bb4fc_s42,fbb30bb4fc,claim1
test,355,0.005309841129928827,phase2_eval_fbb30bb4fc_s42,fbb30bb4fc,claim1
test,365,0.049078941345214844,phase2_eval_fbb30bb4fc_s42,fbb30bb4fc,claim1
test,371,0.04820909723639488,phase2_eval_fbb30bb4fc_s42,fbb30bb4fc,claim1
test,377,0.054856374859809875,phase2_eval_fbb30bb4fc_s42,fbb30bb4fc,claim1
test,380,0.02080571837723255,phase2_eval_fbb30bb4fc_s42,fbb30bb4fc,claim1
test,394,0.011892477981746197,phase2_eval_fbb30bb4fc_s42,fbb30bb4fc,claim1
test,404,0.00851292721927166,phase2_eval_fbb30bb4fc_s42,fbb30bb4fc,claim1
test,407,0.010245288722217083,phase2_eval_fbb30bb4fc_s42,fbb30bb4fc,claim1
test,414,0.00796553771942854,phase2_eval_fbb30bb4fc_s42,fbb30bb4fc,claim1
test,420,0.030912738293409348,phase2_eval_fbb30bb4fc_s42,fbb30bb4fc,claim1
test,426,0.010756665840744972,phase2_eval_fbb30bb4fc_s42,fbb30bb4fc,claim1
test,447,0.013420400209724903,phase2_eval_fbb30bb4fc_s42,fbb30bb4fc,claim1
test,462,0.012983199208974838,phase2_eval_fbb30bb4fc_s42,fbb30bb4fc,claim1
test,464,0.008243894204497337,phase2_eval_fbb30bb4fc_s42,fbb30bb4fc,claim1
test,480,0.008786337450146675,phase2_eval_fbb30bb4fc_s42,fbb30bb4fc,claim1
test,491,0.010567071847617626,phase2_eval_fbb30bb4fc_s42,fbb30bb4fc,claim1
test,498,0.007765620946884155,phase2_eval_fbb30bb4fc_s42,fbb30bb4fc,claim1
test,504,0.006254007574170828,phase2_eval_fbb30bb4fc_s42,fbb30bb4fc,claim1
test,508,0.024547506123781204,phase2_eval_fbb30bb4fc_s42,fbb30bb4fc,claim1
test,517,0.025602104142308235,phase2_eval_fbb30bb4fc_s42,fbb30bb4fc,claim1
test,529,0.01324899960309267,phase2_eval_fbb30bb4fc_s42,fbb30bb4fc,claim1
test,534,0.006188510451465845,phase2_eval_fbb30bb4fc_s42,fbb30bb4fc,claim1
test,537,0.011009808629751205,phase2_eval_fbb30bb4fc_s42,fbb30bb4fc,claim1
test,547,0.03820453956723213,phase2_eval_fbb30bb4fc_s42,fbb30bb4fc,claim1
test,550,0.016935274004936218,phase2_eval_fbb30bb4fc_s42,fbb30bb4fc,claim1
test,555,0.019124291837215424,phase2_eval_fbb30bb4fc_s42,fbb30bb4fc,claim1
test,563,0.013286236673593521,phase2_eval_fbb30bb4fc_s42,fbb30bb4fc,claim1
test,584,0.006795217748731375,phase2_eval_fbb30bb4fc_s42,fbb30bb4fc,claim1
test,589,0.04243067651987076,phase2_eval_fbb30bb4fc_s42,fbb30bb4fc,claim1
test,590,0.005509012844413519,phase2_eval_fbb30bb4fc_s42,fbb30bb4fc,claim1
test,597,0.012172644026577473,phase2_eval_fbb30bb4fc_s42,fbb30bb4fc,claim1
test,606,0.01027008518576622,phase2_eval_fbb30bb4fc_s42,fbb30bb4fc,claim1
test,608,0.020773977041244507,phase2_eval_fbb30bb4fc_s42,fbb30bb4fc,claim1
test,611,0.01498089637607336,phase2_eval_fbb30bb4fc_s42,fbb30bb4fc,claim1
test,613,0.022226601839065552,phase2_eval_fbb30bb4fc_s42,fbb30bb4fc,claim1
test,647,0.03897269070148468,phase2_eval_fbb30bb4fc_s42,fbb30bb4fc,claim1
test,651,0.008076196536421776,phase2_eval_fbb30bb4fc_s42,fbb30bb4fc,claim1
test,664,0.010585795156657696,phase2_eval_fbb30bb4fc_s42,fbb30bb4fc,claim1
test,686,0.008554390631616116,phase2_eval_fbb30bb4fc_s42,fbb30bb4fc,claim1
test,688,0.011391214095056057,phase2_eval_fbb30bb4fc_s42,fbb30bb4fc,claim1
test,702,0.0047701322473585606,phase2_eval_fbb30bb4fc_s42,fbb30bb4fc,claim1
test,705,0.026485281065106392,phase2_eval_fbb30bb4fc_s42,fbb30bb4fc,claim1
test,712,0.013663247227668762,phase2_eval_fbb30bb4fc_s42,fbb30bb4fc,claim1
test,718,0.008408213965594769,phase2_eval_fbb30bb4fc_s42,fbb30bb4fc,claim1
test,727,0.008277857676148415,phase2_eval_fbb30bb4fc_s42,fbb30bb4fc,claim1
test,731,0.008266117423772812,phase2_eval_fbb30bb4fc_s42,fbb30bb4fc,claim1
test,735,0.010419473052024841,phase2_eval_fbb30bb4fc_s42,fbb30bb4fc,claim1
test,739,0.008391054347157478,phase2_eval_fbb30bb4fc_s42,fbb30bb4fc,claim1
test,747,0.007167844567447901,phase2_eval_fbb30bb4fc_s42,fbb30bb4fc,claim1
test,751,0.006035580765455961,phase2_eval_fbb30bb4fc_s42,fbb30bb4fc,claim1
test,753,0.008737300522625446,phase2_eval_fbb30bb4fc_s42,fbb30bb4fc,claim1
test,765,0.011720305308699608,phase2_eval_fbb30bb4fc_s42,fbb30bb4fc,claim1
test,766,0.007784076035022736,phase2_eval_fbb30bb4fc_s42,fbb30bb4fc,claim1
test,779,0.01157850120216608,phase2_eval_fbb30bb4fc_s42,fbb30bb4fc,claim1
test,783,0.01289753895252943,phase2_eval_fbb30bb4fc_s42,fbb30bb4fc,claim1
test,799,0.0069314828142523766,phase2_eval_fbb30bb4fc_s42,fbb30bb4fc,claim1
test,815,0.004822143819183111,phase2_eval_fbb30bb4fc_s42,fbb30bb4fc,claim1
test,830,0.00979054905474186,phase2_eval_fbb30bb4fc_s42,fbb30bb4fc,claim1
test,842,0.010797042399644852,phase2_eval_fbb30bb4fc_s42,fbb30bb4fc,claim1
test,850,0.012914118357002735,phase2_eval_fbb30bb4fc_s42,fbb30bb4fc,claim1
test,852,0.007892227731645107,phase2_eval_fbb30bb4fc_s42,fbb30bb4fc,claim1
test,864,0.005790301598608494,phase2_eval_fbb30bb4fc_s42,fbb30bb4fc,claim1
test,865,0.035782914608716965,phase2_eval_fbb30bb4fc_s42,fbb30bb4fc,claim1
test,867,0.015644604340195656,phase2_eval_fbb30bb4fc_s42,fbb30bb4fc,claim1
test,875,0.010763831436634064,phase2_eval_fbb30bb4fc_s42,fbb30bb4fc,claim1
test,883,0.007839172147214413,phase2_eval_fbb30bb4fc_s42,fbb30bb4fc,claim1
test,884,0.03409161418676376,phase2_eval_fbb30bb4fc_s42,fbb30bb4fc,claim1
test,891,0.008260319009423256,phase2_eval_fbb30bb4fc_s42,fbb30bb4fc,claim1
test,892,0.009235021658241749,phase2_eval_fbb30bb4fc_s42,fbb30bb4fc,claim1
test,893,0.006233264692127705,phase2_eval_fbb30bb4fc_s42,fbb30bb4fc,claim1
test,895,0.00546930730342865,phase2_eval_fbb30bb4fc_s42,fbb30bb4fc,claim1
test,898,0.01759224571287632,phase2_eval_fbb30bb4fc_s42,fbb30bb4fc,claim1
test,900,0.005803003907203674,phase2_eval_fbb30bb4fc_s42,fbb30bb4fc,claim1
test,901,0.011812695302069187,phase2_eval_fbb30bb4fc_s42,fbb30bb4fc,claim1
test,902,0.007358125876635313,phase2_eval_fbb30bb4fc_s42,fbb30bb4fc,claim1
test,909,0.009764212183654308,phase2_eval_fbb30bb4fc_s42,fbb30bb4fc,claim1
test,911,0.010250776074826717,phase2_eval_fbb30bb4fc_s42,fbb30bb4fc,claim1
test,915,0.005746507551521063,phase2_eval_fbb30bb4fc_s42,fbb30bb4fc,claim1
test,919,0.010840868577361107,phase2_eval_fbb30bb4fc_s42,fbb30bb4fc,claim1
test,921,0.007278551813215017,phase2_eval_fbb30bb4fc_s42,fbb30bb4fc,claim1
test,923,0.0064399284310638905,phase2_eval_fbb30bb4fc_s42,fbb30bb4fc,claim1
test,933,0.004505662713199854,phase2_eval_fbb30bb4fc_s42,fbb30bb4fc,claim1
test,951,0.010785241611301899,phase2_eval_fbb30bb4fc_s42,fbb30bb4fc,claim1
test,952,0.011180499568581581,phase2_eval_fbb30bb4fc_s42,fbb30bb4fc,claim1
test,955,0.0109382513910532,phase2_eval_fbb30bb4fc_s42,fbb30bb4fc,claim1
test,958,0.014840465039014816,phase2_eval_fbb30bb4fc_s42,fbb30bb4fc,claim1
test,961,0.00876742321997881,phase2_eval_fbb30bb4fc_s42,fbb30bb4fc,claim1
test,964,0.037447188049554825,phase2_eval_fbb30bb4fc_s42,fbb30bb4fc,claim1
test,978,0.03309895098209381,phase2_eval_fbb30bb4fc_s42,fbb30bb4fc,claim1
test,987,0.007024563383311033,phase2_eval_fbb30bb4fc_s42,fbb30bb4fc,claim1
test,990,0.008039151318371296,phase2_eval_fbb30bb4fc_s42,fbb30bb4fc,claim1
test,1009,0.008488073945045471,phase2_eval_fbb30bb4fc_s42,fbb30bb4fc,claim1
test,1010,0.007892913185060024,phase2_eval_fbb30bb4fc_s42,fbb30bb4fc,claim1
test,1011,0.04526149854063988,phase2_eval_fbb30bb4fc_s42,fbb30bb4fc,claim1
test,1012,0.014895153231918812,phase2_eval_fbb30bb4fc_s42,fbb30bb4fc,claim1
test,1014,0.009587336331605911,phase2_eval_fbb30bb4fc_s42,fbb30bb4fc,claim1
test,1019,0.026439646258950233,phase2_eval_fbb30bb4fc_s42,fbb30bb4fc,claim1
test,1027,0.010953634046018124,phase2_eval_fbb30bb4fc_s42,fbb30bb4fc,claim1
test,1031,0.02880219928920269,phase2_eval_fbb30bb4fc_s42,fbb30bb4fc,claim1
test,1032,0.006951813120394945,phase2_eval_fbb30bb4fc_s42,fbb30bb4fc,claim1
test,1037,0.009278147481381893,phase2_eval_fbb30bb4fc_s42,fbb30bb4fc,claim1
test,1038,0.010159394703805447,phase2_eval_fbb30bb4fc_s42,fbb30bb4fc,claim1
test,1046,0.005753349978476763,phase2_eval_fbb30bb4fc_s42,fbb30bb4fc,claim1
test,1051,0.015708697959780693,phase2_eval_fbb30bb4fc_s42,fbb30bb4fc,claim1
test,1053,0.04304138198494911,phase2_eval_fbb30bb4fc_s42,fbb30bb4fc,claim1
test,1068,0.0064528645016252995,phase2_eval_fbb30bb4fc_s42,fbb30bb4fc,claim1
test,1070,0.0055266981944441795,phase2_eval_fbb30bb4fc_s42,fbb30bb4fc,claim1
test,1082,0.01527639850974083,phase2_eval_fbb30bb4fc_s42,fbb30bb4fc,claim1
test,1102,0.016637908294796944,phase2_eval_fbb30bb4fc_s42,fbb30bb4fc,claim1
test,1106,0.013113324530422688,phase2_eval_fbb30bb4fc_s42,fbb30bb4fc,claim1
test,1117,0.009240210987627506,phase2_eval_fbb30bb4fc_s42,fbb30bb4fc,claim1
test,1130,0.020638637244701385,phase2_eval_fbb30bb4fc_s42,fbb30bb4fc,claim1
test,1171,0.017816465348005295,phase2_eval_fbb30bb4fc_s42,fbb30bb4fc,claim1
test,1173,0.011626866646111012,phase2_eval_fbb30bb4fc_s42,fbb30bb4fc,claim1
test,1181,0.014950630255043507,phase2_eval_fbb30bb4fc_s42,fbb30bb4fc,claim1
test,1188,0.02005917951464653,phase2_eval_fbb30bb4fc_s42,fbb30bb4fc,claim1
test,1207,0.02135119028389454,phase2_eval_fbb30bb4fc_s42,fbb30bb4fc,claim1
test,1210,0.007272433489561081,phase2_eval_fbb30bb4fc_s42,fbb30bb4fc,claim1
test,1218,0.007863749749958515,phase2_eval_fbb30bb4fc_s42,fbb30bb4fc,claim1
test,1220,0.015186585485935211,phase2_eval_fbb30bb4fc_s42,fbb30bb4fc,claim1
test,1233,0.00628437427803874,phase2_eval_fbb30bb4fc_s42,fbb30bb4fc,claim1
test,1245,0.009931032545864582,phase2_eval_fbb30bb4fc_s42,fbb30bb4fc,claim1
test,1264,0.00928971916437149,phase2_eval_fbb30bb4fc_s42,fbb30bb4fc,claim1
test,1268,0.011564717628061771,phase2_eval_fbb30bb4fc_s42,fbb30bb4fc,claim1
test,1273,0.017581764608621597,phase2_eval_fbb30bb4fc_s42,fbb30bb4fc,claim1
test,1277,0.011466833762824535,phase2_eval_fbb30bb4fc_s42,fbb30bb4fc,claim1
test,1278,0.010351473465561867,phase2_eval_fbb30bb4fc_s42,fbb30bb4fc,claim1
test,1285,0.010956928133964539,phase2_eval_fbb30bb4fc_s42,fbb30bb4fc,claim1
test,1289,0.0114717036485672,phase2_eval_fbb30bb4fc_s42,fbb30bb4fc,claim1
test,1298,0.007021255791187286,phase2_eval_fbb30bb4fc_s42,fbb30bb4fc,claim1
test,1305,0.01140138041228056,phase2_eval_fbb30bb4fc_s42,fbb30bb4fc,claim1
test,1308,0.0068794176913797855,phase2_eval_fbb30bb4fc_s42,fbb30bb4fc,claim1
test,1314,0.01097059529274702,phase2_eval_fbb30bb4fc_s42,fbb30bb4fc,claim1
test,1326,0.007559256162494421,phase2_eval_fbb30bb4fc_s42,fbb30bb4fc,claim1
test,1330,0.037356045097112656,phase2_eval_fbb30bb4fc_s42,fbb30bb4fc,claim1
test,1334,0.010687243193387985,phase2_eval_fbb30bb4fc_s42,fbb30bb4fc,claim1
test,1372,0.007722008507698774,phase2_eval_fbb30bb4fc_s42,fbb30bb4fc,claim1
test,1392,0.062060803174972534,phase2_eval_fbb30bb4fc_s42,fbb30bb4fc,claim1
test,1393,0.011626900173723698,phase2_eval_fbb30bb4fc_s42,fbb30bb4fc,claim1
test,1407,0.017356283962726593,phase2_eval_fbb30bb4fc_s42,fbb30bb4fc,claim1
test,1431,0.007032507099211216,phase2_eval_fbb30bb4fc_s42,fbb30bb4fc,claim1
test,1434,0.0518517792224884,phase2_eval_fbb30bb4fc_s42,fbb30bb4fc,claim1
test,1438,0.008156784810125828,phase2_eval_fbb30bb4fc_s42,fbb30bb4fc,claim1
test,1466,0.022409863770008087,phase2_eval_fbb30bb4fc_s42,fbb30bb4fc,claim1
test,1470,0.007821657694876194,phase2_eval_fbb30bb4fc_s42,fbb30bb4fc,claim1
test,1487,0.0075547900050878525,phase2_eval_fbb30bb4fc_s42,fbb30bb4fc,claim1
test,1489,0.015469560399651527,phase2_eval_fbb30bb4fc_s42,fbb30bb4fc,claim1
test,1496,0.024401186034083366,phase2_eval_fbb30bb4fc_s42,fbb30bb4fc,claim1
test,1498,0.03979375585913658,phase2_eval_fbb30bb4fc_s42,fbb30bb4fc,claim1
test,1499,0.0061566815711557865,phase2_eval_fbb30bb4fc_s42,fbb30bb4fc,claim1
test,1519,0.010907656513154507,phase2_eval_fbb30bb4fc_s42,fbb30bb4fc,claim1
test,1531,0.009211140684783459,phase2_eval_fbb30bb4fc_s42,fbb30bb4fc,claim1
test,1552,0.007593192625790834,phase2_eval_fbb30bb4fc_s42,fbb30bb4fc,claim1
test,1578,0.0053340536542236805,phase2_eval_fbb30bb4fc_s42,fbb30bb4fc,claim1
test,1580,0.035275571048259735,phase2_eval_fbb30bb4fc_s42,fbb30bb4fc,claim1
test,1581,0.01245554443448782,phase2_eval_fbb30bb4fc_s42,fbb30bb4fc,claim1
test,1585,0.006653947755694389,phase2_eval_fbb30bb4fc_s42,fbb30bb4fc,claim1
test,1592,0.011717276647686958,phase2_eval_fbb30bb4fc_s42,fbb30bb4fc,claim1
test,1593,0.008668400347232819,phase2_eval_fbb30bb4fc_s42,fbb30bb4fc,claim1
test,1604,0.03341146185994148,phase2_eval_fbb30bb4fc_s42,fbb30bb4fc,claim1
test,1606,0.005595613736659288,phase2_eval_fbb30bb4fc_s42,fbb30bb4fc,claim1
test,1625,0.025269394740462303,phase2_eval_fbb30bb4fc_s42,fbb30bb4fc,claim1
test,1634,0.011238799430429935,phase2_eval_fbb30bb4fc_s42,fbb30bb4fc,claim1
test,1637,0.016264060512185097,phase2_eval_fbb30bb4fc_s42,fbb30bb4fc,claim1
test,1638,0.008572922088205814,phase2_eval_fbb30bb4fc_s42,fbb30bb4fc,claim1
test,1650,0.009796202182769775,phase2_eval_fbb30bb4fc_s42,fbb30bb4fc,claim1
test,1657,0.006575246341526508,phase2_eval_fbb30bb4fc_s42,fbb30bb4fc,claim1
test,1661,0.007651965599507093,phase2_eval_fbb30bb4fc_s42,fbb30bb4fc,claim1
test,1681,0.014039815403521061,phase2_eval_fbb30bb4fc_s42,fbb30bb4fc,claim1
test,1682,0.010466356761753559,phase2_eval_fbb30bb4fc_s42,fbb30bb4fc,claim1
test,1700,0.03631078079342842,phase2_eval_fbb30bb4fc_s42,fbb30bb4fc,claim1
test,1702,0.006883140187710524,phase2_eval_fbb30bb4fc_s42,fbb30bb4fc,claim1
test,1707,0.014742573723196983,phase2_eval_fbb30bb4fc_s42,fbb30bb4fc,claim1
test,1718,0.008873306214809418,phase2_eval_fbb30bb4fc_s42,fbb30bb4fc,claim1
test,1724,0.009276233613491058,phase2_eval_fbb30bb4fc_s42,fbb30bb4fc,claim1
test,1731,0.013502554036676884,phase2_eval_fbb30bb4fc_s42,fbb30bb4fc,claim1
test,1734,0.011242459528148174,phase2_eval_fbb30bb4fc_s42,fbb30bb4fc,claim1
test,1739,0.009026141837239265,phase2_eval_fbb30bb4fc_s42,fbb30bb4fc,claim1
test,1742,0.014278825372457504,phase2_eval_fbb30bb4fc_s42,fbb30bb4fc,claim1
test,1767,0.008413410745561123,phase2_eval_fbb30bb4fc_s42,fbb30bb4fc,claim1
test,1778,0.009007601998746395,phase2_eval_fbb30bb4fc_s42,fbb30bb4fc,claim1
test,1779,0.010199809446930885,phase2_eval_fbb30bb4fc_s42,fbb30bb4fc,claim1
test,1784,0.02999003790318966,phase2_eval_fbb30bb4fc_s42,fbb30bb4fc,claim1
test,1789,0.016590727493166924,phase2_eval_fbb30bb4fc_s42,fbb30bb4fc,claim1
test,1794,0.006075653713196516,phase2_eval_fbb30bb4fc_s42,fbb30bb4fc,claim1
test,1799,0.016484437510371208,phase2_eval_fbb30bb4fc_s42,fbb30bb4fc,claim1
test,1807,0.012548723258078098,phase2_eval_fbb30bb4fc_s42,fbb30bb4fc,claim1
test,1808,0.011630483902990818,phase2_eval_fbb30bb4fc_s42,fbb30bb4fc,claim1
test,1813,0.014434592798352242,phase2_eval_fbb30bb4fc_s42,fbb30bb4fc,claim1
test,1815,0.014970457181334496,phase2_eval_fbb30bb4fc_s42,fbb30bb4fc,claim1
test,1841,0.012463325634598732,phase2_eval_fbb30bb4fc_s42,fbb30bb4fc,claim1
test,1864,0.010018084198236465,phase2_eval_fbb30bb4fc_s42,fbb30bb4fc,claim1
test,1865,0.011879287660121918,phase2_eval_fbb30bb4fc_s42,fbb30bb4fc,claim1
test,1871,0.008945050649344921,phase2_eval_fbb30bb4fc_s42,fbb30bb4fc,claim1
test,1888,0.014367498457431793,phase2_eval_fbb30bb4fc_s42,fbb30bb4fc,claim1
test,1912,0.03820694237947464,phase2_eval_fbb30bb4fc_s42,fbb30bb4fc,claim1
test,1915,0.011310681700706482,phase2_eval_fbb30bb4fc_s42,fbb30bb4fc,claim1
test,1917,0.012404595501720905,phase2_eval_fbb30bb4fc_s42,fbb30bb4fc,claim1
test,1930,0.024579495191574097,phase2_eval_fbb30bb4fc_s42,fbb30bb4fc,claim1
test,1931,0.01383886020630598,phase2_eval_fbb30bb4fc_s42,fbb30bb4fc,claim1
test,1942,0.010036865249276161,phase2_eval_fbb30bb4fc_s42,fbb30bb4fc,claim1
test,1944,0.011211111210286617,phase2_eval_fbb30bb4fc_s42,fbb30bb4fc,claim1
test,1951,0.008480329066514969,phase2_eval_fbb30bb4fc_s42,fbb30bb4fc,claim1
test,1976,0.011452802456915379,phase2_eval_fbb30bb4fc_s42,fbb30bb4fc,claim1
test,1980,0.006692103575915098,phase2_eval_fbb30bb4fc_s42,fbb30bb4fc,claim1
test,1989,0.007851319387555122,phase2_eval_fbb30bb4fc_s42,fbb30bb4fc,claim1
test,1990,0.007542682345956564,phase2_eval_fbb30bb4fc_s42,fbb30bb4fc,claim1
test,1998,0.025072850286960602,phase2_eval_fbb30bb4fc_s42,fbb30bb4fc,claim1
test,2006,0.013549010269343853,phase2_eval_fbb30bb4fc_s42,fbb30bb4fc,claim1
test,2022,0.04249665141105652,phase2_eval_fbb30bb4fc_s42,fbb30bb4fc,claim1
test,2023,0.008646285161376,phase2_eval_fbb30bb4fc_s42,fbb30bb4fc,claim1
test,2047,0.013164705596864223,phase2_eval_fbb30bb4fc_s42,fbb30bb4fc,claim1
test,2056,0.020541194826364517,phase2_eval_fbb30bb4fc_s42,fbb30bb4fc,claim1
test,2058,0.025112401694059372,phase2_eval_fbb30bb4fc_s42,fbb30bb4fc,claim1
test,2061,0.008408510126173496,phase2_eval_fbb30bb4fc_s42,fbb30bb4fc,claim1
test,2075,0.00839069951325655,phase2_eval_fbb30bb4fc_s42,fbb30bb4fc,claim1
test,2078,0.012047423049807549,phase2_eval_fbb30bb4fc_s42,fbb30bb4fc,claim1
test,2081,0.01599896140396595,phase2_eval_fbb30bb4fc_s42,fbb30bb4fc,claim1
test,2092,0.00760647701099515,phase2_eval_fbb30bb4fc_s42,fbb30bb4fc,claim1
test,2100,0.011561154387891293,phase2_eval_fbb30bb4fc_s42,fbb30bb4fc,claim1
test,2101,0.014463973231613636,phase2_eval_fbb30bb4fc_s42,fbb30bb4fc,claim1
test,2102,0.013518190011382103,phase2_eval_fbb30bb4fc_s42,fbb30bb4fc,claim1
test,2105,0.031053995713591576,phase2_eval_fbb30bb4fc_s42,fbb30bb4fc,claim1
test,2110,0.008766439743340015,phase2_eval_fbb30bb4fc_s42,fbb30bb4fc,claim1
test,2120,0.008680308237671852,phase2_eval_fbb30bb4fc_s42,fbb30bb4fc,claim1
test,2134,0.008240188471972942,phase2_eval_fbb30bb4fc_s42,fbb30bb4fc,claim1
test,2135,0.006505797151476145,phase2_eval_fbb30bb4fc_s42,fbb30bb4fc,claim1
test,2142,0.06153598055243492,phase2_eval_fbb30bb4fc_s42,fbb30bb4fc,claim1
test,2144,0.006139084231108427,phase2_eval_fbb30bb4fc_s42,fbb30bb4fc,claim1
test,2154,0.022161681205034256,phase2_eval_fbb30bb4fc_s42,fbb30bb4fc,claim1
test,2158,0.023004576563835144,phase2_eval_fbb30bb4fc_s42,fbb30bb4fc,claim1
test,2159,0.01379701029509306,phase2_eval_fbb30bb4fc_s42,fbb30bb4fc,claim1
test,2163,0.01575304940342903,phase2_eval_fbb30bb4fc_s42,fbb30bb4fc,claim1
test,2165,0.011506381444633007,phase2_eval_fbb30bb4fc_s42,fbb30bb4fc,claim1
test,2174,0.029608607292175293,phase2_eval_fbb30bb4fc_s42,fbb30bb4fc,claim1
test,2177,0.01747984066605568,phase2_eval_fbb30bb4fc_s42,fbb30bb4fc,claim1
test,2191,0.027267159894108772,phase2_eval_fbb30bb4fc_s42,fbb30bb4fc,claim1
test,2203,0.006858831737190485,phase2_eval_fbb30bb4fc_s42,fbb30bb4fc,claim1
test,2206,0.005323332734405994,phase2_eval_fbb30bb4fc_s42,fbb30bb4fc,claim1
test,2209,0.016304513439536095,phase2_eval_fbb30bb4fc_s42,fbb30bb4fc,claim1
test,2211,0.011521232314407825,phase2_eval_fbb30bb4fc_s42,fbb30bb4fc,claim1
test,2214,0.005012368783354759,phase2_eval_fbb30bb4fc_s42,fbb30bb4fc,claim1
test,2218,0.009341164492070675,phase2_eval_fbb30bb4fc_s42,fbb30bb4fc,claim1
test,2243,0.010136902332305908,phase2_eval_fbb30bb4fc_s42,fbb30bb4fc,claim1
test,2251,0.010516817681491375,phase2_eval_fbb30bb4fc_s42,fbb30bb4fc,claim1
test,2253,0.014710384421050549,phase2_eval_fbb30bb4fc_s42,fbb30bb4fc,claim1
test,2270,0.007282921113073826,phase2_eval_fbb30bb4fc_s42,fbb30bb4fc,claim1
test,2280,0.007130236830562353,phase2_eval_fbb30bb4fc_s42,fbb30bb4fc,claim1
test,2289,0.022181272506713867,phase2_eval_fbb30bb4fc_s42,fbb30bb4fc,claim1
test,2328,0.0471823550760746,phase2_eval_fbb30bb4fc_s42,fbb30bb4fc,claim1
test,2331,0.00839994102716446,phase2_eval_fbb30bb4fc_s42,fbb30bb4fc,claim1
test,2376,0.006283671595156193,phase2_eval_fbb30bb4fc_s42,fbb30bb4fc,claim1
test,2384,0.007499417755752802,phase2_eval_fbb30bb4fc_s42,fbb30bb4fc,claim1
test,2432,0.012230473570525646,phase2_eval_fbb30bb4fc_s42,fbb30bb4fc,claim1
test,2434,0.018021980300545692,phase2_eval_fbb30bb4fc_s42,fbb30bb4fc,claim1
test,2445,0.012067237868905067,phase2_eval_fbb30bb4fc_s42,fbb30bb4fc,claim1
test,2446,0.012758651748299599,phase2_eval_fbb30bb4fc_s42,fbb30bb4fc,claim1
test,2451,0.00731290178373456,phase2_eval_fbb30bb4fc_s42,fbb30bb4fc,claim1
test,2456,0.00900372862815857,phase2_eval_fbb30bb4fc_s42,fbb30bb4fc,claim1
test,2466,0.005400721449404955,phase2_eval_fbb30bb4fc_s42,fbb30bb4fc,claim1
test,2479,0.01106734573841095,phase2_eval_fbb30bb4fc_s42,fbb30bb4fc,claim1
test,2488,0.017864679917693138,phase2_eval_fbb30bb4fc_s42,fbb30bb4fc,claim1
test,2495,0.017107393592596054,phase2_eval_fbb30bb4fc_s42,fbb30bb4fc,claim1
test,2499,0.008310587145388126,phase2_eval_fbb30bb4fc_s42,fbb30bb4fc,claim1
test,2502,0.01819540746510029,phase2_eval_fbb30bb4fc_s42,fbb30bb4fc,claim1
test,2503,0.025431549176573753,phase2_eval_fbb30bb4fc_s42,fbb30bb4fc,claim1
test,2506,0.004765626974403858,phase2_eval_fbb30bb4fc_s42,fbb30bb4fc,claim1
test,2527,0.018913649022579193,phase2_eval_fbb30bb4fc_s42,fbb30bb4fc,claim1
test,2533,0.008110958151519299,phase2_eval_fbb30bb4fc_s42,fbb30bb4fc,claim1
test,2537,0.013993400149047375,phase2_eval_fbb30bb4fc_s42,fbb30bb4fc,claim1
test,2565,0.011493670754134655,phase2_eval_fbb30bb4fc_s42,fbb30bb4fc,claim1
test,2575,0.018659107387065887,phase2_eval_fbb30bb4fc_s42,fbb30bb4fc,claim1
test,2584,0.025681937113404274,phase2_eval_fbb30bb4fc_s42,fbb30bb4fc,claim1
test,2588,0.01113811694085598,phase2_eval_fbb30bb4fc_s42,fbb30bb4fc,claim1
test,2593,0.013646579347550869,phase2_eval_fbb30bb4fc_s42,fbb30bb4fc,claim1
test,2604,0.010093387216329575,phase2_eval_fbb30bb4fc_s42,fbb30bb4fc,claim1
test,2605,0.011049826629459858,phase2_eval_fbb30bb4fc_s42,fbb30bb4fc,claim1
test,2619,0.011098150163888931,phase2_eval_fbb30bb4fc_s42,fbb30bb4fc,claim1
test,2646,0.05604756250977516,phase2_eval_fbb30bb4fc_s42,fbb30bb4fc,claim1
test,2648,0.007686262018978596,phase2_eval_fbb30bb4fc_s42,fbb30bb4fc,claim1
test,2667,0.011625661514699459,phase2_eval_fbb30bb4fc_s42,fbb30bb4fc,claim1
test,2676,0.03781014680862427,phase2_eval_fbb30bb4fc_s42,fbb30bb4fc,claim1
test,2682,0.007752746809273958,phase2_eval_fbb30bb4fc_s42,fbb30bb4fc,claim1
test,2689,0.015745962038636208,phase2_eval_fbb30bb4fc_s42,fbb30bb4fc,claim1
test,2706,0.0076446207240223885,phase2_eval_fbb30bb4fc_s42,fbb30bb4fc,claim1
test,2709,0.007003110367804766,phase2_eval_fbb30bb4fc_s42,fbb30bb4fc,claim1
test,2715,0.0065163359977304935,phase2_eval_fbb30bb4fc_s42,fbb30bb4fc,claim1
test,2734,0.010308215394616127,phase2_eval_fbb30bb4fc_s42,fbb30bb4fc,claim1
test,2738,0.014052285812795162,phase2_eval_fbb30bb4fc_s42,fbb30bb4fc,claim1
test,2739,0.00880475901067257,phase2_eval_fbb30bb4fc_s42,fbb30bb4fc,claim1
test,2741,0.01598503254354,phase2_eval_fbb30bb4fc_s42,fbb30bb4fc,claim1
test,2743,0.006936680059880018,phase2_eval_fbb30bb4fc_s42,fbb30bb4fc,claim1
test,2745,0.009330758824944496,phase2_eval_fbb30bb4fc_s42,fbb30bb4fc,claim1
test,2768,0.015875481069087982,phase2_eval_fbb30bb4fc_s42,fbb30bb4fc,claim1
test,2771,0.011079548858106136,phase2_eval_fbb30bb4fc_s42,fbb30bb4fc,claim1
test,2782,0.039298590272665024,phase2_eval_fbb30bb4fc_s42,fbb30bb4fc,claim1
test,2784,0.026391606777906418,phase2_eval_fbb30bb4fc_s42,fbb30bb4fc,claim1
test,2792,0.011763162910938263,phase2_eval_fbb30bb4fc_s42,fbb30bb4fc,claim1
test,2795,0.009551241993904114,phase2_eval_fbb30bb4fc_s42,fbb30bb4fc,claim1
test,2799,0.007827810011804104,phase2_eval_fbb30bb4fc_s42,fbb30bb4fc,claim1
test,2803,0.01276792399585247,phase2_eval_fbb30bb4fc_s42,fbb30bb4fc,claim1
test,2808,0.009359625168144703,phase2_eval_fbb30bb4fc_s42,fbb30bb4fc,claim1
test,2820,0.02241203375160694,phase2_eval_fbb30bb4fc_s42,fbb30bb4fc,claim1
test,2827,0.014106115326285362,phase2_eval_fbb30bb4fc_s42,fbb30bb4fc,claim1
test,2833,0.006873135454952717,phase2_eval_fbb30bb4fc_s42,fbb30bb4fc,claim1
test,2838,0.020259341225028038,phase2_eval_fbb30bb4fc_s42,fbb30bb4fc,claim1
test,2855,0.005210869014263153,phase2_eval_fbb30bb4fc_s42,fbb30bb4fc,claim1
test,2865,0.015377232804894447,phase2_eval_fbb30bb4fc_s42,fbb30bb4fc,claim1
test,2875,0.009768356569111347,phase2_eval_fbb30bb4fc_s42,fbb30bb4fc,claim1
test,2879,0.012615694664418697,phase2_eval_fbb30bb4fc_s42,fbb30bb4fc,claim1
test,2893,0.006222566589713097,phase2_eval_fbb30bb4fc_s42,fbb30bb4fc,claim1
test,2902,0.036398936063051224,phase2_eval_fbb30bb4fc_s42,fbb30bb4fc,claim1
test,2908,0.021260347217321396,phase2_eval_fbb30bb4fc_s42,fbb30bb4fc,claim1
test,2918,0.011949393898248672,phase2_eval_fbb30bb4fc_s42,fbb30bb4fc,claim1
test,2940,0.01661611907184124,phase2_eval_fbb30bb4fc_s42,fbb30bb4fc,claim1
test,2943,0.013107485137879848,phase2_eval_fbb30bb4fc_s42,fbb30bb4fc,claim1
test,2947,0.01894652657210827,phase2_eval_fbb30bb4fc_s42,fbb30bb4fc,claim1
test,2952,0.01979842782020569,phase2_eval_fbb30bb4fc_s42,fbb30bb4fc,claim1
test,2962,0.005937397945672274,phase2_eval_fbb30bb4fc_s42,fbb30bb4fc,claim1
test,2971,0.01831410452723503,phase2_eval_fbb30bb4fc_s42,fbb30bb4fc,claim1
test,2982,0.005587485618889332,phase2_eval_fbb30bb4fc_s42,fbb30bb4fc,claim1
test,2984,0.00896591879427433,phase2_eval_fbb30bb4fc_s42,fbb30bb4fc,claim1
test,2986,0.030097315087914467,phase2_eval_fbb30bb4fc_s42,fbb30bb4fc,claim1
test,2998,0.011577778495848179,phase2_eval_fbb30bb4fc_s42,fbb30bb4fc,claim1
test,3000,0.011694755405187607,phase2_eval_fbb30bb4fc_s42,fbb30bb4fc,claim1
test,3007,0.007125802803784609,phase2_eval_fbb30bb4fc_s42,fbb30bb4fc,claim1
test,3011,0.0065012359991669655,phase2_eval_fbb30bb4fc_s42,fbb30bb4fc,claim1
test,3012,0.01568104512989521,phase2_eval_fbb30bb4fc_s42,fbb30bb4fc,claim1
test,3026,0.00534840440377593,phase2_eval_fbb30bb4fc_s42,fbb30bb4fc,claim1
test,3034,0.036543022841215134,phase2_eval_fbb30bb4fc_s42,fbb30bb4fc,claim1
test,3036,0.04543205723166466,phase2_eval_fbb30bb4fc_s42,fbb30bb4fc,claim1
test,3039,0.014750037342309952,phase2_eval_fbb30bb4fc_s42,fbb30bb4fc,claim1
test,3045,0.00624846201390028,phase2_eval_fbb30bb4fc_s42,fbb30bb4fc,claim1
test,3049,0.013781401328742504,phase2_eval_fbb30bb4fc_s42,fbb30bb4fc,claim1
test,3061,0.017150701954960823,phase2_eval_fbb30bb4fc_s42,fbb30bb4fc,claim1
test,3064,0.0314851813018322,phase2_eval_fbb30bb4fc_s42,fbb30bb4fc,claim1
test,3073,0.006454261019825935,phase2_eval_fbb30bb4fc_s42,fbb30bb4fc,claim1
test,3074,0.013094708323478699,phase2_eval_fbb30bb4fc_s42,fbb30bb4fc,claim1
test,3078,0.015216629952192307,phase2_eval_fbb30bb4fc_s42,fbb30bb4fc,claim1
test,3079,0.011049896478652954,phase2_eval_fbb30bb4fc_s42,fbb30bb4fc,claim1
test,3088,0.009969437494874,phase2_eval_fbb30bb4fc_s42,fbb30bb4fc,claim1
test,3090,0.008432695642113686,phase2_eval_fbb30bb4fc_s42,fbb30bb4fc,claim1
test,3100,0.008276475593447685,phase2_eval_fbb30bb4fc_s42,fbb30bb4fc,claim1
test,3101,0.011262251995503902,phase2_eval_fbb30bb4fc_s42,fbb30bb4fc,claim1
test,3114,0.009170188568532467,phase2_eval_fbb30bb4fc_s42,fbb30bb4fc,claim1
test,3120,0.010477784089744091,phase2_eval_fbb30bb4fc_s42,fbb30bb4fc,claim1
test,3150,0.01863504946231842,phase2_eval_fbb30bb4fc_s42,fbb30bb4fc,claim1
test,3160,0.020828209817409515,phase2_eval_fbb30bb4fc_s42,fbb30bb4fc,claim1
test,3164,0.01334172673523426,phase2_eval_fbb30bb4fc_s42,fbb30bb4fc,claim1
test,3172,0.011110419407486916,phase2_eval_fbb30bb4fc_s42,fbb30bb4fc,claim1
test,3174,0.010386080481112003,phase2_eval_fbb30bb4fc_s42,fbb30bb4fc,claim1
test,3187,0.011235940270125866,phase2_eval_fbb30bb4fc_s42,fbb30bb4fc,claim1
test,3189,0.05375084653496742,phase2_eval_fbb30bb4fc_s42,fbb30bb4fc,claim1
test,3193,0.021311080083251,phase2_eval_fbb30bb4fc_s42,fbb30bb4fc,claim1
test,3225,0.014703990891575813,phase2_eval_fbb30bb4fc_s42,fbb30bb4fc,claim1
test,3228,0.014008818194270134,phase2_eval_fbb30bb4fc_s42,fbb30bb4fc,claim1
test,3248,0.019277561455965042,phase2_eval_fbb30bb4fc_s42,fbb30bb4fc,claim1
test,3251,0.010471987538039684,phase2_eval_fbb30bb4fc_s42,fbb30bb4fc,claim1
test,3253,0.020144019275903702,phase2_eval_fbb30bb4fc_s42,fbb30bb4fc,claim1
test,3255,0.0099096754565835,phase2_eval_fbb30bb4fc_s42,fbb30bb4fc,claim1
test,3264,0.008229874074459076,phase2_eval_fbb30bb4fc_s42,fbb30bb4fc,claim1
test,3274,0.04180021211504936,phase2_eval_fbb30bb4fc_s42,fbb30bb4fc,claim1
test,3275,0.006016602739691734,phase2_eval_fbb30bb4fc_s42,fbb30bb4fc,claim1
test,3277,0.022215180099010468,phase2_eval_fbb30bb4fc_s42,fbb30bb4fc,claim1
test,3283,0.006242057774215937,phase2_eval_fbb30bb4fc_s42,fbb30bb4fc,claim1
test,3285,0.007994585670530796,phase2_eval_fbb30bb4fc_s42,fbb30bb4fc,claim1
test,3305,0.029443711042404175,phase2_eval_fbb30bb4fc_s42,fbb30bb4fc,claim1
test,3312,0.014376373961567879,phase2_eval_fbb30bb4fc_s42,fbb30bb4fc,claim1
test,3314,0.017180612310767174,phase2_eval_fbb30bb4fc_s42,fbb30bb4fc,claim1
test,3317,0.010444109328091145,phase2_eval_fbb30bb4fc_s42,fbb30bb4fc,claim1
test,3319,0.04533763602375984,phase2_eval_fbb30bb4fc_s42,fbb30bb4fc,claim1
test,3324,0.005874380934983492,phase2_eval_fbb30bb4fc_s42,fbb30bb4fc,claim1
test,3327,0.007506110239773989,phase2_eval_fbb30bb4fc_s42,fbb30bb4fc,claim1
test,3340,0.006395976524800062,phase2_eval_fbb30bb4fc_s42,fbb30bb4fc,claim1
test,3352,0.021247006952762604,phase2_eval_fbb30bb4fc_s42,fbb30bb4fc,claim1
test,3363,0.017194820567965508,phase2_eval_fbb30bb4fc_s42,fbb30bb4fc,claim1
test,3371,0.006907506380230188,phase2_eval_fbb30bb4fc_s42,fbb30bb4fc,claim1
test,3374,0.022145763039588928,phase2_eval_fbb30bb4fc_s42,fbb30bb4fc,claim1
test,3409,0.012664048001170158,phase2_eval_fbb30bb4fc_s42,fbb30bb4fc,claim1
test,3411,0.00990066397935152,phase2_eval_fbb30bb4fc_s42,fbb30bb4fc,claim1
test,3414,0.010974465869367123,phase2_eval_fbb30bb4fc_s42,fbb30bb4fc,claim1
test,3462,0.014912226237356663,phase2_eval_fbb30bb4fc_s42,fbb30bb4fc,claim1
test,3478,0.0063542393036186695,phase2_eval_fbb30bb4fc_s42,fbb30bb4fc,claim1
test,3479,0.057342059910297394,phase2_eval_fbb30bb4fc_s42,fbb30bb4fc,claim1
test,3483,0.008959868922829628,phase2_eval_fbb30bb4fc_s42,fbb30bb4fc,claim1
test,3500,0.04453394189476967,phase2_eval_fbb30bb4fc_s42,fbb30bb4fc,claim1
test,3505,0.013527726754546165,phase2_eval_fbb30bb4fc_s42,fbb30bb4fc,claim1
test,3511,0.007011617999523878,phase2_eval_fbb30bb4fc_s42,fbb30bb4fc,claim1
test,3516,0.012594334781169891,phase2_eval_fbb30bb4fc_s42,fbb30bb4fc,claim1
test,3520,0.012049439363181591,phase2_eval_fbb30bb4fc_s42,fbb30bb4fc,claim1
test,3531,0.005866385065019131,phase2_eval_fbb30bb4fc_s42,fbb30bb4fc,claim1
test,3541,0.01752837561070919,phase2_eval_fbb30bb4fc_s42,fbb30bb4fc,claim1
test,3562,0.026719573885202408,phase2_eval_fbb30bb4fc_s42,fbb30bb4fc,claim1
test,3589,0.015975235030055046,phase2_eval_fbb30bb4fc_s42,fbb30bb4fc,claim1
test,3597,0.00682412926107645,phase2_eval_fbb30bb4fc_s42,fbb30bb4fc,claim1
test,3610,0.00775290047749877,phase2_eval_fbb30bb4fc_s42,fbb30bb4fc,claim1
test,3620,0.013612993061542511,phase2_eval_fbb30bb4fc_s42,fbb30bb4fc,claim1
test,3629,0.00675493897870183,phase2_eval_fbb30bb4fc_s42,fbb30bb4fc,claim1
test,3641,0.01011553592979908,phase2_eval_fbb30bb4fc_s42,fbb30bb4fc,claim1
test,3643,0.008131543174386024,phase2_eval_fbb30bb4fc_s42,fbb30bb4fc,claim1
test,3661,0.01582743227481842,phase2_eval_fbb30bb4fc_s42,fbb30bb4fc,claim1
test,3686,0.010385438799858093,phase2_eval_fbb30bb4fc_s42,fbb30bb4fc,claim1
test,3690,0.005740150343626738,phase2_eval_fbb30bb4fc_s42,fbb30bb4fc,claim1
test,3694,0.03014407865703106,phase2_eval_fbb30bb4fc_s42,fbb30bb4fc,claim1
test,3698,0.00886150635778904,phase2_eval_fbb30bb4fc_s42,fbb30bb4fc,claim1
test,3699,0.00883654784411192,phase2_eval_fbb30bb4fc_s42,fbb30bb4fc,claim1
test,3706,0.007597907911986113,phase2_eval_fbb30bb4fc_s42,fbb30bb4fc,claim1
test,3726,0.05311517417430878,phase2_eval_fbb30bb4fc_s42,fbb30bb4fc,claim1
test,3735,0.009593166410923004,phase2_eval_fbb30bb4fc_s42,fbb30bb4fc,claim1
test,3736,0.010414035990834236,phase2_eval_fbb30bb4fc_s42,fbb30bb4fc,claim1
test,3738,0.0194413922727108,phase2_eval_fbb30bb4fc_s42,fbb30bb4fc,claim1
test,3740,0.014254112727940083,phase2_eval_fbb30bb4fc_s42,fbb30bb4fc,claim1
test,3757,0.01314112450927496,phase2_eval_fbb30bb4fc_s42,fbb30bb4fc,claim1
test,3772,0.013209868222475052,phase2_eval_fbb30bb4fc_s42,fbb30bb4fc,claim1
test,3773,0.008759790100157261,phase2_eval_fbb30bb4fc_s42,fbb30bb4fc,claim1
test,3779,0.011052303947508335,phase2_eval_fbb30bb4fc_s42,fbb30bb4fc,claim1
test,3792,0.04138997569680214,phase2_eval_fbb30bb4fc_s42,fbb30bb4fc,claim1
test,3801,0.006994897965341806,phase2_eval_fbb30bb4fc_s42,fbb30bb4fc,claim1
test,3813,0.01621265523135662,phase2_eval_fbb30bb4fc_s42,fbb30bb4fc,claim1
test,3821,0.009311203844845295,phase2_eval_fbb30bb4fc_s42,fbb30bb4fc,claim1
test,3826,0.056244783103466034,phase2_eval_fbb30bb4fc_s42,fbb30bb4fc,claim1
test,3846,0.019368097186088562,phase2_eval_fbb30bb4fc_s42,fbb30bb4fc,claim1
test,3867,0.007629422936588526,phase2_eval_fbb30bb4fc_s42,fbb30bb4fc,claim1
test,3869,0.01315346173942089,phase2_eval_fbb30bb4fc_s42,fbb30bb4fc,claim1
test,3876,0.019946789368987083,phase2_eval_fbb30bb4fc_s42,fbb30bb4fc,claim1
test,3880,0.015077605843544006,phase2_eval_fbb30bb4fc_s42,fbb30bb4fc,claim1
test,3889,0.007570943329483271,phase2_eval_fbb30bb4fc_s42,fbb30bb4fc,claim1
test,3892,0.00981344748288393,phase2_eval_fbb30bb4fc_s42,fbb30bb4fc,claim1
test,3903,0.0181420911103487,phase2_eval_fbb30bb4fc_s42,fbb30bb4fc,claim1
test,3906,0.04486062005162239,phase2_eval_fbb30bb4fc_s42,fbb30bb4fc,claim1
test,3909,0.007837939076125622,phase2_eval_fbb30bb4fc_s42,fbb30bb4fc,claim1
test,3915,0.00852434802800417,phase2_eval_fbb30bb4fc_s42,fbb30bb4fc,claim1
test,3934,0.016374897211790085,phase2_eval_fbb30bb4fc_s42,fbb30bb4fc,claim1
test,3935,0.05052343010902405,phase2_eval_fbb30bb4fc_s42,fbb30bb4fc,claim1
test,3936,0.0069922492839396,phase2_eval_fbb30bb4fc_s42,fbb30bb4fc,claim1
test,3939,0.00869525596499443,phase2_eval_fbb30bb4fc_s42,fbb30bb4fc,claim1
test,3941,0.01285986602306366,phase2_eval_fbb30bb4fc_s42,fbb30bb4fc,claim1
test,3943,0.009972690604627132,phase2_eval_fbb30bb4fc_s42,fbb30bb4fc,claim1
test,3944,0.014165021479129791,phase2_eval_fbb30bb4fc_s42,fbb30bb4fc,claim1
test,3950,0.012200846336781979,phase2_eval_fbb30bb4fc_s42,fbb30bb4fc,claim1
test,3956,0.020184794440865517,phase2_eval_fbb30bb4fc_s42,fbb30bb4fc,claim1
test,3973,0.009551567025482655,phase2_eval_fbb30bb4fc_s42,fbb30bb4fc,claim1
test,3976,0.006296747364103794,phase2_eval_fbb30bb4fc_s42,fbb30bb4fc,claim1
test,3979,0.013823035173118114,phase2_eval_fbb30bb4fc_s42,fbb30bb4fc,claim1
test,3980,0.0053121293894946575,phase2_eval_fbb30bb4fc_s42,fbb30bb4fc,claim1
test,3995,0.011756795458495617,phase2_eval_fbb30bb4fc_s42,fbb30bb4fc,claim1
test,3998,0.025571733713150024,phase2_eval_fbb30bb4fc_s42,fbb30bb4fc,claim1
test,4000,0.008014394901692867,phase2_eval_fbb30bb4fc_s42,fbb30bb4fc,claim1
test,4004,0.008742249570786953,phase2_eval_fbb30bb4fc_s42,fbb30bb4fc,claim1
test,4005,0.005860587581992149,phase2_eval_fbb30bb4fc_s42,fbb30bb4fc,claim1
test,4013,0.007849028334021568,phase2_eval_fbb30bb4fc_s42,fbb30bb4fc,claim1
test,4015,0.015327181667089462,phase2_eval_fbb30bb4fc_s42,fbb30bb4fc,claim1
test,4021,0.008793376386165619,phase2_eval_fbb30bb4fc_s42,fbb30bb4fc,claim1
test,4025,0.004839022643864155,phase2_eval_fbb30bb4fc_s42,fbb30bb4fc,claim1
test,4035,0.010450376197695732,phase2_eval_fbb30bb4fc_s42,fbb30bb4fc,claim1
test,4044,0.00723276799544692,phase2_eval_fbb30bb4fc_s42,fbb30bb4fc,claim1
test,4067,0.023364875465631485,phase2_eval_fbb30bb4fc_s42,fbb30bb4fc,claim1
test,4081,0.005084477365016937,phase2_eval_fbb30bb4fc_s42,fbb30bb4fc,claim1
test,4101,0.011967169120907784,phase2_eval_fbb30bb4fc_s42,fbb30bb4fc,claim1
test,4107,0.016026893630623817,phase2_eval_fbb30bb4fc_s42,fbb30bb4fc,claim1
test,4121,0.008510989136993885,phase2_eval_fbb30bb4fc_s42,fbb30bb4fc,claim1
test,4122,0.007120389025658369,phase2_eval_fbb30bb4fc_s42,fbb30bb4fc,claim1
test,4137,0.006726973690092564,phase2_eval_fbb30bb4fc_s42,fbb30bb4fc,claim1
test,4141,0.01810179464519024,phase2_eval_fbb30bb4fc_s42,fbb30bb4fc,claim1
test,4164,0.012882542796432972,phase2_eval_fbb30bb4fc_s42,fbb30bb4fc,claim1
test,4169,0.00714090233668685,phase2_eval_fbb30bb4fc_s42,fbb30bb4fc,claim1
test,4175,0.006798901595175266,phase2_eval_fbb30bb4fc_s42,fbb30bb4fc,claim1
test,4187,0.018946340307593346,phase2_eval_fbb30bb4fc_s42,fbb30bb4fc,claim1
test,4206,0.011132432147860527,phase2_eval_fbb30bb4fc_s42,fbb30bb4fc,claim1
test,4207,0.04223978891968727,phase2_eval_fbb30bb4fc_s42,fbb30bb4fc,claim1
test,4209,0.008207879960536957,phase2_eval_fbb30bb4fc_s42,fbb30bb4fc,claim1
test,4214,0.007004828657954931,phase2_eval_fbb30bb4fc_s42,fbb30bb4fc,claim1
test,4216,0.012420092709362507,phase2_eval_fbb30bb4fc_s42,fbb30bb4fc,claim1
test,4217,0.008167006075382233,phase2_eval_fbb30bb4fc_s42,fbb30bb4fc,claim1
test,4218,0.008167382329702377,phase2_eval_fbb30bb4fc_s42,fbb30bb4fc,claim1
test,4219,0.006437988486140966,phase2_eval_fbb30bb4fc_s42,fbb30bb4fc,claim1
test,4220,0.021471619606018066,phase2_eval_fbb30bb4fc_s42,fbb30bb4fc,claim1
test,4232,0.027227049693465233,phase2_eval_fbb30bb4fc_s42,fbb30bb4fc,claim1
test,4239,0.009977681562304497,phase2_eval_fbb30bb4fc_s42,fbb30bb4fc,claim1
test,4241,0.02311585657298565,phase2_eval_fbb30bb4fc_s42,fbb30bb4fc,claim1
test,4245,0.006551463156938553,phase2_eval_fbb30bb4fc_s42,fbb30bb4fc,claim1
test,4256,0.019585270434617996,phase2_eval_fbb30bb4fc_s42,fbb30bb4fc,claim1
test,4264,0.01337897963821888,phase2_eval_fbb30bb4fc_s42,fbb30bb4fc,claim1
test,4265,0.011329025961458683,phase2_eval_fbb30bb4fc_s42,fbb30bb4fc,claim1
test,4267,0.040517255663871765,phase2_eval_fbb30bb4fc_s42,fbb30bb4fc,claim1
test,4272,0.007127351127564907,phase2_eval_fbb30bb4fc_s42,fbb30bb4fc,claim1
test,4280,0.042303986847400665,phase2_eval_fbb30bb4fc_s42,fbb30bb4fc,claim1
test,4297,0.00987960584461689,phase2_eval_fbb30bb4fc_s42,fbb30bb4fc,claim1
test,4306,0.00745343929156661,phase2_eval_fbb30bb4fc_s42,fbb30bb4fc,claim1
test,4320,0.007479636464267969,phase2_eval_fbb30bb4fc_s42,fbb30bb4fc,claim1
test,4334,0.024306699633598328,phase2_eval_fbb30bb4fc_s42,fbb30bb4fc,claim1
test,4341,0.009815319441258907,phase2_eval_fbb30bb4fc_s42,fbb30bb4fc,claim1
test,4348,0.011842004023492336,phase2_eval_fbb30bb4fc_s42,fbb30bb4fc,claim1
test,4354,0.007620445918291807,phase2_eval_fbb30bb4fc_s42,fbb30bb4fc,claim1
test,4366,0.008997844532132149,phase2_eval_fbb30bb4fc_s42,fbb30bb4fc,claim1
test,4381,0.021840814501047134,phase2_eval_fbb30bb4fc_s42,fbb30bb4fc,claim1
test,4385,0.012240638956427574,phase2_eval_fbb30bb4fc_s42,fbb30bb4fc,claim1
test,4407,0.016473999246954918,phase2_eval_fbb30bb4fc_s42,fbb30bb4fc,claim1
test,4412,0.03900197148323059,phase2_eval_fbb30bb4fc_s42,fbb30bb4fc,claim1
test,4419,0.008033368736505508,phase2_eval_fbb30bb4fc_s42,fbb30bb4fc,claim1
test,4425,0.009453175589442253,phase2_eval_fbb30bb4fc_s42,fbb30bb4fc,claim1
test,4434,0.012908503413200378,phase2_eval_fbb30bb4fc_s42,fbb30bb4fc,claim1
test,4436,0.0241056140512228,phase2_eval_fbb30bb4fc_s42,fbb30bb4fc,claim1
test,4453,0.01300473790615797,phase2_eval_fbb30bb4fc_s42,fbb30bb4fc,claim1
test,4454,0.007806587964296341,phase2_eval_fbb30bb4fc_s42,fbb30bb4fc,claim1
test,4455,0.014362338930368423,phase2_eval_fbb30bb4fc_s42,fbb30bb4fc,claim1
test,4456,0.010412897914648056,phase2_eval_fbb30bb4fc_s42,fbb30bb4fc,claim1
test,4475,0.013535900041460991,phase2_eval_fbb30bb4fc_s42,fbb30bb4fc,claim1
test,4483,0.012860259972512722,phase2_eval_fbb30bb4fc_s42,fbb30bb4fc,claim1
test,4484,0.01911401003599167,phase2_eval_fbb30bb4fc_s42,fbb30bb4fc,claim1
test,4490,0.011900192126631737,phase2_eval_fbb30bb4fc_s42,fbb30bb4fc,claim1
test,4495,0.011400512419641018,phase2_eval_fbb30bb4fc_s42,fbb30bb4fc,claim1
test,4502,0.00793032068759203,phase2_eval_fbb30bb4fc_s42,fbb30bb4fc,claim1
test,4509,0.006355747114866972,phase2_eval_fbb30bb4fc_s42,fbb30bb4fc,claim1
test,4515,0.023278240114450455,phase2_eval_fbb30bb4fc_s42,fbb30bb4fc,claim1
test,4522,0.034971680492162704,phase2_eval_fbb30bb4fc_s42,fbb30bb4fc,claim1
test,4528,0.013017361983656883,phase2_eval_fbb30bb4fc_s42,fbb30bb4fc,claim1
test,4551,0.029365796595811844,phase2_eval_fbb30bb4fc_s42,fbb30bb4fc,claim1
test,4582,0.030353844165802002,phase2_eval_fbb30bb4fc_s42,fbb30bb4fc,claim1
test,4583,0.06625068932771683,phase2_eval_fbb30bb4fc_s42,fbb30bb4fc,claim1
test,4586,0.018621521070599556,phase2_eval_fbb30bb4fc_s42,fbb30bb4fc,claim1
test,4588,0.01646149903535843,phase2_eval_fbb30bb4fc_s42,fbb30bb4fc,claim1
test,4604,0.005239400081336498,phase2_eval_fbb30bb4fc_s42,fbb30bb4fc,claim1
test,4615,0.01003535557538271,phase2_eval_fbb30bb4fc_s42,fbb30bb4fc,claim1
test,4624,0.01892004907131195,phase2_eval_fbb30bb4fc_s42,fbb30bb4fc,claim1
test,4626,0.02843071147799492,phase2_eval_fbb30bb4fc_s42,fbb30bb4fc,claim1
test,4628,0.016749775037169456,phase2_eval_fbb30bb4fc_s42,fbb30bb4fc,claim1
test,4630,0.022202787920832634,phase2_eval_fbb30bb4fc_s42,fbb30bb4fc,claim1
test,4637,0.010899239219725132,phase2_eval_fbb30bb4fc_s42,fbb30bb4fc,claim1
test,4642,0.006614307872951031,phase2_eval_fbb30bb4fc_s42,fbb30bb4fc,claim1
test,4648,0.012797500938177109,phase2_eval_fbb30bb4fc_s42,fbb30bb4fc,claim1
test,4656,0.00643877824768424,phase2_eval_fbb30bb4fc_s42,fbb30bb4fc,claim1
test,4657,0.005091353785246611,phase2_eval_fbb30bb4fc_s42,fbb30bb4fc,claim1
test,4668,0.023652564734220505,phase2_eval_fbb30bb4fc_s42,fbb30bb4fc,claim1
test,4669,0.016926398500800133,phase2_eval_fbb30bb4fc_s42,fbb30bb4fc,claim1
test,4680,0.026182163506746292,phase2_eval_fbb30bb4fc_s42,fbb30bb4fc,claim1
test,4681,0.008211439475417137,phase2_eval_fbb30bb4fc_s42,fbb30bb4fc,claim1
test,4699,0.008397418074309826,phase2_eval_fbb30bb4fc_s42,fbb30bb4fc,claim1
test,4714,0.010084438137710094,phase2_eval_fbb30bb4fc_s42,fbb30bb4fc,claim1
test,4733,0.009459243156015873,phase2_eval_fbb30bb4fc_s42,fbb30bb4fc,claim1
test,4750,0.023135853931307793,phase2_eval_fbb30bb4fc_s42,fbb30bb4fc,claim1
test,4752,0.023339474573731422,phase2_eval_fbb30bb4fc_s42,fbb30bb4fc,claim1
test,4757,0.016534773632884026,phase2_eval_fbb30bb4fc_s42,fbb30bb4fc,claim1
test,4772,0.07293330878019333,phase2_eval_fbb30bb4fc_s42,fbb30bb4fc,claim1
test,4779,0.008852316066622734,phase2_eval_fbb30bb4fc_s42,fbb30bb4fc,claim1
test,4786,0.01649811863899231,phase2_eval_fbb30bb4fc_s42,fbb30bb4fc,claim1
test,4789,0.01673852652311325,phase2_eval_fbb30bb4fc_s42,fbb30bb4fc,claim1
test,4790,0.02175135910511017,phase2_eval_fbb30bb4fc_s42,fbb30bb4fc,claim1
test,4803,0.02726023830473423,phase2_eval_fbb30bb4fc_s42,fbb30bb4fc,claim1
test,4805,0.006056851241737604,phase2_eval_fbb30bb4fc_s42,fbb30bb4fc,claim1
test,4812,0.014558768831193447,phase2_eval_fbb30bb4fc_s42,fbb30bb4fc,claim1
test,4818,0.018108343705534935,phase2_eval_fbb30bb4fc_s42,fbb30bb4fc,claim1
test,4852,0.008209336549043655,phase2_eval_fbb30bb4fc_s42,fbb30bb4fc,claim1
test,4853,0.008808933198451996,phase2_eval_fbb30bb4fc_s42,fbb30bb4fc,claim1
test,4864,0.0133283706381917,phase2_eval_fbb30bb4fc_s42,fbb30bb4fc,claim1
test,4885,0.006416072137653828,phase2_eval_fbb30bb4fc_s42,fbb30bb4fc,claim1
test,4889,0.006355524528771639,phase2_eval_fbb30bb4fc_s42,fbb30bb4fc,claim1
test,4895,0.016776470467448235,phase2_eval_fbb30bb4fc_s42,fbb30bb4fc,claim1
test,4913,0.008928573690354824,phase2_eval_fbb30bb4fc_s42,fbb30bb4fc,claim1
test,4923,0.008996856398880482,phase2_eval_fbb30bb4fc_s42,fbb30bb4fc,claim1
test,4929,0.0059801386669278145,phase2_eval_fbb30bb4fc_s42,fbb30bb4fc,claim1
test,4931,0.00943195540457964,phase2_eval_fbb30bb4fc_s42,fbb30bb4fc,claim1
test,4946,0.011030674912035465,phase2_eval_fbb30bb4fc_s42,fbb30bb4fc,claim1
test,4948,0.010768657550215721,phase2_eval_fbb30bb4fc_s42,fbb30bb4fc,claim1
test,4954,0.006322797853499651,phase2_eval_fbb30bb4fc_s42,fbb30bb4fc,claim1
test,4956,0.04863007366657257,phase2_eval_fbb30bb4fc_s42,fbb30bb4fc,claim1
test,4965,0.006807341706007719,phase2_eval_fbb30bb4fc_s42,fbb30bb4fc,claim1
test,4966,0.009282167069613934,phase2_eval_fbb30bb4fc_s42,fbb30bb4fc,claim1
test,4969,0.004978857468813658,phase2_eval_fbb30bb4fc_s42,fbb30bb4fc,claim1
test,4974,0.012282909825444221,phase2_eval_fbb30bb4fc_s42,fbb30bb4fc,claim1
test,4976,0.015459682792425156,phase2_eval_fbb30bb4fc_s42,fbb30bb4fc,claim1
test,4984,0.007833556272089481,phase2_eval_fbb30bb4fc_s42,fbb30bb4fc,claim1
test,4994,0.008542944677174091,phase2_eval_fbb30bb4fc_s42,fbb30bb4fc,claim1
test,5001,0.016184113919734955,phase2_eval_fbb30bb4fc_s42,fbb30bb4fc,claim1
test,5002,0.013869011774659157,phase2_eval_fbb30bb4fc_s42,fbb30bb4fc,claim1
test,5003,0.011168727651238441,phase2_eval_fbb30bb4fc_s42,fbb30bb4fc,claim1
test,5009,0.02752927504479885,phase2_eval_fbb30bb4fc_s42,fbb30bb4fc,claim1
test,5038,0.039102114737033844,phase2_eval_fbb30bb4fc_s42,fbb30bb4fc,claim1
test,5047,0.008472152054309845,phase2_eval_fbb30bb4fc_s42,fbb30bb4fc,claim1
test,5051,0.007753955665975809,phase2_eval_fbb30bb4fc_s42,fbb30bb4fc,claim1
test,5058,0.01664133369922638,phase2_eval_fbb30bb4fc_s42,fbb30bb4fc,claim1
test,5066,0.007660355884581804,phase2_eval_fbb30bb4fc_s42,fbb30bb4fc,claim1
test,5067,0.010285709984600544,phase2_eval_fbb30bb4fc_s42,fbb30bb4fc,claim1
test,5085,0.01454430166631937,phase2_eval_fbb30bb4fc_s42,fbb30bb4fc,claim1
test,5089,0.02461746521294117,phase2_eval_fbb30bb4fc_s42,fbb30bb4fc,claim1
test,5095,0.03976966813206673,phase2_eval_fbb30bb4fc_s42,fbb30bb4fc,claim1
test,5106,0.017670530825853348,phase2_eval_fbb30bb4fc_s42,fbb30bb4fc,claim1
test,5107,0.005900527350604534,phase2_eval_fbb30bb4fc_s42,fbb30bb4fc,claim1
test,5122,0.005388305056840181,phase2_eval_fbb30bb4fc_s42,fbb30bb4fc,claim1
test,5132,0.010299808345735073,phase2_eval_fbb30bb4fc_s42,fbb30bb4fc,claim1
test,5138,0.013944672420620918,phase2_eval_fbb30bb4fc_s42,fbb30bb4fc,claim1
test,5144,0.033623017370700836,phase2_eval_fbb30bb4fc_s42,fbb30bb4fc,claim1
test,5148,0.0068320417776703835,phase2_eval_fbb30bb4fc_s42,fbb30bb4fc,claim1
test,5150,0.01601347140967846,phase2_eval_fbb30bb4fc_s42,fbb30bb4fc,claim1
test,5154,0.013095145113766193,phase2_eval_fbb30bb4fc_s42,fbb30bb4fc,claim1
test,5155,0.02897823415696621,phase2_eval_fbb30bb4fc_s42,fbb30bb4fc,claim1
test,5172,0.008708321489393711,phase2_eval_fbb30bb4fc_s42,fbb30bb4fc,claim1
test,5199,0.006436572875827551,phase2_eval_fbb30bb4fc_s42,fbb30bb4fc,claim1
test,5202,0.00968997459858656,phase2_eval_fbb30bb4fc_s42,fbb30bb4fc,claim1
test,5204,0.009034712798893452,phase2_eval_fbb30bb4fc_s42,fbb30bb4fc,claim1
test,5206,0.03688244894146919,phase2_eval_fbb30bb4fc_s42,fbb30bb4fc,claim1
test,5209,0.020268170163035393,phase2_eval_fbb30bb4fc_s42,fbb30bb4fc,claim1
test,5212,0.011449497193098068,phase2_eval_fbb30bb4fc_s42,fbb30bb4fc,claim1
test,5220,0.005624354351311922,phase2_eval_fbb30bb4fc_s42,fbb30bb4fc,claim1
test,5231,0.005710412748157978,phase2_eval_fbb30bb4fc_s42,fbb30bb4fc,claim1
test,5233,0.02164137363433838,phase2_eval_fbb30bb4fc_s42,fbb30bb4fc,claim1
test,5246,0.022253993898630142,phase2_eval_fbb30bb4fc_s42,fbb30bb4fc,claim1
test,5263,0.03390879929065704,phase2_eval_fbb30bb4fc_s42,fbb30bb4fc,claim1
test,5274,0.0066595301032066345,phase2_eval_fbb30bb4fc_s42,fbb30bb4fc,claim1
test,5278,0.011108318343758583,phase2_eval_fbb30bb4fc_s42,fbb30bb4fc,claim1
test,5283,0.010362769477069378,phase2_eval_fbb30bb4fc_s42,fbb30bb4fc,claim1
test,5288,0.007003165781497955,phase2_eval_fbb30bb4fc_s42,fbb30bb4fc,claim1
test,5300,0.019393933936953545,phase2_eval_fbb30bb4fc_s42,fbb30bb4fc,claim1
test,5320,0.010916641913354397,phase2_eval_fbb30bb4fc_s42,fbb30bb4fc,claim1
test,5324,0.039261482656002045,phase2_eval_fbb30bb4fc_s42,fbb30bb4fc,claim1
test,5340,0.006455590948462486,phase2_eval_fbb30bb4fc_s42,fbb30bb4fc,claim1
test,5343,0.009788631461560726,phase2_eval_fbb30bb4fc_s42,fbb30bb4fc,claim1
test,5345,0.007799232378602028,phase2_eval_fbb30bb4fc_s42,fbb30bb4fc,claim1
test,5356,0.007158534601330757,phase2_eval_fbb30bb4fc_s42,fbb30bb4fc,claim1
test,5365,0.01443528663367033,phase2_eval_fbb30bb4fc_s42,fbb30bb4fc,claim1
test,5367,0.008829195983707905,phase2_eval_fbb30bb4fc_s42,fbb30bb4fc,claim1
test,5380,0.013504981063306332,phase2_eval_fbb30bb4fc_s42,fbb30bb4fc,claim1
test,5382,0.009706102311611176,phase2_eval_fbb30bb4fc_s42,fbb30bb4fc,claim1
test,5383,0.03582652658224106,phase2_eval_fbb30bb4fc_s42,fbb30bb4fc,claim1
test,5398,0.007462040521204472,phase2_eval_fbb30bb4fc_s42,fbb30bb4fc,claim1
test,5399,0.02087678201496601,phase2_eval_fbb30bb4fc_s42,fbb30bb4fc,claim1
test,5401,0.007407689467072487,phase2_eval_fbb30bb4fc_s42,fbb30bb4fc,claim1
test,5434,0.016610633581876755,phase2_eval_fbb30bb4fc_s42,fbb30bb4fc,claim1
test,5440,0.008245637640357018,phase2_eval_fbb30bb4fc_s42,fbb30bb4fc,claim1
test,5446,0.006890490185469389,phase2_eval_fbb30bb4fc_s42,fbb30bb4fc,claim1
test,5472,0.012387847527861595,phase2_eval_fbb30bb4fc_s42,fbb30bb4fc,claim1
test,5476,0.011030168272554874,phase2_eval_fbb30bb4fc_s42,fbb30bb4fc,claim1
test,5481,0.007805051747709513,phase2_eval_fbb30bb4fc_s42,fbb30bb4fc,claim1
test,5483,0.013085417449474335,phase2_eval_fbb30bb4fc_s42,fbb30bb4fc,claim1
test,5498,0.007427708245813847,phase2_eval_fbb30bb4fc_s42,fbb30bb4fc,claim1
test,5504,0.02223080024123192,phase2_eval_fbb30bb4fc_s42,fbb30bb4fc,claim1
test,5521,0.0069585503078997135,phase2_eval_fbb30bb4fc_s42,fbb30bb4fc,claim1
test,5525,0.03106190264225006,phase2_eval_fbb30bb4fc_s42,fbb30bb4fc,claim1
test,5540,0.010323802940547466,phase2_eval_fbb30bb4fc_s42,fbb30bb4fc,claim1
test,5546,0.03628012165427208,phase2_eval_fbb30bb4fc_s42,fbb30bb4fc,claim1
test,5549,0.029218120500445366,phase2_eval_fbb30bb4fc_s42,fbb30bb4fc,claim1
test,5557,0.008519986644387245,phase2_eval_fbb30bb4fc_s42,fbb30bb4fc,claim1
test,5563,0.012090440839529037,phase2_eval_fbb30bb4fc_s42,fbb30bb4fc,claim1
test,5567,0.016319677233695984,phase2_eval_fbb30bb4fc_s42,fbb30bb4fc,claim1
test,5569,0.013865684159100056,phase2_eval_fbb30bb4fc_s42,fbb30bb4fc,claim1
test,5575,0.010567311197519302,phase2_eval_fbb30bb4fc_s42,fbb30bb4fc,claim1
test,5583,0.008782114833593369,phase2_eval_fbb30bb4fc_s42,fbb30bb4fc,claim1
test,5593,0.004024569410830736,phase2_eval_fbb30bb4fc_s42,fbb30bb4fc,claim1
test,5596,0.00952821969985962,phase2_eval_fbb30bb4fc_s42,fbb30bb4fc,claim1
test,5601,0.04484599083662033,phase2_eval_fbb30bb4fc_s42,fbb30bb4fc,claim1
test,5617,0.017498400062322617,phase2_eval_fbb30bb4fc_s42,fbb30bb4fc,claim1
test,5618,0.015848496928811073,phase2_eval_fbb30bb4fc_s42,fbb30bb4fc,claim1
test,5631,0.010529168881475925,phase2_eval_fbb30bb4fc_s42,fbb30bb4fc,claim1
test,5633,0.0062316181138157845,phase2_eval_fbb30bb4fc_s42,fbb30bb4fc,claim1
test,5667,0.008210062980651855,phase2_eval_fbb30bb4fc_s42,fbb30bb4fc,claim1
test,5680,0.028997641056776047,phase2_eval_fbb30bb4fc_s42,fbb30bb4fc,claim1
test,5686,0.010606259107589722,phase2_eval_fbb30bb4fc_s42,fbb30bb4fc,claim1
test,5702,0.00798475369811058,phase2_eval_fbb30bb4fc_s42,fbb30bb4fc,claim1
test,5703,0.010804732330143452,phase2_eval_fbb30bb4fc_s42,fbb30bb4fc,claim1
test,5704,0.03862929344177246,phase2_eval_fbb30bb4fc_s42,fbb30bb4fc,claim1
test,5712,0.009270397946238518,phase2_eval_fbb30bb4fc_s42,fbb30bb4fc,claim1
test,5721,0.0074715809896588326,phase2_eval_fbb30bb4fc_s42,fbb30bb4fc,claim1
test,5729,0.012667246162891388,phase2_eval_fbb30bb4fc_s42,fbb30bb4fc,claim1
test,5730,0.02322111837565899,phase2_eval_fbb30bb4fc_s42,fbb30bb4fc,claim1
test,5744,0.05556761100888252,phase2_eval_fbb30bb4fc_s42,fbb30bb4fc,claim1
test,5747,0.03213503211736679,phase2_eval_fbb30bb4fc_s42,fbb30bb4fc,claim1
test,5751,0.023882359266281128,phase2_eval_fbb30bb4fc_s42,fbb30bb4fc,claim1
test,5752,0.028689440339803696,phase2_eval_fbb30bb4fc_s42,fbb30bb4fc,claim1
test,5769,0.008707054890692234,phase2_eval_fbb30bb4fc_s42,fbb30bb4fc,claim1
test,5770,0.015171453356742859,phase2_eval_fbb30bb4fc_s42,fbb30bb4fc,claim1
test,5772,0.0084882453083992,phase2_eval_fbb30bb4fc_s42,fbb30bb4fc,claim1
test,5780,0.02635103091597557,phase2_eval_fbb30bb4fc_s42,fbb30bb4fc,claim1
test,5786,0.006806983612477779,phase2_eval_fbb30bb4fc_s42,fbb30bb4fc,claim1
test,5802,0.017062315717339516,phase2_eval_fbb30bb4fc_s42,fbb30bb4fc,claim1
test,5809,0.012969559989869595,phase2_eval_fbb30bb4fc_s42,fbb30bb4fc,claim1
test,5810,0.022218462079763412,phase2_eval_fbb30bb4fc_s42,fbb30bb4fc,claim1
test,5812,0.0037855796981602907,phase2_eval_fbb30bb4fc_s42,fbb30bb4fc,claim1
test,5831,0.043370429426431656,phase2_eval_fbb30bb4fc_s42,fbb30bb4fc,claim1
test,5833,0.008419521152973175,phase2_eval_fbb30bb4fc_s42,fbb30bb4fc,claim1
test,5840,0.0106137003749609,phase2_eval_fbb30bb4fc_s42,fbb30bb4fc,claim1
test,5891,0.018962150439620018,phase2_eval_fbb30bb4fc_s42,fbb30bb4fc,claim1
test,5896,0.013573328964412212,phase2_eval_fbb30bb4fc_s42,fbb30bb4fc,claim1
test,5903,0.006521707400679588,phase2_eval_fbb30bb4fc_s42,fbb30bb4fc,claim1
test,5905,0.006117720622569323,phase2_eval_fbb30bb4fc_s42,fbb30bb4fc,claim1
test,5908,0.012090242467820644,phase2_eval_fbb30bb4fc_s42,fbb30bb4fc,claim1
test,5910,0.05568225681781769,phase2_eval_fbb30bb4fc_s42,fbb30bb4fc,claim1
test,5914,0.011593447998166084,phase2_eval_fbb30bb4fc_s42,fbb30bb4fc,claim1
test,5917,0.012649902142584324,phase2_eval_fbb30bb4fc_s42,fbb30bb4fc,claim1
test,5918,0.008046171627938747,phase2_eval_fbb30bb4fc_s42,fbb30bb4fc,claim1
test,5920,0.005295758135616779,phase2_eval_fbb30bb4fc_s42,fbb30bb4fc,claim1
test,5946,0.03784557804465294,phase2_eval_fbb30bb4fc_s42,fbb30bb4fc,claim1
test,5953,0.012050538323819637,phase2_eval_fbb30bb4fc_s42,fbb30bb4fc,claim1
test,5955,0.02029671147465706,phase2_eval_fbb30bb4fc_s42,fbb30bb4fc,claim1
test,5961,0.012089075520634651,phase2_eval_fbb30bb4fc_s42,fbb30bb4fc,claim1
test,5983,0.01090412586927414,phase2_eval_fbb30bb4fc_s42,fbb30bb4fc,claim1
test,5987,0.023922447115182877,phase2_eval_fbb30bb4fc_s42,fbb30bb4fc,claim1
test,5996,0.007040288299322128,phase2_eval_fbb30bb4fc_s42,fbb30bb4fc,claim1
ood_test,0,0.01002879161387682,phase2_eval_fbb30bb4fc_s42,fbb30bb4fc,claim1
ood_test,11,0.005044089164584875,phase2_eval_fbb30bb4fc_s42,fbb30bb4fc,claim1
ood_test,21,0.011508041061460972,phase2_eval_fbb30bb4fc_s42,fbb30bb4fc,claim1
ood_test,30,0.007245663553476334,phase2_eval_fbb30bb4fc_s42,fbb30bb4fc,claim1
ood_test,37,0.017122207209467888,phase2_eval_fbb30bb4fc_s42,fbb30bb4fc,claim1
ood_test,42,0.015953173860907555,phase2_eval_fbb30bb4fc_s42,fbb30bb4fc,claim1
ood_test,44,0.011313023045659065,phase2_eval_fbb30bb4fc_s42,fbb30bb4fc,claim1
ood_test,47,0.009639443829655647,phase2_eval_fbb30bb4fc_s42,fbb30bb4fc,claim1
ood_test,54,0.007650927174836397,phase2_eval_fbb30bb4fc_s42,fbb30bb4fc,claim1
ood_test,57,0.011625951156020164,phase2_eval_fbb30bb4fc_s42,fbb30bb4fc,claim1
ood_test,58,0.02265998348593712,phase2_eval_fbb30bb4fc_s42,fbb30bb4fc,claim1
ood_test,62,0.008972520008683205,phase2_eval_fbb30bb4fc_s42,fbb30bb4fc,claim1
ood_test,63,0.006912415847182274,phase2_eval_fbb30bb4fc_s42,fbb30bb4fc,claim1
ood_test,65,0.010745656676590443,phase2_eval_fbb30bb4fc_s42,fbb30bb4fc,claim1
ood_test,71,0.022463934496045113,phase2_eval_fbb30bb4fc_s42,fbb30bb4fc,claim1
ood_test,80,0.013382410630583763,phase2_eval_fbb30bb4fc_s42,fbb30bb4fc,claim1
ood_test,81,0.01058831438422203,phase2_eval_fbb30bb4fc_s42,fbb30bb4fc,claim1
ood_test,94,0.01174840983003378,phase2_eval_fbb30bb4fc_s42,fbb30bb4fc,claim1
ood_test,118,0.01442081667482853,phase2_eval_fbb30bb4fc_s42,fbb30bb4fc,claim1
ood_test,134,0.009555211290717125,phase2_eval_fbb30bb4fc_s42,fbb30bb4fc,claim1
ood_test,139,0.011797069571912289,phase2_eval_fbb30bb4fc_s42,fbb30bb4fc,claim1
ood_test,142,0.012422623112797737,phase2_eval_fbb30bb4fc_s42,fbb30bb4fc,claim1
ood_test,148,0.010813867673277855,phase2_eval_fbb30bb4fc_s42,fbb30bb4fc,claim1
ood_test,154,0.00966090802103281,phase2_eval_fbb30bb4fc_s42,fbb30bb4fc,claim1
ood_test,160,0.011391976848244667,phase2_eval_fbb30bb4fc_s42,fbb30bb4fc,claim1
ood_test,161,0.00914259534329176,phase2_eval_fbb30bb4fc_s42,fbb30bb4fc,claim1
ood_test,164,0.010826515965163708,phase2_eval_fbb30bb4fc_s42,fbb30bb4fc,claim1
ood_test,166,0.007687009405344725,phase2_eval_fbb30bb4fc_s42,fbb30bb4fc,claim1
ood_test,167,0.007894840091466904,phase2_eval_fbb30bb4fc_s42,fbb30bb4fc,claim1
ood_test,168,0.013366024009883404,phase2_eval_fbb30bb4fc_s42,fbb30bb4fc,claim1
ood_test,171,0.009397674351930618,phase2_eval_fbb30bb4fc_s42,fbb30bb4fc,claim1
ood_test,181,0.019138509407639503,phase2_eval_fbb30bb4fc_s42,fbb30bb4fc,claim1
ood_test,192,0.015462247654795647,phase2_eval_fbb30bb4fc_s42,fbb30bb4fc,claim1
ood_test,196,0.009308810345828533,phase2_eval_fbb30bb4fc_s42,fbb30bb4fc,claim1
ood_test,197,0.012140944600105286,phase2_eval_fbb30bb4fc_s42,fbb30bb4fc,claim1
ood_test,200,0.011169434525072575,phase2_eval_fbb30bb4fc_s42,fbb30bb4fc,claim1
ood_test,207,0.011466839350759983,phase2_eval_fbb30bb4fc_s42,fbb30bb4fc,claim1
ood_test,211,0.01775999739766121,phase2_eval_fbb30bb4fc_s42,fbb30bb4fc,claim1
ood_test,217,0.010636297054588795,phase2_eval_fbb30bb4fc_s42,fbb30bb4fc,claim1
ood_test,218,0.013471821323037148,phase2_eval_fbb30bb4fc_s42,fbb30bb4fc,claim1
ood_test,221,0.0066413660533726215,phase2_eval_fbb30bb4fc_s42,fbb30bb4fc,claim1
ood_test,229,0.009368224069476128,phase2_eval_fbb30bb4fc_s42,fbb30bb4fc,claim1
ood_test,233,0.014669440686702728,phase2_eval_fbb30bb4fc_s42,fbb30bb4fc,claim1
ood_test,241,0.012566529214382172,phase2_eval_fbb30bb4fc_s42,fbb30bb4fc,claim1
ood_test,242,0.010747762396931648,phase2_eval_fbb30bb4fc_s42,fbb30bb4fc,claim1
ood_test,243,0.012835425324738026,phase2_eval_fbb30bb4fc_s42,fbb30bb4fc,claim1
ood_test,245,0.010100006125867367,phase2_eval_fbb30bb4fc_s42,fbb30bb4fc,claim1
ood_test,249,0.010973405092954636,phase2_eval_fbb30bb4fc_s42,fbb30bb4fc,claim1
ood_test,254,0.017529398202896118,phase2_eval_fbb30bb4fc_s42,fbb30bb4fc,claim1
ood_test,256,0.011531399562954903,phase2_eval_fbb30bb4fc_s42,fbb30bb4fc,claim1
ood_test,258,0.00952515471726656,phase2_eval_fbb30bb4fc_s42,fbb30bb4fc,claim1
ood_test,259,0.012605908326804638,phase2_eval_fbb30bb4fc_s42,fbb30bb4fc,claim1
ood_test,263,0.01708613522350788,phase2_eval_fbb30bb4fc_s42,fbb30bb4fc,claim1
ood_test,265,0.01094014011323452,phase2_eval_fbb30bb4fc_s42,fbb30bb4fc,claim1
ood_test,271,0.020119260996580124,phase2_eval_fbb30bb4fc_s42,fbb30bb4fc,claim1
ood_test,288,0.008557045832276344,phase2_eval_fbb30bb4fc_s42,fbb30bb4fc,claim1
ood_test,295,0.013489875011146069,phase2_eval_fbb30bb4fc_s42,fbb30bb4fc,claim1
ood_test,311,0.01994461938738823,phase2_eval_fbb30bb4fc_s42,fbb30bb4fc,claim1
ood_test,330,0.021780172362923622,phase2_eval_fbb30bb4fc_s42,fbb30bb4fc,claim1
ood_test,343,0.014996572397649288,phase2_eval_fbb30bb4fc_s42,fbb30bb4fc,claim1
ood_test,356,0.008359233848750591,phase2_eval_fbb30bb4fc_s42,fbb30bb4fc,claim1
ood_test,361,0.014163782820105553,phase2_eval_fbb30bb4fc_s42,fbb30bb4fc,claim1
ood_test,363,0.015971049666404724,phase2_eval_fbb30bb4fc_s42,fbb30bb4fc,claim1
ood_test,364,0.007910140790045261,phase2_eval_fbb30bb4fc_s42,fbb30bb4fc,claim1
ood_test,375,0.012924131006002426,phase2_eval_fbb30bb4fc_s42,fbb30bb4fc,claim1
ood_test,400,0.007252528797835112,phase2_eval_fbb30bb4fc_s42,fbb30bb4fc,claim1
ood_test,403,0.008743454702198505,phase2_eval_fbb30bb4fc_s42,fbb30bb4fc,claim1
ood_test,406,0.012793091125786304,phase2_eval_fbb30bb4fc_s42,fbb30bb4fc,claim1
ood_test,418,0.022282717749476433,phase2_eval_fbb30bb4fc_s42,fbb30bb4fc,claim1
ood_test,419,0.00923755019903183,phase2_eval_fbb30bb4fc_s42,fbb30bb4fc,claim1
ood_test,423,0.009067701175808907,phase2_eval_fbb30bb4fc_s42,fbb30bb4fc,claim1
ood_test,424,0.017297102138400078,phase2_eval_fbb30bb4fc_s42,fbb30bb4fc,claim1
ood_test,429,0.020058803260326385,phase2_eval_fbb30bb4fc_s42,fbb30bb4fc,claim1
ood_test,432,0.01769092306494713,phase2_eval_fbb30bb4fc_s42,fbb30bb4fc,claim1
ood_test,436,0.009371388703584671,phase2_eval_fbb30bb4fc_s42,fbb30bb4fc,claim1
ood_test,437,0.010772102512419224,phase2_eval_fbb30bb4fc_s42,fbb30bb4fc,claim1
ood_test,443,0.01484152115881443,phase2_eval_fbb30bb4fc_s42,fbb30bb4fc,claim1
ood_test,450,0.011546853929758072,phase2_eval_fbb30bb4fc_s42,fbb30bb4fc,claim1
ood_test,452,0.01683218777179718,phase2_eval_fbb30bb4fc_s42,fbb30bb4fc,claim1
ood_test,455,0.012718329206109047,phase2_eval_fbb30bb4fc_s42,fbb30bb4fc,claim1
ood_test,457,0.01004027295857668,phase2_eval_fbb30bb4fc_s42,fbb30bb4fc,claim1
ood_test,459,0.013871843926608562,phase2_eval_fbb30bb4fc_s42,fbb30bb4fc,claim1
ood_test,461,0.014992711134254932,phase2_eval_fbb30bb4fc_s42,fbb30bb4fc,claim1
ood_test,474,0.018495528027415276,phase2_eval_fbb30bb4fc_s42,fbb30bb4fc,claim1
ood_test,479,0.008772234432399273,phase2_eval_fbb30bb4fc_s42,fbb30bb4fc,claim1
ood_test,481,0.00986876804381609,phase2_eval_fbb30bb4fc_s42,fbb30bb4fc,claim1
ood_test,485,0.011986801400780678,phase2_eval_fbb30bb4fc_s42,fbb30bb4fc,claim1
ood_test,493,0.009724782779812813,phase2_eval_fbb30bb4fc_s42,fbb30bb4fc,claim1
ood_test,499,0.007798530627042055,phase2_eval_fbb30bb4fc_s42,fbb30bb4fc,claim1
ood_test,502,0.008018572814762592,phase2_eval_fbb30bb4fc_s42,fbb30bb4fc,claim1
ood_test,511,0.026298178359866142,phase2_eval_fbb30bb4fc_s42,fbb30bb4fc,claim1
ood_test,512,0.01517963595688343,phase2_eval_fbb30bb4fc_s42,fbb30bb4fc,claim1
ood_test,516,0.008941997773945332,phase2_eval_fbb30bb4fc_s42,fbb30bb4fc,claim1
ood_test,518,0.01990111544728279,phase2_eval_fbb30bb4fc_s42,fbb30bb4fc,claim1
ood_test,532,0.015803316608071327,phase2_eval_fbb30bb4fc_s42,fbb30bb4fc,claim1
ood_test,535,0.01226810086518526,phase2_eval_fbb30bb4fc_s42,fbb30bb4fc,claim1
ood_test,539,0.013559550978243351,phase2_eval_fbb30bb4fc_s42,fbb30bb4fc,claim1
ood_test,544,0.0087893633171916,phase2_eval_fbb30bb4fc_s42,fbb30bb4fc,claim1
ood_test,558,0.01156570203602314,phase2_eval_fbb30bb4fc_s42,fbb30bb4fc,claim1
ood_test,561,0.021647846326231956,phase2_eval_fbb30bb4fc_s42,fbb30bb4fc,claim1
ood_test,564,0.010326225310564041,phase2_eval_fbb30bb4fc_s42,fbb30bb4fc,claim1
ood_test,571,0.017565006390213966,phase2_eval_fbb30bb4fc_s42,fbb30bb4fc,claim1
ood_test,579,0.013723289594054222,phase2_eval_fbb30bb4fc_s42,fbb30bb4fc,claim1
ood_test,599,0.010363387875258923,phase2_eval_fbb30bb4fc_s42,fbb30bb4fc,claim1
ood_test,604,0.01765398122370243,phase2_eval_fbb30bb4fc_s42,fbb30bb4fc,claim1
ood_test,616,0.013993410393595695,phase2_eval_fbb30bb4fc_s42,fbb30bb4fc,claim1
ood_test,618,0.017554469406604767,phase2_eval_fbb30bb4fc_s42,fbb30bb4fc,claim1
ood_test,622,0.011295592412352562,phase2_eval_fbb30bb4fc_s42,fbb30bb4fc,claim1
ood_test,627,0.009031854569911957,phase2_eval_fbb30bb4fc_s42,fbb30bb4fc,claim1
ood_test,637,0.009470163844525814,phase2_eval_fbb30bb4fc_s42,fbb30bb4fc,claim1
ood_test,638,0.008917189203202724,phase2_eval_fbb30bb4fc_s42,fbb30bb4fc,claim1
ood_test,653,0.01297835260629654,phase2_eval_fbb30bb4fc_s42,fbb30bb4fc,claim1
ood_test,659,0.010278106667101383,phase2_eval_fbb30bb4fc_s42,fbb30bb4fc,claim1
ood_test,661,0.011602644808590412,phase2_eval_fbb30bb4fc_s42,fbb30bb4fc,claim1
ood_test,663,0.01059288065880537,phase2_eval_fbb30bb4fc_s42,fbb30bb4fc,claim1
ood_test,665,0.009222373366355896,phase2_eval_fbb30bb4fc_s42,fbb30bb4fc,claim1
ood_test,667,0.014113834127783775,phase2_eval_fbb30bb4fc_s42,fbb30bb4fc,claim1
ood_test,670,0.007283269427716732,phase2_eval_fbb30bb4fc_s42,fbb30bb4fc,claim1
ood_test,672,0.02259819582104683,phase2_eval_fbb30bb4fc_s42,fbb30bb4fc,claim1
ood_test,675,0.013330299407243729,phase2_eval_fbb30bb4fc_s42,fbb30bb4fc,claim1
ood_test,679,0.010652783326804638,phase2_eval_fbb30bb4fc_s42,fbb30bb4fc,claim1
ood_test,681,0.0095202112570405,phase2_eval_fbb30bb4fc_s42,fbb30bb4fc,claim1
ood_test,683,0.01493502501398325,phase2_eval_fbb30bb4fc_s42,fbb30bb4fc,claim1
ood_test,684,0.008126248605549335,phase2_eval_fbb30bb4fc_s42,fbb30bb4fc,claim1
ood_test,694,0.017357485368847847,phase2_eval_fbb30bb4fc_s42,fbb30bb4fc,claim1
ood_test,695,0.012904970906674862,phase2_eval_fbb30bb4fc_s42,fbb30bb4fc,claim1
ood_test,700,0.010650062933564186,phase2_eval_fbb30bb4fc_s42,fbb30bb4fc,claim1
ood_test,704,0.010404837317764759,phase2_eval_fbb30bb4fc_s42,fbb30bb4fc,claim1
ood_test,708,0.014593024738132954,phase2_eval_fbb30bb4fc_s42,fbb30bb4fc,claim1
ood_test,710,0.01639075018465519,phase2_eval_fbb30bb4fc_s42,fbb30bb4fc,claim1
ood_test,715,0.019470090046525,phase2_eval_fbb30bb4fc_s42,fbb30bb4fc,claim1
ood_test,716,0.024675248190760612,phase2_eval_fbb30bb4fc_s42,fbb30bb4fc,claim1
ood_test,721,0.010768561623990536,phase2_eval_fbb30bb4fc_s42,fbb30bb4fc,claim1
ood_test,728,0.010468840599060059,phase2_eval_fbb30bb4fc_s42,fbb30bb4fc,claim1
ood_test,737,0.017405947670340538,phase2_eval_fbb30bb4fc_s42,fbb30bb4fc,claim1
ood_test,746,0.009053734131157398,phase2_eval_fbb30bb4fc_s42,fbb30bb4fc,claim1
ood_test,750,0.010242686606943607,phase2_eval_fbb30bb4fc_s42,fbb30bb4fc,claim1
ood_test,752,0.011916542425751686,phase2_eval_fbb30bb4fc_s42,fbb30bb4fc,claim1
ood_test,754,0.01810445822775364,phase2_eval_fbb30bb4fc_s42,fbb30bb4fc,claim1
ood_test,755,0.021655641496181488,phase2_eval_fbb30bb4fc_s42,fbb30bb4fc,claim1
ood_test,756,0.00926036387681961,phase2_eval_fbb30bb4fc_s42,fbb30bb4fc,claim1
ood_test,762,0.01356398407369852,phase2_eval_fbb30bb4fc_s42,fbb30bb4fc,claim1
ood_test,763,0.011912987567484379,phase2_eval_fbb30bb4fc_s42,fbb30bb4fc,claim1
ood_test,767,0.01345729362219572,phase2_eval_fbb30bb4fc_s42,fbb30bb4fc,claim1
ood_test,768,0.009652303531765938,phase2_eval_fbb30bb4fc_s42,fbb30bb4fc,claim1
ood_test,771,0.009222662076354027,phase2_eval_fbb30bb4fc_s42,fbb30bb4fc,claim1
ood_test,778,0.020215904340147972,phase2_eval_fbb30bb4fc_s42,fbb30bb4fc,claim1
ood_test,786,0.009746354073286057,phase2_eval_fbb30bb4fc_s42,fbb30bb4fc,claim1
ood_test,797,0.00840231403708458,phase2_eval_fbb30bb4fc_s42,fbb30bb4fc,claim1
ood_test,801,0.008742092177271843,phase2_eval_fbb30bb4fc_s42,fbb30bb4fc,claim1
ood_test,809,0.007150974590331316,phase2_eval_fbb30bb4fc_s42,fbb30bb4fc,claim1
ood_test,832,0.014022288843989372,phase2_eval_fbb30bb4fc_s42,fbb30bb4fc,claim1
ood_test,835,0.010001557879149914,phase2_eval_fbb30bb4fc_s42,fbb30bb4fc,claim1
ood_test,845,0.009602163918316364,phase2_eval_fbb30bb4fc_s42,fbb30bb4fc,claim1
ood_test,846,0.01086388062685728,phase2_eval_fbb30bb4fc_s42,fbb30bb4fc,claim1
ood_test,857,0.009631953202188015,phase2_eval_fbb30bb4fc_s42,fbb30bb4fc,claim1
ood_test,859,0.008830484002828598,phase2_eval_fbb30bb4fc_s42,fbb30bb4fc,claim1
ood_test,868,0.00742708146572113,phase2_eval_fbb30bb4fc_s42,fbb30bb4fc,claim1
ood_test,882,0.012284376658499241,phase2_eval_fbb30bb4fc_s42,fbb30bb4fc,claim1
ood_test,888,0.012024463154375553,phase2_eval_fbb30bb4fc_s42,fbb30bb4fc,claim1
ood_test,889,0.0073885610327124596,phase2_eval_fbb30bb4fc_s42,fbb30bb4fc,claim1
ood_test,897,0.011013557203114033,phase2_eval_fbb30bb4fc_s42,fbb30bb4fc,claim1
ood_test,908,0.011017482727766037,phase2_eval_fbb30bb4fc_s42,fbb30bb4fc,claim1
ood_test,910,0.013602170161902905,phase2_eval_fbb30bb4fc_s42,fbb30bb4fc,claim1
ood_test,912,0.015194484032690525,phase2_eval_fbb30bb4fc_s42,fbb30bb4fc,claim1
ood_test,914,0.014541045762598515,phase2_eval_fbb30bb4fc_s42,fbb30bb4fc,claim1
ood_test,916,0.011013323441147804,phase2_eval_fbb30bb4fc_s42,fbb30bb4fc,claim1
ood_test,918,0.010655736550688744,phase2_eval_fbb30bb4fc_s42,fbb30bb4fc,claim1
ood_test,928,0.007175045553594828,phase2_eval_fbb30bb4fc_s42,fbb30bb4fc,claim1
ood_test,938,0.01533284317702055,phase2_eval_fbb30bb4fc_s42,fbb30bb4fc,claim1
ood_test,942,0.006932360120117664,phase2_eval_fbb30bb4fc_s42,fbb30bb4fc,claim1
ood_test,977,0.009266437031328678,phase2_eval_fbb30bb4fc_s42,fbb30bb4fc,claim1
ood_test,982,0.010809381492435932,phase2_eval_fbb30bb4fc_s42,fbb30bb4fc,claim1
ood_test,989,0.011975578963756561,phase2_eval_fbb30bb4fc_s42,fbb30bb4fc,claim1
ood_test,1000,0.014356536790728569,phase2_eval_fbb30bb4fc_s42,fbb30bb4fc,claim1
ood_test,1004,0.014385548420250416,phase2_eval_fbb30bb4fc_s42,fbb30bb4fc,claim1
ood_test,1020,0.01754452846944332,phase2_eval_fbb30bb4fc_s42,fbb30bb4fc,claim1
ood_test,1029,0.006395360920578241,phase2_eval_fbb30bb4fc_s42,fbb30bb4fc,claim1
ood_test,1030,0.009031461551785469,phase2_eval_fbb30bb4fc_s42,fbb30bb4fc,claim1
ood_test,1035,0.009379163384437561,phase2_eval_fbb30bb4fc_s42,fbb30bb4fc,claim1
ood_test,1036,0.007635567337274551,phase2_eval_fbb30bb4fc_s42,fbb30bb4fc,claim1
ood_test,1043,0.009526771493256092,phase2_eval_fbb30bb4fc_s42,fbb30bb4fc,claim1
ood_test,1052,0.013216731138527393,phase2_eval_fbb30bb4fc_s42,fbb30bb4fc,claim1
ood_test,1055,0.014607293531298637,phase2_eval_fbb30bb4fc_s42,fbb30bb4fc,claim1
ood_test,1056,0.017201373353600502,phase2_eval_fbb30bb4fc_s42,fbb30bb4fc,claim1
ood_test,1060,0.011792278848588467,phase2_eval_fbb30bb4fc_s42,fbb30bb4fc,claim1
ood_test,1061,0.019955486059188843,phase2_eval_fbb30bb4fc_s42,fbb30bb4fc,claim1
ood_test,1066,0.013850388117134571,phase2_eval_fbb30bb4fc_s42,fbb30bb4fc,claim1
ood_test,1067,0.012002317234873772,phase2_eval_fbb30bb4fc_s42,fbb30bb4fc,claim1
ood_test,1069,0.008086632937192917,phase2_eval_fbb30bb4fc_s42,fbb30bb4fc,claim1
ood_test,1080,0.031273964792490005,phase2_eval_fbb30bb4fc_s42,fbb30bb4fc,claim1
ood_test,1092,0.025934161618351936,phase2_eval_fbb30bb4fc_s42,fbb30bb4fc,claim1
ood_test,1113,0.011843913234770298,phase2_eval_fbb30bb4fc_s42,fbb30bb4fc,claim1
ood_test,1120,0.013126283884048462,phase2_eval_fbb30bb4fc_s42,fbb30bb4fc,claim1
ood_test,1128,0.009648899547755718,phase2_eval_fbb30bb4fc_s42,fbb30bb4fc,claim1
ood_test,1135,0.01879706420004368,phase2_eval_fbb30bb4fc_s42,fbb30bb4fc,claim1
ood_test,1137,0.007818110287189484,phase2_eval_fbb30bb4fc_s42,fbb30bb4fc,claim1
ood_test,1142,0.018399029970169067,phase2_eval_fbb30bb4fc_s42,fbb30bb4fc,claim1
ood_test,1144,0.01034560427069664,phase2_eval_fbb30bb4fc_s42,fbb30bb4fc,claim1
ood_test,1151,0.012403256259858608,phase2_eval_fbb30bb4fc_s42,fbb30bb4fc,claim1
ood_test,1158,0.013813594356179237,phase2_eval_fbb30bb4fc_s42,fbb30bb4fc,claim1
ood_test,1162,0.019210796803236008,phase2_eval_fbb30bb4fc_s42,fbb30bb4fc,claim1
ood_test,1166,0.009844176471233368,phase2_eval_fbb30bb4fc_s42,fbb30bb4fc,claim1
ood_test,1170,0.011580132879316807,phase2_eval_fbb30bb4fc_s42,fbb30bb4fc,claim1
ood_test,1178,0.006582514848560095,phase2_eval_fbb30bb4fc_s42,fbb30bb4fc,claim1
ood_test,1182,0.01982058212161064,phase2_eval_fbb30bb4fc_s42,fbb30bb4fc,claim1
ood_test,1184,0.013087717816233635,phase2_eval_fbb30bb4fc_s42,fbb30bb4fc,claim1
ood_test,1185,0.011692339554429054,phase2_eval_fbb30bb4fc_s42,fbb30bb4fc,claim1
ood_test,1190,0.014135356992483139,phase2_eval_fbb30bb4fc_s42,fbb30bb4fc,claim1
ood_test,1191,0.01084903534501791,phase2_eval_fbb30bb4fc_s42,fbb30bb4fc,claim1
ood_test,1196,0.012351223267614841,phase2_eval_fbb30bb4fc_s42,fbb30bb4fc,claim1
ood_test,1197,0.00883061345666647,phase2_eval_fbb30bb4fc_s42,fbb30bb4fc,claim1
ood_test,1205,0.01007615402340889,phase2_eval_fbb30bb4fc_s42,fbb30bb4fc,claim1
ood_test,1230,0.017336852848529816,phase2_eval_fbb30bb4fc_s42,fbb30bb4fc,claim1
ood_test,1234,0.008046816103160381,phase2_eval_fbb30bb4fc_s42,fbb30bb4fc,claim1
ood_test,1235,0.008031535893678665,phase2_eval_fbb30bb4fc_s42,fbb30bb4fc,claim1
ood_test,1250,0.012771754525601864,phase2_eval_fbb30bb4fc_s42,fbb30bb4fc,claim1
ood_test,1271,0.019147256389260292,phase2_eval_fbb30bb4fc_s42,fbb30bb4fc,claim1
ood_test,1283,0.011279666796326637,phase2_eval_fbb30bb4fc_s42,fbb30bb4fc,claim1
ood_test,1292,0.012878376990556717,phase2_eval_fbb30bb4fc_s42,fbb30bb4fc,claim1
ood_test,1293,0.00785184744745493,phase2_eval_fbb30bb4fc_s42,fbb30bb4fc,claim1
ood_test,1300,0.01687520742416382,phase2_eval_fbb30bb4fc_s42,fbb30bb4fc,claim1
ood_test,1302,0.008522724732756615,phase2_eval_fbb30bb4fc_s42,fbb30bb4fc,claim1
ood_test,1304,0.01982017420232296,phase2_eval_fbb30bb4fc_s42,fbb30bb4fc,claim1
ood_test,1310,0.006683535873889923,phase2_eval_fbb30bb4fc_s42,fbb30bb4fc,claim1
ood_test,1315,0.015602774918079376,phase2_eval_fbb30bb4fc_s42,fbb30bb4fc,claim1
ood_test,1316,0.013455689884722233,phase2_eval_fbb30bb4fc_s42,fbb30bb4fc,claim1
ood_test,1320,0.004971908405423164,phase2_eval_fbb30bb4fc_s42,fbb30bb4fc,claim1
ood_test,1322,0.011438989080488682,phase2_eval_fbb30bb4fc_s42,fbb30bb4fc,claim1
ood_test,1329,0.010355856269598007,phase2_eval_fbb30bb4fc_s42,fbb30bb4fc,claim1
ood_test,1340,0.016688311472535133,phase2_eval_fbb30bb4fc_s42,fbb30bb4fc,claim1
ood_test,1344,0.011869155801832676,phase2_eval_fbb30bb4fc_s42,fbb30bb4fc,claim1
ood_test,1349,0.018773259595036507,phase2_eval_fbb30bb4fc_s42,fbb30bb4fc,claim1
ood_test,1350,0.016262473538517952,phase2_eval_fbb30bb4fc_s42,fbb30bb4fc,claim1
ood_test,1356,0.016150375828146935,phase2_eval_fbb30bb4fc_s42,fbb30bb4fc,claim1
ood_test,1359,0.017387891188263893,phase2_eval_fbb30bb4fc_s42,fbb30bb4fc,claim1
ood_test,1361,0.010113995522260666,phase2_eval_fbb30bb4fc_s42,fbb30bb4fc,claim1
ood_test,1368,0.015761954709887505,phase2_eval_fbb30bb4fc_s42,fbb30bb4fc,claim1
ood_test,1369,0.012449200265109539,phase2_eval_fbb30bb4fc_s42,fbb30bb4fc,claim1
ood_test,1370,0.010472334921360016,phase2_eval_fbb30bb4fc_s42,fbb30bb4fc,claim1
ood_test,1385,0.012394847348332405,phase2_eval_fbb30bb4fc_s42,fbb30bb4fc,claim1
ood_test,1389,0.008982144296169281,phase2_eval_fbb30bb4fc_s42,fbb30bb4fc,claim1
ood_test,1390,0.008619294501841068,phase2_eval_fbb30bb4fc_s42,fbb30bb4fc,claim1
ood_test,1394,0.018110832199454308,phase2_eval_fbb30bb4fc_s42,fbb30bb4fc,claim1
ood_test,1400,0.008784621953964233,phase2_eval_fbb30bb4fc_s42,fbb30bb4fc,claim1
ood_test,1408,0.010754672810435295,phase2_eval_fbb30bb4fc_s42,fbb30bb4fc,claim1
ood_test,1416,0.01578150875866413,phase2_eval_fbb30bb4fc_s42,fbb30bb4fc,claim1
ood_test,1417,0.013501100242137909,phase2_eval_fbb30bb4fc_s42,fbb30bb4fc,claim1
ood_test,1424,0.010130355134606361,phase2_eval_fbb30bb4fc_s42,fbb30bb4fc,claim1
ood_test,1425,0.012907320633530617,phase2_eval_fbb30bb4fc_s42,fbb30bb4fc,claim1
ood_test,1437,0.0102979252114892,phase2_eval_fbb30bb4fc_s42,fbb30bb4fc,claim1
ood_test,1440,0.014910387806594372,phase2_eval_fbb30bb4fc_s42,fbb30bb4fc,claim1
ood_test,1446,0.01601223088800907,phase2_eval_fbb30bb4fc_s42,fbb30bb4fc,claim1
ood_test,1453,0.011624203994870186,phase2_eval_fbb30bb4fc_s42,fbb30bb4fc,claim1
ood_test,1456,0.009184417314827442,phase2_eval_fbb30bb4fc_s42,fbb30bb4fc,claim1
ood_test,1469,0.008388963527977467,phase2_eval_fbb30bb4fc_s42,fbb30bb4fc,claim1
ood_test,1475,0.013102933764457703,phase2_eval_fbb30bb4fc_s42,fbb30bb4fc,claim1
ood_test,1477,0.022513670846819878,phase2_eval_fbb30bb4fc_s42,fbb30bb4fc,claim1
ood_test,1480,0.02124192751944065,phase2_eval_fbb30bb4fc_s42,fbb30bb4fc,claim1
ood_test,1482,0.013550328090786934,phase2_eval_fbb30bb4fc_s42,fbb30bb4fc,claim1
ood_test,1500,0.01288160216063261,phase2_eval_fbb30bb4fc_s42,fbb30bb4fc,claim1
ood_test,1508,0.009958680719137192,phase2_eval_fbb30bb4fc_s42,fbb30bb4fc,claim1
ood_test,1510,0.007830871269106865,phase2_eval_fbb30bb4fc_s42,fbb30bb4fc,claim1
ood_test,1514,0.01735292188823223,phase2_eval_fbb30bb4fc_s42,fbb30bb4fc,claim1
ood_test,1543,0.006479278206825256,phase2_eval_fbb30bb4fc_s42,fbb30bb4fc,claim1
ood_test,1546,0.012421299703419209,phase2_eval_fbb30bb4fc_s42,fbb30bb4fc,claim1
ood_test,1547,0.010243812575936317,phase2_eval_fbb30bb4fc_s42,fbb30bb4fc,claim1
ood_test,1548,0.012624192051589489,phase2_eval_fbb30bb4fc_s42,fbb30bb4fc,claim1
ood_test,1551,0.006497629452496767,phase2_eval_fbb30bb4fc_s42,fbb30bb4fc,claim1
ood_test,1554,0.012304013594985008,phase2_eval_fbb30bb4fc_s42,fbb30bb4fc,claim1
ood_test,1555,0.010767393745481968,phase2_eval_fbb30bb4fc_s42,fbb30bb4fc,claim1
ood_test,1563,0.014047108590602875,phase2_eval_fbb30bb4fc_s42,fbb30bb4fc,claim1
ood_test,1568,0.02262120693922043,phase2_eval_fbb30bb4fc_s42,fbb30bb4fc,claim1
ood_test,1576,0.012398995459079742,phase2_eval_fbb30bb4fc_s42,fbb30bb4fc,claim1
ood_test,1577,0.013129377737641335,phase2_eval_fbb30bb4fc_s42,fbb30bb4fc,claim1
ood_test,1583,0.014968953095376492,phase2_eval_fbb30bb4fc_s42,fbb30bb4fc,claim1
ood_test,1603,0.012504760175943375,phase2_eval_fbb30bb4fc_s42,fbb30bb4fc,claim1
ood_test,1613,0.012829963117837906,phase2_eval_fbb30bb4fc_s42,fbb30bb4fc,claim1
ood_test,1615,0.01412737276405096,phase2_eval_fbb30bb4fc_s42,fbb30bb4fc,claim1
ood_test,1639,0.014192779548466206,phase2_eval_fbb30bb4fc_s42,fbb30bb4fc,claim1
ood_test,1642,0.010803629644215107,phase2_eval_fbb30bb4fc_s42,fbb30bb4fc,claim1
ood_test,1645,0.011115899309515953,phase2_eval_fbb30bb4fc_s42,fbb30bb4fc,claim1
ood_test,1646,0.014311875216662884,phase2_eval_fbb30bb4fc_s42,fbb30bb4fc,claim1
ood_test,1647,0.010407421737909317,phase2_eval_fbb30bb4fc_s42,fbb30bb4fc,claim1
ood_test,1648,0.010633458383381367,phase2_eval_fbb30bb4fc_s42,fbb30bb4fc,claim1
ood_test,1649,0.00956011563539505,phase2_eval_fbb30bb4fc_s42,fbb30bb4fc,claim1
ood_test,1653,0.011141421273350716,phase2_eval_fbb30bb4fc_s42,fbb30bb4fc,claim1
ood_test,1656,0.020219726487994194,phase2_eval_fbb30bb4fc_s42,fbb30bb4fc,claim1
ood_test,1665,0.010683943517506123,phase2_eval_fbb30bb4fc_s42,fbb30bb4fc,claim1
ood_test,1667,0.0065487041138112545,phase2_eval_fbb30bb4fc_s42,fbb30bb4fc,claim1
ood_test,1670,0.01635758951306343,phase2_eval_fbb30bb4fc_s42,fbb30bb4fc,claim1
ood_test,1672,0.007866094820201397,phase2_eval_fbb30bb4fc_s42,fbb30bb4fc,claim1
ood_test,1676,0.01938011683523655,phase2_eval_fbb30bb4fc_s42,fbb30bb4fc,claim1
ood_test,1680,0.013464572839438915,phase2_eval_fbb30bb4fc_s42,fbb30bb4fc,claim1
ood_test,1683,0.01179822999984026,phase2_eval_fbb30bb4fc_s42,fbb30bb4fc,claim1
ood_test,1688,0.010175013914704323,phase2_eval_fbb30bb4fc_s42,fbb30bb4fc,claim1
ood_test,1692,0.01585693284869194,phase2_eval_fbb30bb4fc_s42,fbb30bb4fc,claim1
ood_test,1704,0.010082634165883064,phase2_eval_fbb30bb4fc_s42,fbb30bb4fc,claim1
ood_test,1708,0.01295232493430376,phase2_eval_fbb30bb4fc_s42,fbb30bb4fc,claim1
ood_test,1711,0.010874616913497448,phase2_eval_fbb30bb4fc_s42,fbb30bb4fc,claim1
ood_test,1714,0.01695169508457184,phase2_eval_fbb30bb4fc_s42,fbb30bb4fc,claim1
ood_test,1720,0.010515961796045303,phase2_eval_fbb30bb4fc_s42,fbb30bb4fc,claim1
ood_test,1733,0.009560913778841496,phase2_eval_fbb30bb4fc_s42,fbb30bb4fc,claim1
ood_test,1735,0.008015461266040802,phase2_eval_fbb30bb4fc_s42,fbb30bb4fc,claim1
ood_test,1743,0.01739010028541088,phase2_eval_fbb30bb4fc_s42,fbb30bb4fc,claim1
ood_test,1762,0.0077661206014454365,phase2_eval_fbb30bb4fc_s42,fbb30bb4fc,claim1
ood_test,1765,0.009329632855951786,phase2_eval_fbb30bb4fc_s42,fbb30bb4fc,claim1
ood_test,1772,0.009158367291092873,phase2_eval_fbb30bb4fc_s42,fbb30bb4fc,claim1
ood_test,1786,0.01220881287008524,phase2_eval_fbb30bb4fc_s42,fbb30bb4fc,claim1
ood_test,1790,0.013497733511030674,phase2_eval_fbb30bb4fc_s42,fbb30bb4fc,claim1
ood_test,1791,0.012116639874875546,phase2_eval_fbb30bb4fc_s42,fbb30bb4fc,claim1
ood_test,1793,0.009097311645746231,phase2_eval_fbb30bb4fc_s42,fbb30bb4fc,claim1
ood_test,1805,0.014086813665926456,phase2_eval_fbb30bb4fc_s42,fbb30bb4fc,claim1
ood_test,1812,0.01080669928342104,phase2_eval_fbb30bb4fc_s42,fbb30bb4fc,claim1
ood_test,1814,0.010925187729299068,phase2_eval_fbb30bb4fc_s42,fbb30bb4fc,claim1
ood_test,1822,0.015925411134958267,phase2_eval_fbb30bb4fc_s42,fbb30bb4fc,claim1
ood_test,1823,0.011098187416791916,phase2_eval_fbb30bb4fc_s42,fbb30bb4fc,claim1
ood_test,1832,0.01651270128786564,phase2_eval_fbb30bb4fc_s42,fbb30bb4fc,claim1
ood_test,1835,0.008657017722725868,phase2_eval_fbb30bb4fc_s42,fbb30bb4fc,claim1
ood_test,1848,0.008772823959589005,phase2_eval_fbb30bb4fc_s42,fbb30bb4fc,claim1
ood_test,1853,0.014357514679431915,phase2_eval_fbb30bb4fc_s42,fbb30bb4fc,claim1
ood_test,1854,0.012580056674778461,phase2_eval_fbb30bb4fc_s42,fbb30bb4fc,claim1
ood_test,1856,0.01712532341480255,phase2_eval_fbb30bb4fc_s42,fbb30bb4fc,claim1
ood_test,1881,0.006958404555916786,phase2_eval_fbb30bb4fc_s42,fbb30bb4fc,claim1
ood_test,1891,0.010919177904725075,phase2_eval_fbb30bb4fc_s42,fbb30bb4fc,claim1
ood_test,1893,0.014188569039106369,phase2_eval_fbb30bb4fc_s42,fbb30bb4fc,claim1
ood_test,1897,0.01738322153687477,phase2_eval_fbb30bb4fc_s42,fbb30bb4fc,claim1
ood_test,1900,0.0158759206533432,phase2_eval_fbb30bb4fc_s42,fbb30bb4fc,claim1
ood_test,1908,0.02126816287636757,phase2_eval_fbb30bb4fc_s42,fbb30bb4fc,claim1
ood_test,1909,0.012955570593476295,phase2_eval_fbb30bb4fc_s42,fbb30bb4fc,claim1
ood_test,1911,0.01602237857878208,phase2_eval_fbb30bb4fc_s42,fbb30bb4fc,claim1
ood_test,1919,0.014828260987997055,phase2_eval_fbb30bb4fc_s42,fbb30bb4fc,claim1
ood_test,1925,0.019513113424181938,phase2_eval_fbb30bb4fc_s42,fbb30bb4fc,claim1
ood_test,1929,0.010861540213227272,phase2_eval_fbb30bb4fc_s42,fbb30bb4fc,claim1
ood_test,1938,0.01010009367018938,phase2_eval_fbb30bb4fc_s42,fbb30bb4fc,claim1
ood_test,1947,0.01598377525806427,phase2_eval_fbb30bb4fc_s42,fbb30bb4fc,claim1
ood_test,1949,0.006625952664762735,phase2_eval_fbb30bb4fc_s42,fbb30bb4fc,claim1
ood_test,1950,0.015979686751961708,phase2_eval_fbb30bb4fc_s42,fbb30bb4fc,claim1
ood_test,1959,0.016071507707238197,phase2_eval_fbb30bb4fc_s42,fbb30bb4fc,claim1
ood_test,1963,0.009254555217921734,phase2_eval_fbb30bb4fc_s42,fbb30bb4fc,claim1
ood_test,1968,0.011722941882908344,phase2_eval_fbb30bb4fc_s42,fbb30bb4fc,claim1
ood_test,1969,0.01681961677968502,phase2_eval_fbb30bb4fc_s42,fbb30bb4fc,claim1
ood_test,1970,0.01386298704892397,phase2_eval_fbb30bb4fc_s42,fbb30bb4fc,claim1
ood_test,1973,0.021017687395215034,phase2_eval_fbb30bb4fc_s42,fbb30bb4fc,claim1
ood_test,1983,0.00808106642216444,phase2_eval_fbb30bb4fc_s42,fbb30bb4fc,claim1
ood_test,1988,0.013546228408813477,phase2_eval_fbb30bb4fc_s42,fbb30bb4fc,claim1
ood_test,1991,0.016428053379058838,phase2_eval_fbb30bb4fc_s42,fbb30bb4fc,claim1
ood_test,1992,0.010462399572134018,phase2_eval_fbb30bb4fc_s42,fbb30bb4fc,claim1
ood_test,2000,0.015134863555431366,phase2_eval_fbb30bb4fc_s42,fbb30bb4fc,claim1
ood_test,2004,0.012455805204808712,phase2_eval_fbb30bb4fc_s42,fbb30bb4fc,claim1
ood_test,2010,0.015086168423295021,phase2_eval_fbb30bb4fc_s42,fbb30bb4fc,claim1
ood_test,2011,0.012236690148711205,phase2_eval_fbb30bb4fc_s42,fbb30bb4fc,claim1
ood_test,2012,0.006065265741199255,phase2_eval_fbb30bb4fc_s42,fbb30bb4fc,claim1
ood_test,2014,0.009566746652126312,phase2_eval_fbb30bb4fc_s42,fbb30bb4fc,claim1
ood_test,2016,0.011300125159323215,phase2_eval_fbb30bb4fc_s42,fbb30bb4fc,claim1
ood_test,2018,0.008403608575463295,phase2_eval_fbb30bb4fc_s42,fbb30bb4fc,claim1
ood_test,2024,0.018257226794958115,phase2_eval_fbb30bb4fc_s42,fbb30bb4fc,claim1
ood_test,2028,0.016727957874536514,phase2_eval_fbb30bb4fc_s42,fbb30bb4fc,claim1
ood_test,2029,0.012378019280731678,phase2_eval_fbb30bb4fc_s42,fbb30bb4fc,claim1
ood_test,2033,0.012409785762429237,phase2_eval_fbb30bb4fc_s42,fbb30bb4fc,claim1
ood_test,2042,0.022870399057865143,phase2_eval_fbb30bb4fc_s42,fbb30bb4fc,claim1
ood_test,2054,0.010346281342208385,phase2_eval_fbb30bb4fc_s42,fbb30bb4fc,claim1
ood_test,2059,0.009028060361742973,phase2_eval_fbb30bb4fc_s42,fbb30bb4fc,claim1
ood_test,2064,0.012471872381865978,phase2_eval_fbb30bb4fc_s42,fbb30bb4fc,claim1
ood_test,2071,0.009512889198958874,phase2_eval_fbb30bb4fc_s42,fbb30bb4fc,claim1
ood_test,2083,0.011416642926633358,phase2_eval_fbb30bb4fc_s42,fbb30bb4fc,claim1
ood_test,2088,0.012449591420590878,phase2_eval_fbb30bb4fc_s42,fbb30bb4fc,claim1
ood_test,2090,0.02205377258360386,phase2_eval_fbb30bb4fc_s42,fbb30bb4fc,claim1
ood_test,2099,0.012987497262656689,phase2_eval_fbb30bb4fc_s42,fbb30bb4fc,claim1
ood_test,2103,0.015693724155426025,phase2_eval_fbb30bb4fc_s42,fbb30bb4fc,claim1
ood_test,2107,0.01889241486787796,phase2_eval_fbb30bb4fc_s42,fbb30bb4fc,claim1
ood_test,2115,0.014624661765992641,phase2_eval_fbb30bb4fc_s42,fbb30bb4fc,claim1
ood_test,2122,0.01619812473654747,phase2_eval_fbb30bb4fc_s42,fbb30bb4fc,claim1
ood_test,2124,0.018328776583075523,phase2_eval_fbb30bb4fc_s42,fbb30bb4fc,claim1
ood_test,2138,0.01722082495689392,phase2_eval_fbb30bb4fc_s42,fbb30bb4fc,claim1
ood_test,2141,0.007861354388296604,phase2_eval_fbb30bb4fc_s42,fbb30bb4fc,claim1
ood_test,2146,0.007461839355528355,phase2_eval_fbb30bb4fc_s42,fbb30bb4fc,claim1
ood_test,2149,0.009988635778427124,phase2_eval_fbb30bb4fc_s42,fbb30bb4fc,claim1
ood_test,2156,0.008466299623250961,phase2_eval_fbb30bb4fc_s42,fbb30bb4fc,claim1
ood_test,2166,0.020576342940330505,phase2_eval_fbb30bb4fc_s42,fbb30bb4fc,claim1
ood_test,2168,0.023455524817109108,phase2_eval_fbb30bb4fc_s42,fbb30bb4fc,claim1
ood_test,2180,0.010534079745411873,phase2_eval_fbb30bb4fc_s42,fbb30bb4fc,claim1
ood_test,2187,0.008856093510985374,phase2_eval_fbb30bb4fc_s42,fbb30bb4fc,claim1
ood_test,2194,0.008183883503079414,phase2_eval_fbb30bb4fc_s42,fbb30bb4fc,claim1
ood_test,2201,0.00978941097855568,phase2_eval_fbb30bb4fc_s42,fbb30bb4fc,claim1
ood_test,2205,0.011985646560788155,phase2_eval_fbb30bb4fc_s42,fbb30bb4fc,claim1
ood_test,2228,0.009190686978399754,phase2_eval_fbb30bb4fc_s42,fbb30bb4fc,claim1
ood_test,2233,0.020249277353286743,phase2_eval_fbb30bb4fc_s42,fbb30bb4fc,claim1
ood_test,2241,0.017718685790896416,phase2_eval_fbb30bb4fc_s42,fbb30bb4fc,claim1
ood_test,2248,0.011751847341656685,phase2_eval_fbb30bb4fc_s42,fbb30bb4fc,claim1
ood_test,2249,0.019692279398441315,phase2_eval_fbb30bb4fc_s42,fbb30bb4fc,claim1
ood_test,2250,0.008126025088131428,phase2_eval_fbb30bb4fc_s42,fbb30bb4fc,claim1
ood_test,2252,0.024346642196178436,phase2_eval_fbb30bb4fc_s42,fbb30bb4fc,claim1
ood_test,2258,0.014071734622120857,phase2_eval_fbb30bb4fc_s42,fbb30bb4fc,claim1
ood_test,2265,0.007773655466735363,phase2_eval_fbb30bb4fc_s42,fbb30bb4fc,claim1
ood_test,2267,0.01203741505742073,phase2_eval_fbb30bb4fc_s42,fbb30bb4fc,claim1
ood_test,2276,0.008453833870589733,phase2_eval_fbb30bb4fc_s42,fbb30bb4fc,claim1
ood_test,2278,0.014981083571910858,phase2_eval_fbb30bb4fc_s42,fbb30bb4fc,claim1
ood_test,2282,0.00895500835031271,phase2_eval_fbb30bb4fc_s42,fbb30bb4fc,claim1
ood_test,2298,0.02265843376517296,phase2_eval_fbb30bb4fc_s42,fbb30bb4fc,claim1
ood_test,2299,0.012033134698867798,phase2_eval_fbb30bb4fc_s42,fbb30bb4fc,claim1
ood_test,2302,0.011359917931258678,phase2_eval_fbb30bb4fc_s42,fbb30bb4fc,claim1
ood_test,2308,0.0235794298350811,phase2_eval_fbb30bb4fc_s42,fbb30bb4fc,claim1
ood_test,2313,0.01021320465952158,phase2_eval_fbb30bb4fc_s42,fbb30bb4fc,claim1
ood_test,2320,0.011434677988290787,phase2_eval_fbb30bb4fc_s42,fbb30bb4fc,claim1
ood_test,2324,0.010207383893430233,phase2_eval_fbb30bb4fc_s42,fbb30bb4fc,claim1
ood_test,2329,0.016161160543560982,phase2_eval_fbb30bb4fc_s42,fbb30bb4fc,claim1
ood_test,2333,0.014138801954686642,phase2_eval_fbb30bb4fc_s42,fbb30bb4fc,claim1
ood_test,2335,0.01598423346877098,phase2_eval_fbb30bb4fc_s42,fbb30bb4fc,claim1
ood_test,2343,0.015913015231490135,phase2_eval_fbb30bb4fc_s42,fbb30bb4fc,claim1
ood_test,2349,0.009125374257564545,phase2_eval_fbb30bb4fc_s42,fbb30bb4fc,claim1
ood_test,2351,0.012051032856106758,phase2_eval_fbb30bb4fc_s42,fbb30bb4fc,claim1
ood_test,2358,0.013955163769423962,phase2_eval_fbb30bb4fc_s42,fbb30bb4fc,claim1
ood_test,2359,0.008674402721226215,phase2_eval_fbb30bb4fc_s42,fbb30bb4fc,claim1
ood_test,2363,0.007271172478795052,phase2_eval_fbb30bb4fc_s42,fbb30bb4fc,claim1
ood_test,2365,0.01297141145914793,phase2_eval_fbb30bb4fc_s42,fbb30bb4fc,claim1
ood_test,2366,0.012002062983810902,phase2_eval_fbb30bb4fc_s42,fbb30bb4fc,claim1
ood_test,2367,0.01622304506599903,phase2_eval_fbb30bb4fc_s42,fbb30bb4fc,claim1
ood_test,2368,0.010568431578576565,phase2_eval_fbb30bb4fc_s42,fbb30bb4fc,claim1
ood_test,2369,0.013405540026724339,phase2_eval_fbb30bb4fc_s42,fbb30bb4fc,claim1
ood_test,2373,0.02091038040816784,phase2_eval_fbb30bb4fc_s42,fbb30bb4fc,claim1
ood_test,2375,0.015362652018666267,phase2_eval_fbb30bb4fc_s42,fbb30bb4fc,claim1
ood_test,2379,0.011657537892460823,phase2_eval_fbb30bb4fc_s42,fbb30bb4fc,claim1
ood_test,2380,0.010512210428714752,phase2_eval_fbb30bb4fc_s42,fbb30bb4fc,claim1
ood_test,2399,0.009611834771931171,phase2_eval_fbb30bb4fc_s42,fbb30bb4fc,claim1
ood_test,2400,0.01068507693707943,phase2_eval_fbb30bb4fc_s42,fbb30bb4fc,claim1
ood_test,2407,0.014156859368085861,phase2_eval_fbb30bb4fc_s42,fbb30bb4fc,claim1
ood_test,2416,0.023688048124313354,phase2_eval_fbb30bb4fc_s42,fbb30bb4fc,claim1
ood_test,2417,0.009059186093509197,phase2_eval_fbb30bb4fc_s42,fbb30bb4fc,claim1
ood_test,2419,0.013347161002457142,phase2_eval_fbb30bb4fc_s42,fbb30bb4fc,claim1
ood_test,2421,0.015725158154964447,phase2_eval_fbb30bb4fc_s42,fbb30bb4fc,claim1
ood_test,2425,0.010476256720721722,phase2_eval_fbb30bb4fc_s42,fbb30bb4fc,claim1
ood_test,2426,0.021685414016246796,phase2_eval_fbb30bb4fc_s42,fbb30bb4fc,claim1
ood_test,2427,0.014497549273073673,phase2_eval_fbb30bb4fc_s42,fbb30bb4fc,claim1
ood_test,2428,0.0187281034886837,phase2_eval_fbb30bb4fc_s42,fbb30bb4fc,claim1
ood_test,2430,0.011695516295731068,phase2_eval_fbb30bb4fc_s42,fbb30bb4fc,claim1
ood_test,2431,0.01376170665025711,phase2_eval_fbb30bb4fc_s42,fbb30bb4fc,claim1
ood_test,2437,0.020104357972741127,phase2_eval_fbb30bb4fc_s42,fbb30bb4fc,claim1
ood_test,2443,0.011577043682336807,phase2_eval_fbb30bb4fc_s42,fbb30bb4fc,claim1
ood_test,2453,0.016376007348299026,phase2_eval_fbb30bb4fc_s42,fbb30bb4fc,claim1
ood_test,2457,0.008560393005609512,phase2_eval_fbb30bb4fc_s42,fbb30bb4fc,claim1
ood_test,2460,0.013603408820927143,phase2_eval_fbb30bb4fc_s42,fbb30bb4fc,claim1
ood_test,2467,0.015104059129953384,phase2_eval_fbb30bb4fc_s42,fbb30bb4fc,claim1
ood_test,2468,0.01753338985145092,phase2_eval_fbb30bb4fc_s42,fbb30bb4fc,claim1
ood_test,2470,0.010934298858046532,phase2_eval_fbb30bb4fc_s42,fbb30bb4fc,claim1
ood_test,2474,0.009483630768954754,phase2_eval_fbb30bb4fc_s42,fbb30bb4fc,claim1
ood_test,2478,0.017699463292956352,phase2_eval_fbb30bb4fc_s42,fbb30bb4fc,claim1
ood_test,2482,0.010213576257228851,phase2_eval_fbb30bb4fc_s42,fbb30bb4fc,claim1
ood_test,2492,0.007864607498049736,phase2_eval_fbb30bb4fc_s42,fbb30bb4fc,claim1
ood_test,2493,0.008920199237763882,phase2_eval_fbb30bb4fc_s42,fbb30bb4fc,claim1
ood_test,2494,0.011104077100753784,phase2_eval_fbb30bb4fc_s42,fbb30bb4fc,claim1
ood_test,2497,0.02274174429476261,phase2_eval_fbb30bb4fc_s42,fbb30bb4fc,claim1
ood_test,2500,0.016008850187063217,phase2_eval_fbb30bb4fc_s42,fbb30bb4fc,claim1
ood_test,2501,0.009556058794260025,phase2_eval_fbb30bb4fc_s42,fbb30bb4fc,claim1
ood_test,2508,0.012019271031022072,phase2_eval_fbb30bb4fc_s42,fbb30bb4fc,claim1
ood_test,2511,0.009946511127054691,phase2_eval_fbb30bb4fc_s42,fbb30bb4fc,claim1
ood_test,2514,0.009127326309680939,phase2_eval_fbb30bb4fc_s42,fbb30bb4fc,claim1
ood_test,2518,0.016696713864803314,phase2_eval_fbb30bb4fc_s42,fbb30bb4fc,claim1
ood_test,2521,0.009945259429514408,phase2_eval_fbb30bb4fc_s42,fbb30bb4fc,claim1
ood_test,2523,0.01722187176346779,phase2_eval_fbb30bb4fc_s42,fbb30bb4fc,claim1
ood_test,2534,0.008937283419072628,phase2_eval_fbb30bb4fc_s42,fbb30bb4fc,claim1
ood_test,2536,0.015233397483825684,phase2_eval_fbb30bb4fc_s42,fbb30bb4fc,claim1
ood_test,2541,0.010939965955913067,phase2_eval_fbb30bb4fc_s42,fbb30bb4fc,claim1
ood_test,2563,0.011546317487955093,phase2_eval_fbb30bb4fc_s42,fbb30bb4fc,claim1
ood_test,2564,0.008029788732528687,phase2_eval_fbb30bb4fc_s42,fbb30bb4fc,claim1
ood_test,2569,0.013481232337653637,phase2_eval_fbb30bb4fc_s42,fbb30bb4fc,claim1
ood_test,2572,0.007501355372369289,phase2_eval_fbb30bb4fc_s42,fbb30bb4fc,claim1
ood_test,2583,0.015423150733113289,phase2_eval_fbb30bb4fc_s42,fbb30bb4fc,claim1
ood_test,2590,0.011964674107730389,phase2_eval_fbb30bb4fc_s42,fbb30bb4fc,claim1
ood_test,2592,0.011976523324847221,phase2_eval_fbb30bb4fc_s42,fbb30bb4fc,claim1
ood_test,2596,0.01727847196161747,phase2_eval_fbb30bb4fc_s42,fbb30bb4fc,claim1
ood_test,2606,0.009418567642569542,phase2_eval_fbb30bb4fc_s42,fbb30bb4fc,claim1
ood_test,2607,0.016587097197771072,phase2_eval_fbb30bb4fc_s42,fbb30bb4fc,claim1
ood_test,2608,0.010124187916517258,phase2_eval_fbb30bb4fc_s42,fbb30bb4fc,claim1
ood_test,2609,0.014925760217010975,phase2_eval_fbb30bb4fc_s42,fbb30bb4fc,claim1
ood_test,2614,0.007418514229357243,phase2_eval_fbb30bb4fc_s42,fbb30bb4fc,claim1
ood_test,2616,0.012093262746930122,phase2_eval_fbb30bb4fc_s42,fbb30bb4fc,claim1
ood_test,2620,0.023320186883211136,phase2_eval_fbb30bb4fc_s42,fbb30bb4fc,claim1
ood_test,2634,0.016136441379785538,phase2_eval_fbb30bb4fc_s42,fbb30bb4fc,claim1
ood_test,2635,0.012831224128603935,phase2_eval_fbb30bb4fc_s42,fbb30bb4fc,claim1
ood_test,2637,0.010022789239883423,phase2_eval_fbb30bb4fc_s42,fbb30bb4fc,claim1
ood_test,2640,0.014924387447535992,phase2_eval_fbb30bb4fc_s42,fbb30bb4fc,claim1
ood_test,2644,0.008665631525218487,phase2_eval_fbb30bb4fc_s42,fbb30bb4fc,claim1
ood_test,2645,0.01183442771434784,phase2_eval_fbb30bb4fc_s42,fbb30bb4fc,claim1
ood_test,2649,0.011355729773640633,phase2_eval_fbb30bb4fc_s42,fbb30bb4fc,claim1
ood_test,2652,0.015979856252670288,phase2_eval_fbb30bb4fc_s42,fbb30bb4fc,claim1
ood_test,2653,0.009074987843632698,phase2_eval_fbb30bb4fc_s42,fbb30bb4fc,claim1
ood_test,2655,0.006622794549912214,phase2_eval_fbb30bb4fc_s42,fbb30bb4fc,claim1
ood_test,2659,0.024721113964915276,phase2_eval_fbb30bb4fc_s42,fbb30bb4fc,claim1
ood_test,2663,0.009133406914770603,phase2_eval_fbb30bb4fc_s42,fbb30bb4fc,claim1
ood_test,2668,0.02061840333044529,phase2_eval_fbb30bb4fc_s42,fbb30bb4fc,claim1
ood_test,2673,0.01372308935970068,phase2_eval_fbb30bb4fc_s42,fbb30bb4fc,claim1
ood_test,2679,0.008729781955480576,phase2_eval_fbb30bb4fc_s42,fbb30bb4fc,claim1
ood_test,2683,0.01118597574532032,phase2_eval_fbb30bb4fc_s42,fbb30bb4fc,claim1
ood_test,2686,0.01325607392936945,phase2_eval_fbb30bb4fc_s42,fbb30bb4fc,claim1
ood_test,2690,0.012058906257152557,phase2_eval_fbb30bb4fc_s42,fbb30bb4fc,claim1
ood_test,2693,0.0192805677652359,phase2_eval_fbb30bb4fc_s42,fbb30bb4fc,claim1
ood_test,2696,0.014838336035609245,phase2_eval_fbb30bb4fc_s42,fbb30bb4fc,claim1
ood_test,2702,0.0234760120511055,phase2_eval_fbb30bb4fc_s42,fbb30bb4fc,claim1
ood_test,2710,0.009295319207012653,phase2_eval_fbb30bb4fc_s42,fbb30bb4fc,claim1
ood_test,2712,0.012821017764508724,phase2_eval_fbb30bb4fc_s42,fbb30bb4fc,claim1
ood_test,2719,0.012476528063416481,phase2_eval_fbb30bb4fc_s42,fbb30bb4fc,claim1
ood_test,2720,0.012165256775915623,phase2_eval_fbb30bb4fc_s42,fbb30bb4fc,claim1
ood_test,2723,0.01662234216928482,phase2_eval_fbb30bb4fc_s42,fbb30bb4fc,claim1
ood_test,2724,0.01650727167725563,phase2_eval_fbb30bb4fc_s42,fbb30bb4fc,claim1
ood_test,2726,0.009668873623013496,phase2_eval_fbb30bb4fc_s42,fbb30bb4fc,claim1
ood_test,2729,0.015616063959896564,phase2_eval_fbb30bb4fc_s42,fbb30bb4fc,claim1
ood_test,2742,0.009373447857797146,phase2_eval_fbb30bb4fc_s42,fbb30bb4fc,claim1
ood_test,2759,0.011241293512284756,phase2_eval_fbb30bb4fc_s42,fbb30bb4fc,claim1
ood_test,2764,0.007252692710608244,phase2_eval_fbb30bb4fc_s42,fbb30bb4fc,claim1
ood_test,2770,0.008953559212386608,phase2_eval_fbb30bb4fc_s42,fbb30bb4fc,claim1
ood_test,2780,0.014050489291548729,phase2_eval_fbb30bb4fc_s42,fbb30bb4fc,claim1
ood_test,2788,0.013216638006269932,phase2_eval_fbb30bb4fc_s42,fbb30bb4fc,claim1
ood_test,2789,0.02357964962720871,phase2_eval_fbb30bb4fc_s42,fbb30bb4fc,claim1
ood_test,2793,0.007949622347950935,phase2_eval_fbb30bb4fc_s42,fbb30bb4fc,claim1
ood_test,2794,0.012607637792825699,phase2_eval_fbb30bb4fc_s42,fbb30bb4fc,claim1
ood_test,2802,0.008924032561480999,phase2_eval_fbb30bb4fc_s42,fbb30bb4fc,claim1
ood_test,2806,0.01669127307832241,phase2_eval_fbb30bb4fc_s42,fbb30bb4fc,claim1
ood_test,2817,0.006856896914541721,phase2_eval_fbb30bb4fc_s42,fbb30bb4fc,claim1
ood_test,2822,0.023694412782788277,phase2_eval_fbb30bb4fc_s42,fbb30bb4fc,claim1
ood_test,2829,0.013634778559207916,phase2_eval_fbb30bb4fc_s42,fbb30bb4fc,claim1
ood_test,2835,0.007170232478529215,phase2_eval_fbb30bb4fc_s42,fbb30bb4fc,claim1
ood_test,2842,0.010773597285151482,phase2_eval_fbb30bb4fc_s42,fbb30bb4fc,claim1
ood_test,2846,0.012402159161865711,phase2_eval_fbb30bb4fc_s42,fbb30bb4fc,claim1
ood_test,2850,0.013512540608644485,phase2_eval_fbb30bb4fc_s42,fbb30bb4fc,claim1
ood_test,2853,0.008271454833447933,phase2_eval_fbb30bb4fc_s42,fbb30bb4fc,claim1
ood_test,2854,0.010716124437749386,phase2_eval_fbb30bb4fc_s42,fbb30bb4fc,claim1
ood_test,2860,0.014013214036822319,phase2_eval_fbb30bb4fc_s42,fbb30bb4fc,claim1
ood_test,2864,0.019307512789964676,phase2_eval_fbb30bb4fc_s42,fbb30bb4fc,claim1
ood_test,2874,0.012069706805050373,phase2_eval_fbb30bb4fc_s42,fbb30bb4fc,claim1
ood_test,2878,0.0126730315387249,phase2_eval_fbb30bb4fc_s42,fbb30bb4fc,claim1
ood_test,2890,0.01776043325662613,phase2_eval_fbb30bb4fc_s42,fbb30bb4fc,claim1
ood_test,2899,0.007592247799038887,phase2_eval_fbb30bb4fc_s42,fbb30bb4fc,claim1
ood_test,2900,0.008687308058142662,phase2_eval_fbb30bb4fc_s42,fbb30bb4fc,claim1
ood_test,2906,0.0155509477481246,phase2_eval_fbb30bb4fc_s42,fbb30bb4fc,claim1
ood_test,2907,0.02208123914897442,phase2_eval_fbb30bb4fc_s42,fbb30bb4fc,claim1
ood_test,2922,0.011717010289430618,phase2_eval_fbb30bb4fc_s42,fbb30bb4fc,claim1
ood_test,2924,0.009140009991824627,phase2_eval_fbb30bb4fc_s42,fbb30bb4fc,claim1
ood_test,2926,0.007797298487275839,phase2_eval_fbb30bb4fc_s42,fbb30bb4fc,claim1
ood_test,2931,0.008042064495384693,phase2_eval_fbb30bb4fc_s42,fbb30bb4fc,claim1
ood_test,2946,0.0063404603861272335,phase2_eval_fbb30bb4fc_s42,fbb30bb4fc,claim1
ood_test,2955,0.015097777359187603,phase2_eval_fbb30bb4fc_s42,fbb30bb4fc,claim1
ood_test,2957,0.0076906015165150166,phase2_eval_fbb30bb4fc_s42,fbb30bb4fc,claim1
ood_test,2958,0.013692609034478664,phase2_eval_fbb30bb4fc_s42,fbb30bb4fc,claim1
ood_test,2972,0.008098355494439602,phase2_eval_fbb30bb4fc_s42,fbb30bb4fc,claim1
ood_test,2975,0.016369063407182693,phase2_eval_fbb30bb4fc_s42,fbb30bb4fc,claim1
ood_test,2978,0.015882372856140137,phase2_eval_fbb30bb4fc_s42,fbb30bb4fc,claim1
ood_test,2980,0.011882774531841278,phase2_eval_fbb30bb4fc_s42,fbb30bb4fc,claim1
ood_test,2985,0.01085816789418459,phase2_eval_fbb30bb4fc_s42,fbb30bb4fc,claim1
ood_test,2989,0.010327517054975033,phase2_eval_fbb30bb4fc_s42,fbb30bb4fc,claim1
ood_test,3002,0.014363095164299011,phase2_eval_fbb30bb4fc_s42,fbb30bb4fc,claim1
ood_test,3004,0.012233428657054901,phase2_eval_fbb30bb4fc_s42,fbb30bb4fc,claim1
ood_test,3013,0.008036204613745213,phase2_eval_fbb30bb4fc_s42,fbb30bb4fc,claim1
ood_test,3017,0.01683892123401165,phase2_eval_fbb30bb4fc_s42,fbb30bb4fc,claim1
ood_test,3021,0.009771913290023804,phase2_eval_fbb30bb4fc_s42,fbb30bb4fc,claim1
ood_test,3029,0.01654108054935932,phase2_eval_fbb30bb4fc_s42,fbb30bb4fc,claim1
ood_test,3030,0.013117381371557713,phase2_eval_fbb30bb4fc_s42,fbb30bb4fc,claim1
ood_test,3032,0.013800930231809616,phase2_eval_fbb30bb4fc_s42,fbb30bb4fc,claim1
ood_test,3035,0.013980081304907799,phase2_eval_fbb30bb4fc_s42,fbb30bb4fc,claim1
ood_test,3037,0.014139369130134583,phase2_eval_fbb30bb4fc_s42,fbb30bb4fc,claim1
ood_test,3054,0.012514516711235046,phase2_eval_fbb30bb4fc_s42,fbb30bb4fc,claim1
ood_test,3055,0.01485940907150507,phase2_eval_fbb30bb4fc_s42,fbb30bb4fc,claim1
ood_test,3057,0.013279544189572334,phase2_eval_fbb30bb4fc_s42,fbb30bb4fc,claim1
ood_test,3068,0.016277680173516273,phase2_eval_fbb30bb4fc_s42,fbb30bb4fc,claim1
ood_test,3069,0.01682201214134693,phase2_eval_fbb30bb4fc_s42,fbb30bb4fc,claim1
ood_test,3071,0.009890921413898468,phase2_eval_fbb30bb4fc_s42,fbb30bb4fc,claim1
ood_test,3075,0.012179682962596416,phase2_eval_fbb30bb4fc_s42,fbb30bb4fc,claim1
ood_test,3091,0.01338031142950058,phase2_eval_fbb30bb4fc_s42,fbb30bb4fc,claim1
ood_test,3093,0.010782658122479916,phase2_eval_fbb30bb4fc_s42,fbb30bb4fc,claim1
ood_test,3094,0.009185783565044403,phase2_eval_fbb30bb4fc_s42,fbb30bb4fc,claim1
ood_test,3098,0.008320692926645279,phase2_eval_fbb30bb4fc_s42,fbb30bb4fc,claim1
ood_test,3104,0.015901437029242516,phase2_eval_fbb30bb4fc_s42,fbb30bb4fc,claim1
ood_test,3110,0.016179120168089867,phase2_eval_fbb30bb4fc_s42,fbb30bb4fc,claim1
ood_test,3116,0.014385169371962547,phase2_eval_fbb30bb4fc_s42,fbb30bb4fc,claim1
ood_test,3123,0.01586676947772503,phase2_eval_fbb30bb4fc_s42,fbb30bb4fc,claim1
ood_test,3124,0.01237601786851883,phase2_eval_fbb30bb4fc_s42,fbb30bb4fc,claim1
ood_test,3127,0.010624953545629978,phase2_eval_fbb30bb4fc_s42,fbb30bb4fc,claim1
ood_test,3135,0.012619616463780403,phase2_eval_fbb30bb4fc_s42,fbb30bb4fc,claim1
ood_test,3136,0.01006295345723629,phase2_eval_fbb30bb4fc_s42,fbb30bb4fc,claim1
ood_test,3139,0.018274806439876556,phase2_eval_fbb30bb4fc_s42,fbb30bb4fc,claim1
ood_test,3141,0.007678748108446598,phase2_eval_fbb30bb4fc_s42,fbb30bb4fc,claim1
ood_test,3144,0.009859522804617882,phase2_eval_fbb30bb4fc_s42,fbb30bb4fc,claim1
ood_test,3146,0.00815143994987011,phase2_eval_fbb30bb4fc_s42,fbb30bb4fc,claim1
ood_test,3149,0.014640324749052525,phase2_eval_fbb30bb4fc_s42,fbb30bb4fc,claim1
ood_test,3151,0.014097600243985653,phase2_eval_fbb30bb4fc_s42,fbb30bb4fc,claim1
ood_test,3159,0.01150928158313036,phase2_eval_fbb30bb4fc_s42,fbb30bb4fc,claim1
ood_test,3167,0.011457427404820919,phase2_eval_fbb30bb4fc_s42,fbb30bb4fc,claim1
ood_test,3171,0.01075054332613945,phase2_eval_fbb30bb4fc_s42,fbb30bb4fc,claim1
ood_test,3173,0.009635829366743565,phase2_eval_fbb30bb4fc_s42,fbb30bb4fc,claim1
ood_test,3191,0.007951154373586178,phase2_eval_fbb30bb4fc_s42,fbb30bb4fc,claim1
ood_test,3197,0.009964690543711185,phase2_eval_fbb30bb4fc_s42,fbb30bb4fc,claim1
ood_test,3199,0.01446579210460186,phase2_eval_fbb30bb4fc_s42,fbb30bb4fc,claim1
ood_test,3202,0.01947377435863018,phase2_eval_fbb30bb4fc_s42,fbb30bb4fc,claim1
ood_test,3210,0.010706624016165733,phase2_eval_fbb30bb4fc_s42,fbb30bb4fc,claim1
ood_test,3212,0.010109704919159412,phase2_eval_fbb30bb4fc_s42,fbb30bb4fc,claim1
ood_test,3217,0.01154114305973053,phase2_eval_fbb30bb4fc_s42,fbb30bb4fc,claim1
ood_test,3229,0.010884851217269897,phase2_eval_fbb30bb4fc_s42,fbb30bb4fc,claim1
ood_test,3240,0.014365147799253464,phase2_eval_fbb30bb4fc_s42,fbb30bb4fc,claim1
ood_test,3242,0.010789033025503159,phase2_eval_fbb30bb4fc_s42,fbb30bb4fc,claim1
ood_test,3244,0.014678328298032284,phase2_eval_fbb30bb4fc_s42,fbb30bb4fc,claim1
ood_test,3260,0.011387481354176998,phase2_eval_fbb30bb4fc_s42,fbb30bb4fc,claim1
ood_test,3266,0.012868422083556652,phase2_eval_fbb30bb4fc_s42,fbb30bb4fc,claim1
ood_test,3271,0.015448736026883125,phase2_eval_fbb30bb4fc_s42,fbb30bb4fc,claim1
ood_test,3284,0.010968473739922047,phase2_eval_fbb30bb4fc_s42,fbb30bb4fc,claim1
ood_test,3287,0.017147114500403404,phase2_eval_fbb30bb4fc_s42,fbb30bb4fc,claim1
ood_test,3292,0.016357284039258957,phase2_eval_fbb30bb4fc_s42,fbb30bb4fc,claim1
ood_test,3293,0.01015730295330286,phase2_eval_fbb30bb4fc_s42,fbb30bb4fc,claim1
ood_test,3298,0.0235300213098526,phase2_eval_fbb30bb4fc_s42,fbb30bb4fc,claim1
ood_test,3308,0.010561459697782993,phase2_eval_fbb30bb4fc_s42,fbb30bb4fc,claim1
ood_test,3322,0.006241589784622192,phase2_eval_fbb30bb4fc_s42,fbb30bb4fc,claim1
ood_test,3326,0.011836288496851921,phase2_eval_fbb30bb4fc_s42,fbb30bb4fc,claim1
ood_test,3331,0.006823065225034952,phase2_eval_fbb30bb4fc_s42,fbb30bb4fc,claim1
ood_test,3333,0.009238317608833313,phase2_eval_fbb30bb4fc_s42,fbb30bb4fc,claim1
ood_test,3339,0.010168232023715973,phase2_eval_fbb30bb4fc_s42,fbb30bb4fc,claim1
ood_test,3344,0.014012012630701065,phase2_eval_fbb30bb4fc_s42,fbb30bb4fc,claim1
ood_test,3357,0.011803673580288887,phase2_eval_fbb30bb4fc_s42,fbb30bb4fc,claim1
ood_test,3367,0.016167333349585533,phase2_eval_fbb30bb4fc_s42,fbb30bb4fc,claim1
ood_test,3369,0.009997242130339146,phase2_eval_fbb30bb4fc_s42,fbb30bb4fc,claim1
ood_test,3372,0.017376303672790527,phase2_eval_fbb30bb4fc_s42,fbb30bb4fc,claim1
ood_test,3376,0.009842019528150558,phase2_eval_fbb30bb4fc_s42,fbb30bb4fc,claim1
ood_test,3381,0.02255665697157383,phase2_eval_fbb30bb4fc_s42,fbb30bb4fc,claim1
ood_test,3382,0.009500248357653618,phase2_eval_fbb30bb4fc_s42,fbb30bb4fc,claim1
ood_test,3384,0.011412226594984531,phase2_eval_fbb30bb4fc_s42,fbb30bb4fc,claim1
ood_test,3398,0.012686356902122498,phase2_eval_fbb30bb4fc_s42,fbb30bb4fc,claim1
ood_test,3399,0.012851914390921593,phase2_eval_fbb30bb4fc_s42,fbb30bb4fc,claim1
ood_test,3401,0.008645432069897652,phase2_eval_fbb30bb4fc_s42,fbb30bb4fc,claim1
ood_test,3404,0.015277002938091755,phase2_eval_fbb30bb4fc_s42,fbb30bb4fc,claim1
ood_test,3407,0.009327348321676254,phase2_eval_fbb30bb4fc_s42,fbb30bb4fc,claim1
ood_test,3408,0.006768378894776106,phase2_eval_fbb30bb4fc_s42,fbb30bb4fc,claim1
ood_test,3412,0.025694046169519424,phase2_eval_fbb30bb4fc_s42,fbb30bb4fc,claim1
ood_test,3417,0.007438187021762133,phase2_eval_fbb30bb4fc_s42,fbb30bb4fc,claim1
ood_test,3418,0.008379102684557438,phase2_eval_fbb30bb4fc_s42,fbb30bb4fc,claim1
ood_test,3422,0.014329655095934868,phase2_eval_fbb30bb4fc_s42,fbb30bb4fc,claim1
ood_test,3424,0.007458672858774662,phase2_eval_fbb30bb4fc_s42,fbb30bb4fc,claim1
ood_test,3425,0.007614937610924244,phase2_eval_fbb30bb4fc_s42,fbb30bb4fc,claim1
ood_test,3431,0.006482685450464487,phase2_eval_fbb30bb4fc_s42,fbb30bb4fc,claim1
ood_test,3432,0.0062583452090620995,phase2_eval_fbb30bb4fc_s42,fbb30bb4fc,claim1
ood_test,3436,0.011735857464373112,phase2_eval_fbb30bb4fc_s42,fbb30bb4fc,claim1
ood_test,3441,0.012659613974392414,phase2_eval_fbb30bb4fc_s42,fbb30bb4fc,claim1
ood_test,3443,0.009732360020279884,phase2_eval_fbb30bb4fc_s42,fbb30bb4fc,claim1
ood_test,3444,0.019208014011383057,phase2_eval_fbb30bb4fc_s42,fbb30bb4fc,claim1
ood_test,3450,0.007378035224974155,phase2_eval_fbb30bb4fc_s42,fbb30bb4fc,claim1
ood_test,3452,0.010144079104065895,phase2_eval_fbb30bb4fc_s42,fbb30bb4fc,claim1
ood_test,3456,0.017083000391721725,phase2_eval_fbb30bb4fc_s42,fbb30bb4fc,claim1
ood_test,3457,0.012537960894405842,phase2_eval_fbb30bb4fc_s42,fbb30bb4fc,claim1
ood_test,3468,0.016009081155061722,phase2_eval_fbb30bb4fc_s42,fbb30bb4fc,claim1
ood_test,3470,0.02539680525660515,phase2_eval_fbb30bb4fc_s42,fbb30bb4fc,claim1
ood_test,3477,0.007569415960460901,phase2_eval_fbb30bb4fc_s42,fbb30bb4fc,claim1
ood_test,3485,0.019352778792381287,phase2_eval_fbb30bb4fc_s42,fbb30bb4fc,claim1
ood_test,3501,0.019961517304182053,phase2_eval_fbb30bb4fc_s42,fbb30bb4fc,claim1
ood_test,3502,0.009884132072329521,phase2_eval_fbb30bb4fc_s42,fbb30bb4fc,claim1
ood_test,3503,0.013227550312876701,phase2_eval_fbb30bb4fc_s42,fbb30bb4fc,claim1
ood_test,3508,0.005991536658257246,phase2_eval_fbb30bb4fc_s42,fbb30bb4fc,claim1
ood_test,3512,0.014013411477208138,phase2_eval_fbb30bb4fc_s42,fbb30bb4fc,claim1
ood_test,3517,0.010294199921190739,phase2_eval_fbb30bb4fc_s42,fbb30bb4fc,claim1
ood_test,3518,0.009278431534767151,phase2_eval_fbb30bb4fc_s42,fbb30bb4fc,claim1
ood_test,3522,0.009243407286703587,phase2_eval_fbb30bb4fc_s42,fbb30bb4fc,claim1
ood_test,3524,0.01081910915672779,phase2_eval_fbb30bb4fc_s42,fbb30bb4fc,claim1
ood_test,3529,0.011120541021227837,phase2_eval_fbb30bb4fc_s42,fbb30bb4fc,claim1
ood_test,3532,0.013510867953300476,phase2_eval_fbb30bb4fc_s42,fbb30bb4fc,claim1
ood_test,3533,0.014658174477517605,phase2_eval_fbb30bb4fc_s42,fbb30bb4fc,claim1
ood_test,3547,0.017963005229830742,phase2_eval_fbb30bb4fc_s42,fbb30bb4fc,claim1
ood_test,3556,0.011345487087965012,phase2_eval_fbb30bb4fc_s42,fbb30bb4fc,claim1
ood_test,3557,0.010774204507470131,phase2_eval_fbb30bb4fc_s42,fbb30bb4fc,claim1
ood_test,3559,0.011416536755859852,phase2_eval_fbb30bb4fc_s42,fbb30bb4fc,claim1
ood_test,3568,0.008743996731936932,phase2_eval_fbb30bb4fc_s42,fbb30bb4fc,claim1
ood_test,3572,0.007553120143711567,phase2_eval_fbb30bb4fc_s42,fbb30bb4fc,claim1
ood_test,3580,0.008519303053617477,phase2_eval_fbb30bb4fc_s42,fbb30bb4fc,claim1
ood_test,3583,0.01037417259067297,phase2_eval_fbb30bb4fc_s42,fbb30bb4fc,claim1
ood_test,3599,0.010271424427628517,phase2_eval_fbb30bb4fc_s42,fbb30bb4fc,claim1
ood_test,3602,0.012018823064863682,phase2_eval_fbb30bb4fc_s42,fbb30bb4fc,claim1
ood_test,3605,0.013936633244156837,phase2_eval_fbb30bb4fc_s42,fbb30bb4fc,claim1
ood_test,3614,0.012550579383969307,phase2_eval_fbb30bb4fc_s42,fbb30bb4fc,claim1
ood_test,3618,0.013129239901900291,phase2_eval_fbb30bb4fc_s42,fbb30bb4fc,claim1
ood_test,3638,0.018229566514492035,phase2_eval_fbb30bb4fc_s42,fbb30bb4fc,claim1
ood_test,3640,0.010367115959525108,phase2_eval_fbb30bb4fc_s42,fbb30bb4fc,claim1
ood_test,3648,0.008373703807592392,phase2_eval_fbb30bb4fc_s42,fbb30bb4fc,claim1
ood_test,3652,0.016596782952547073,phase2_eval_fbb30bb4fc_s42,fbb30bb4fc,claim1
ood_test,3656,0.01602417789399624,phase2_eval_fbb30bb4fc_s42,fbb30bb4fc,claim1
ood_test,3669,0.00816922914236784,phase2_eval_fbb30bb4fc_s42,fbb30bb4fc,claim1
ood_test,3673,0.02078496664762497,phase2_eval_fbb30bb4fc_s42,fbb30bb4fc,claim1
ood_test,3677,0.007860829122364521,phase2_eval_fbb30bb4fc_s42,fbb30bb4fc,claim1
ood_test,3687,0.009537703357636929,phase2_eval_fbb30bb4fc_s42,fbb30bb4fc,claim1
ood_test,3692,0.012526017613708973,phase2_eval_fbb30bb4fc_s42,fbb30bb4fc,claim1
ood_test,3693,0.009810779243707657,phase2_eval_fbb30bb4fc_s42,fbb30bb4fc,claim1
ood_test,3702,0.01214568130671978,phase2_eval_fbb30bb4fc_s42,fbb30bb4fc,claim1
ood_test,3705,0.00874312687665224,phase2_eval_fbb30bb4fc_s42,fbb30bb4fc,claim1
ood_test,3709,0.010351156815886497,phase2_eval_fbb30bb4fc_s42,fbb30bb4fc,claim1
ood_test,3714,0.013805052265524864,phase2_eval_fbb30bb4fc_s42,fbb30bb4fc,claim1
ood_test,3716,0.010080496780574322,phase2_eval_fbb30bb4fc_s42,fbb30bb4fc,claim1
ood_test,3719,0.006696220021694899,phase2_eval_fbb30bb4fc_s42,fbb30bb4fc,claim1
ood_test,3728,0.016576599329710007,phase2_eval_fbb30bb4fc_s42,fbb30bb4fc,claim1
ood_test,3730,0.011306322179734707,phase2_eval_fbb30bb4fc_s42,fbb30bb4fc,claim1
ood_test,3732,0.010195581242442131,phase2_eval_fbb30bb4fc_s42,fbb30bb4fc,claim1
ood_test,3749,0.012557975016534328,phase2_eval_fbb30bb4fc_s42,fbb30bb4fc,claim1
ood_test,3750,0.008838843554258347,phase2_eval_fbb30bb4fc_s42,fbb30bb4fc,claim1
ood_test,3752,0.011616877280175686,phase2_eval_fbb30bb4fc_s42,fbb30bb4fc,claim1
ood_test,3754,0.014972414821386337,phase2_eval_fbb30bb4fc_s42,fbb30bb4fc,claim1
ood_test,3763,0.014097807928919792,phase2_eval_fbb30bb4fc_s42,fbb30bb4fc,claim1
ood_test,3765,0.013952258974313736,phase2_eval_fbb30bb4fc_s42,fbb30bb4fc,claim1
ood_test,3769,0.0213177427649498,phase2_eval_fbb30bb4fc_s42,fbb30bb4fc,claim1
ood_test,3771,0.01210495363920927,phase2_eval_fbb30bb4fc_s42,fbb30bb4fc,claim1
ood_test,3776,0.010898817330598831,phase2_eval_fbb30bb4fc_s42,fbb30bb4fc,claim1
ood_test,3782,0.02471245266497135,phase2_eval_fbb30bb4fc_s42,fbb30bb4fc,claim1
ood_test,3789,0.011659172363579273,phase2_eval_fbb30bb4fc_s42,fbb30bb4fc,claim1
ood_test,3790,0.007226923946291208,phase2_eval_fbb30bb4fc_s42,fbb30bb4fc,claim1
ood_test,3793,0.014981877990067005,phase2_eval_fbb30bb4fc_s42,fbb30bb4fc,claim1
ood_test,3799,0.009608391672372818,phase2_eval_fbb30bb4fc_s42,fbb30bb4fc,claim1
ood_test,3802,0.008804998360574245,phase2_eval_fbb30bb4fc_s42,fbb30bb4fc,claim1
ood_test,3803,0.010753869079053402,phase2_eval_fbb30bb4fc_s42,fbb30bb4fc,claim1
ood_test,3811,0.01178212370723486,phase2_eval_fbb30bb4fc_s42,fbb30bb4fc,claim1
ood_test,3820,0.00523572601377964,phase2_eval_fbb30bb4fc_s42,fbb30bb4fc,claim1
ood_test,3825,0.010124484077095985,phase2_eval_fbb30bb4fc_s42,fbb30bb4fc,claim1
ood_test,3827,0.016727447509765625,phase2_eval_fbb30bb4fc_s42,fbb30bb4fc,claim1
ood_test,3829,0.012111668474972248,phase2_eval_fbb30bb4fc_s42,fbb30bb4fc,claim1
ood_test,3833,0.01041652262210846,phase2_eval_fbb30bb4fc_s42,fbb30bb4fc,claim1
ood_test,3834,0.008359829895198345,phase2_eval_fbb30bb4fc_s42,fbb30bb4fc,claim1
ood_test,3839,0.008492295630276203,phase2_eval_fbb30bb4fc_s42,fbb30bb4fc,claim1
ood_test,3840,0.012859415262937546,phase2_eval_fbb30bb4fc_s42,fbb30bb4fc,claim1
ood_test,3854,0.024276331067085266,phase2_eval_fbb30bb4fc_s42,fbb30bb4fc,claim1
ood_test,3856,0.008828232064843178,phase2_eval_fbb30bb4fc_s42,fbb30bb4fc,claim1
ood_test,3858,0.00975706148892641,phase2_eval_fbb30bb4fc_s42,fbb30bb4fc,claim1
ood_test,3859,0.014220073819160461,phase2_eval_fbb30bb4fc_s42,fbb30bb4fc,claim1
ood_test,3861,0.009761026129126549,phase2_eval_fbb30bb4fc_s42,fbb30bb4fc,claim1
ood_test,3864,0.007900063879787922,phase2_eval_fbb30bb4fc_s42,fbb30bb4fc,claim1
ood_test,3868,0.013807629235088825,phase2_eval_fbb30bb4fc_s42,fbb30bb4fc,claim1
ood_test,3870,0.007537422701716423,phase2_eval_fbb30bb4fc_s42,fbb30bb4fc,claim1
ood_test,3871,0.020372577011585236,phase2_eval_fbb30bb4fc_s42,fbb30bb4fc,claim1
ood_test,3878,0.009998055174946785,phase2_eval_fbb30bb4fc_s42,fbb30bb4fc,claim1
ood_test,3883,0.014934192411601543,phase2_eval_fbb30bb4fc_s42,fbb30bb4fc,claim1
ood_test,3884,0.00922208558768034,phase2_eval_fbb30bb4fc_s42,fbb30bb4fc,claim1
ood_test,3885,0.009048444218933582,phase2_eval_fbb30bb4fc_s42,fbb30bb4fc,claim1
ood_test,3887,0.01647068001329899,phase2_eval_fbb30bb4fc_s42,fbb30bb4fc,claim1
ood_test,3890,0.010462739504873753,phase2_eval_fbb30bb4fc_s42,fbb30bb4fc,claim1
ood_test,3891,0.015092329122126102,phase2_eval_fbb30bb4fc_s42,fbb30bb4fc,claim1
ood_test,3893,0.017609383910894394,phase2_eval_fbb30bb4fc_s42,fbb30bb4fc,claim1
ood_test,3895,0.009951125830411911,phase2_eval_fbb30bb4fc_s42,fbb30bb4fc,claim1
ood_test,3899,0.017700370401144028,phase2_eval_fbb30bb4fc_s42,fbb30bb4fc,claim1
ood_test,3904,0.012276303954422474,phase2_eval_fbb30bb4fc_s42,fbb30bb4fc,claim1
ood_test,3907,0.015294360928237438,phase2_eval_fbb30bb4fc_s42,fbb30bb4fc,claim1
ood_test,3912,0.011960998177528381,phase2_eval_fbb30bb4fc_s42,fbb30bb4fc,claim1
ood_test,3914,0.024371091276407242,phase2_eval_fbb30bb4fc_s42,fbb30bb4fc,claim1
ood_test,3920,0.014586877077817917,phase2_eval_fbb30bb4fc_s42,fbb30bb4fc,claim1
ood_test,3921,0.017531385645270348,phase2_eval_fbb30bb4fc_s42,fbb30bb4fc,claim1
ood_test,3922,0.010228689759969711,phase2_eval_fbb30bb4fc_s42,fbb30bb4fc,claim1
ood_test,3924,0.012018425390124321,phase2_eval_fbb30bb4fc_s42,fbb30bb4fc,claim1
ood_test,3928,0.00797857902944088,phase2_eval_fbb30bb4fc_s42,fbb30bb4fc,claim1
ood_test,3930,0.010673962533473969,phase2_eval_fbb30bb4fc_s42,fbb30bb4fc,claim1
ood_test,3938,0.008413834497332573,phase2_eval_fbb30bb4fc_s42,fbb30bb4fc,claim1
ood_test,3952,0.00994738470762968,phase2_eval_fbb30bb4fc_s42,fbb30bb4fc,claim1
ood_test,3963,0.017428556457161903,phase2_eval_fbb30bb4fc_s42,fbb30bb4fc,claim1
ood_test,3964,0.010016419924795628,phase2_eval_fbb30bb4fc_s42,fbb30bb4fc,claim1
ood_test,3972,0.009768139570951462,phase2_eval_fbb30bb4fc_s42,fbb30bb4fc,claim1
ood_test,3975,0.012203702703118324,phase2_eval_fbb30bb4fc_s42,fbb30bb4fc,claim1
ood_test,3977,0.011196381412446499,phase2_eval_fbb30bb4fc_s42,fbb30bb4fc,claim1
ood_test,3988,0.013195479288697243,phase2_eval_fbb30bb4fc_s42,fbb30bb4fc,claim1
ood_test,3989,0.01974743977189064,phase2_eval_fbb30bb4fc_s42,fbb30bb4fc,claim1
ood_test,3994,0.017267700284719467,phase2_eval_fbb30bb4fc_s42,fbb30bb4fc,claim1
ood_test,3999,0.013913513161242008,phase2_eval_fbb30bb4fc_s42,fbb30bb4fc,claim1
ood_test,4007,0.014134631492197514,phase2_eval_fbb30bb4fc_s42,fbb30bb4fc,claim1
ood_test,4019,0.0067812190391123295,phase2_eval_fbb30bb4fc_s42,fbb30bb4fc,claim1
ood_test,4022,0.010240582749247551,phase2_eval_fbb30bb4fc_s42,fbb30bb4fc,claim1
ood_test,4029,0.013303520157933235,phase2_eval_fbb30bb4fc_s42,fbb30bb4fc,claim1
ood_test,4033,0.01239351648837328,phase2_eval_fbb30bb4fc_s42,fbb30bb4fc,claim1
ood_test,4039,0.010616236366331577,phase2_eval_fbb30bb4fc_s42,fbb30bb4fc,claim1
ood_test,4041,0.012847770005464554,phase2_eval_fbb30bb4fc_s42,fbb30bb4fc,claim1
ood_test,4047,0.007735812570899725,phase2_eval_fbb30bb4fc_s42,fbb30bb4fc,claim1
ood_test,4048,0.009635797701776028,phase2_eval_fbb30bb4fc_s42,fbb30bb4fc,claim1
ood_test,4053,0.010856318287551403,phase2_eval_fbb30bb4fc_s42,fbb30bb4fc,claim1
ood_test,4054,0.013382556848227978,phase2_eval_fbb30bb4fc_s42,fbb30bb4fc,claim1
ood_test,4062,0.013874506577849388,phase2_eval_fbb30bb4fc_s42,fbb30bb4fc,claim1
ood_test,4063,0.012375419028103352,phase2_eval_fbb30bb4fc_s42,fbb30bb4fc,claim1
ood_test,4078,0.013602074235677719,phase2_eval_fbb30bb4fc_s42,fbb30bb4fc,claim1
ood_test,4079,0.011515873484313488,phase2_eval_fbb30bb4fc_s42,fbb30bb4fc,claim1
ood_test,4080,0.014500333927571774,phase2_eval_fbb30bb4fc_s42,fbb30bb4fc,claim1
ood_test,4087,0.020412540063261986,phase2_eval_fbb30bb4fc_s42,fbb30bb4fc,claim1
ood_test,4093,0.013317102566361427,phase2_eval_fbb30bb4fc_s42,fbb30bb4fc,claim1
ood_test,4094,0.006976967211812735,phase2_eval_fbb30bb4fc_s42,fbb30bb4fc,claim1
ood_test,4104,0.009641922079026699,phase2_eval_fbb30bb4fc_s42,fbb30bb4fc,claim1
ood_test,4112,0.015757229179143906,phase2_eval_fbb30bb4fc_s42,fbb30bb4fc,claim1
ood_test,4127,0.015345800668001175,phase2_eval_fbb30bb4fc_s42,fbb30bb4fc,claim1
ood_test,4130,0.00947042927145958,phase2_eval_fbb30bb4fc_s42,fbb30bb4fc,claim1
ood_test,4133,0.008423424325883389,phase2_eval_fbb30bb4fc_s42,fbb30bb4fc,claim1
ood_test,4139,0.013222857378423214,phase2_eval_fbb30bb4fc_s42,fbb30bb4fc,claim1
ood_test,4146,0.013282796368002892,phase2_eval_fbb30bb4fc_s42,fbb30bb4fc,claim1
ood_test,4154,0.018723081797361374,phase2_eval_fbb30bb4fc_s42,fbb30bb4fc,claim1
ood_test,4156,0.019505122676491737,phase2_eval_fbb30bb4fc_s42,fbb30bb4fc,claim1
ood_test,4161,0.016102317720651627,phase2_eval_fbb30bb4fc_s42,fbb30bb4fc,claim1
ood_test,4165,0.015893204137682915,phase2_eval_fbb30bb4fc_s42,fbb30bb4fc,claim1
ood_test,4177,0.01130562275648117,phase2_eval_fbb30bb4fc_s42,fbb30bb4fc,claim1
ood_test,4182,0.014951778575778008,phase2_eval_fbb30bb4fc_s42,fbb30bb4fc,claim1
ood_test,4188,0.01646502874791622,phase2_eval_fbb30bb4fc_s42,fbb30bb4fc,claim1
ood_test,4191,0.0072709680534899235,phase2_eval_fbb30bb4fc_s42,fbb30bb4fc,claim1
ood_test,4194,0.021846013143658638,phase2_eval_fbb30bb4fc_s42,fbb30bb4fc,claim1
ood_test,4195,0.01212660688906908,phase2_eval_fbb30bb4fc_s42,fbb30bb4fc,claim1
ood_test,4202,0.01172043476253748,phase2_eval_fbb30bb4fc_s42,fbb30bb4fc,claim1
ood_test,4221,0.00929240882396698,phase2_eval_fbb30bb4fc_s42,fbb30bb4fc,claim1
ood_test,4242,0.013021936640143394,phase2_eval_fbb30bb4fc_s42,fbb30bb4fc,claim1
ood_test,4249,0.010120694525539875,phase2_eval_fbb30bb4fc_s42,fbb30bb4fc,claim1
ood_test,4251,0.01165005099028349,phase2_eval_fbb30bb4fc_s42,fbb30bb4fc,claim1
ood_test,4253,0.013153059408068657,phase2_eval_fbb30bb4fc_s42,fbb30bb4fc,claim1
ood_test,4258,0.011135793291032314,phase2_eval_fbb30bb4fc_s42,fbb30bb4fc,claim1
ood_test,4261,0.012051954865455627,phase2_eval_fbb30bb4fc_s42,fbb30bb4fc,claim1
ood_test,4262,0.022520091384649277,phase2_eval_fbb30bb4fc_s42,fbb30bb4fc,claim1
ood_test,4268,0.010003873147070408,phase2_eval_fbb30bb4fc_s42,fbb30bb4fc,claim1
ood_test,4279,0.007505950052291155,phase2_eval_fbb30bb4fc_s42,fbb30bb4fc,claim1
ood_test,4284,0.020607657730579376,phase2_eval_fbb30bb4fc_s42,fbb30bb4fc,claim1
ood_test,4290,0.013022203929722309,phase2_eval_fbb30bb4fc_s42,fbb30bb4fc,claim1
ood_test,4291,0.01076586078852415,phase2_eval_fbb30bb4fc_s42,fbb30bb4fc,claim1
ood_test,4298,0.009191779419779778,phase2_eval_fbb30bb4fc_s42,fbb30bb4fc,claim1
ood_test,4299,0.009804883040487766,phase2_eval_fbb30bb4fc_s42,fbb30bb4fc,claim1
ood_test,4303,0.0064051393419504166,phase2_eval_fbb30bb4fc_s42,fbb30bb4fc,claim1
ood_test,4309,0.016023412346839905,phase2_eval_fbb30bb4fc_s42,fbb30bb4fc,claim1
ood_test,4316,0.011804255656898022,phase2_eval_fbb30bb4fc_s42,fbb30bb4fc,claim1
ood_test,4318,0.01089567132294178,phase2_eval_fbb30bb4fc_s42,fbb30bb4fc,claim1
ood_test,4321,0.010006168857216835,phase2_eval_fbb30bb4fc_s42,fbb30bb4fc,claim1
ood_test,4324,0.012171272188425064,phase2_eval_fbb30bb4fc_s42,fbb30bb4fc,claim1
ood_test,4327,0.012666366994380951,phase2_eval_fbb30bb4fc_s42,fbb30bb4fc,claim1
ood_test,4352,0.012710831128060818,phase2_eval_fbb30bb4fc_s42,fbb30bb4fc,claim1
ood_test,4361,0.013509497046470642,phase2_eval_fbb30bb4fc_s42,fbb30bb4fc,claim1
ood_test,4369,0.008174923248589039,phase2_eval_fbb30bb4fc_s42,fbb30bb4fc,claim1
ood_test,4370,0.014079558663070202,phase2_eval_fbb30bb4fc_s42,fbb30bb4fc,claim1
ood_test,4373,0.009929287247359753,phase2_eval_fbb30bb4fc_s42,fbb30bb4fc,claim1
ood_test,4377,0.014128860086202621,phase2_eval_fbb30bb4fc_s42,fbb30bb4fc,claim1
ood_test,4382,0.016915427520871162,phase2_eval_fbb30bb4fc_s42,fbb30bb4fc,claim1
ood_test,4383,0.01499846950173378,phase2_eval_fbb30bb4fc_s42,fbb30bb4fc,claim1
ood_test,4387,0.009937481954693794,phase2_eval_fbb30bb4fc_s42,fbb30bb4fc,claim1
ood_test,4388,0.012002557516098022,phase2_eval_fbb30bb4fc_s42,fbb30bb4fc,claim1
ood_test,4389,0.014380055479705334,phase2_eval_fbb30bb4fc_s42,fbb30bb4fc,claim1
ood_test,4395,0.011954168789088726,phase2_eval_fbb30bb4fc_s42,fbb30bb4fc,claim1
ood_test,4396,0.010033322498202324,phase2_eval_fbb30bb4fc_s42,fbb30bb4fc,claim1
ood_test,4397,0.010035961866378784,phase2_eval_fbb30bb4fc_s42,fbb30bb4fc,claim1
ood_test,4405,0.014273472130298615,phase2_eval_fbb30bb4fc_s42,fbb30bb4fc,claim1
ood_test,4408,0.016848621889948845,phase2_eval_fbb30bb4fc_s42,fbb30bb4fc,claim1
ood_test,4409,0.006044553127139807,phase2_eval_fbb30bb4fc_s42,fbb30bb4fc,claim1
ood_test,4429,0.016162963584065437,phase2_eval_fbb30bb4fc_s42,fbb30bb4fc,claim1
ood_test,4437,0.022427193820476532,phase2_eval_fbb30bb4fc_s42,fbb30bb4fc,claim1
ood_test,4438,0.012812132947146893,phase2_eval_fbb30bb4fc_s42,fbb30bb4fc,claim1
ood_test,4443,0.00812916923314333,phase2_eval_fbb30bb4fc_s42,fbb30bb4fc,claim1
ood_test,4447,0.008978353813290596,phase2_eval_fbb30bb4fc_s42,fbb30bb4fc,claim1
ood_test,4449,0.011789076030254364,phase2_eval_fbb30bb4fc_s42,fbb30bb4fc,claim1
ood_test,4457,0.028023049235343933,phase2_eval_fbb30bb4fc_s42,fbb30bb4fc,claim1
ood_test,4463,0.011211234144866467,phase2_eval_fbb30bb4fc_s42,fbb30bb4fc,claim1
ood_test,4468,0.011075757443904877,phase2_eval_fbb30bb4fc_s42,fbb30bb4fc,claim1
ood_test,4471,0.01718028262257576,phase2_eval_fbb30bb4fc_s42,fbb30bb4fc,claim1
ood_test,4476,0.010241251438856125,phase2_eval_fbb30bb4fc_s42,fbb30bb4fc,claim1
ood_test,4480,0.01087140291929245,phase2_eval_fbb30bb4fc_s42,fbb30bb4fc,claim1
ood_test,4491,0.017132621258497238,phase2_eval_fbb30bb4fc_s42,fbb30bb4fc,claim1
ood_test,4504,0.008384853601455688,phase2_eval_fbb30bb4fc_s42,fbb30bb4fc,claim1
ood_test,4507,0.009074718691408634,phase2_eval_fbb30bb4fc_s42,fbb30bb4fc,claim1
ood_test,4519,0.006041830871254206,phase2_eval_fbb30bb4fc_s42,fbb30bb4fc,claim1
ood_test,4520,0.01129782386124134,phase2_eval_fbb30bb4fc_s42,fbb30bb4fc,claim1
ood_test,4523,0.013221753761172295,phase2_eval_fbb30bb4fc_s42,fbb30bb4fc,claim1
ood_test,4525,0.012178459204733372,phase2_eval_fbb30bb4fc_s42,fbb30bb4fc,claim1
ood_test,4530,0.00925604347139597,phase2_eval_fbb30bb4fc_s42,fbb30bb4fc,claim1
ood_test,4534,0.008685273118317127,phase2_eval_fbb30bb4fc_s42,fbb30bb4fc,claim1
ood_test,4538,0.009713459759950638,phase2_eval_fbb30bb4fc_s42,fbb30bb4fc,claim1
ood_test,4543,0.014608322642743587,phase2_eval_fbb30bb4fc_s42,fbb30bb4fc,claim1
ood_test,4544,0.012492481619119644,phase2_eval_fbb30bb4fc_s42,fbb30bb4fc,claim1
ood_test,4545,0.01464711595326662,phase2_eval_fbb30bb4fc_s42,fbb30bb4fc,claim1
ood_test,4549,0.00878044031560421,phase2_eval_fbb30bb4fc_s42,fbb30bb4fc,claim1
ood_test,4550,0.014611228369176388,phase2_eval_fbb30bb4fc_s42,fbb30bb4fc,claim1
ood_test,4557,0.011726005002856255,phase2_eval_fbb30bb4fc_s42,fbb30bb4fc,claim1
ood_test,4559,0.008752099238336086,phase2_eval_fbb30bb4fc_s42,fbb30bb4fc,claim1
ood_test,4560,0.009227512404322624,phase2_eval_fbb30bb4fc_s42,fbb30bb4fc,claim1
ood_test,4563,0.00678287772461772,phase2_eval_fbb30bb4fc_s42,fbb30bb4fc,claim1
ood_test,4570,0.018301667645573616,phase2_eval_fbb30bb4fc_s42,fbb30bb4fc,claim1
ood_test,4572,0.008586390875279903,phase2_eval_fbb30bb4fc_s42,fbb30bb4fc,claim1
ood_test,4573,0.01531787309795618,phase2_eval_fbb30bb4fc_s42,fbb30bb4fc,claim1
ood_test,4575,0.011865430511534214,phase2_eval_fbb30bb4fc_s42,fbb30bb4fc,claim1
ood_test,4580,0.0150442561134696,phase2_eval_fbb30bb4fc_s42,fbb30bb4fc,claim1
ood_test,4596,0.011788679286837578,phase2_eval_fbb30bb4fc_s42,fbb30bb4fc,claim1
ood_test,4598,0.014164316467940807,phase2_eval_fbb30bb4fc_s42,fbb30bb4fc,claim1
ood_test,4600,0.011678941547870636,phase2_eval_fbb30bb4fc_s42,fbb30bb4fc,claim1
ood_test,4602,0.01604073867201805,phase2_eval_fbb30bb4fc_s42,fbb30bb4fc,claim1
ood_test,4603,0.012603534385561943,phase2_eval_fbb30bb4fc_s42,fbb30bb4fc,claim1
ood_test,4612,0.012007738463580608,phase2_eval_fbb30bb4fc_s42,fbb30bb4fc,claim1
ood_test,4631,0.011501597240567207,phase2_eval_fbb30bb4fc_s42,fbb30bb4fc,claim1
ood_test,4644,0.020605601370334625,phase2_eval_fbb30bb4fc_s42,fbb30bb4fc,claim1
ood_test,4647,0.01989075541496277,phase2_eval_fbb30bb4fc_s42,fbb30bb4fc,claim1
ood_test,4654,0.01544608548283577,phase2_eval_fbb30bb4fc_s42,fbb30bb4fc,claim1
ood_test,4667,0.012029582634568214,phase2_eval_fbb30bb4fc_s42,fbb30bb4fc,claim1
ood_test,4673,0.015570973977446556,phase2_eval_fbb30bb4fc_s42,fbb30bb4fc,claim1
ood_test,4677,0.015241310000419617,phase2_eval_fbb30bb4fc_s42,fbb30bb4fc,claim1
ood_test,4678,0.011877648532390594,phase2_eval_fbb30bb4fc_s42,fbb30bb4fc,claim1
ood_test,4694,0.01538968924432993,phase2_eval_fbb30bb4fc_s42,fbb30bb4fc,claim1
ood_test,4703,0.016265928745269775,phase2_eval_fbb30bb4fc_s42,fbb30bb4fc,claim1
ood_test,4710,0.00943577941507101,phase2_eval_fbb30bb4fc_s42,fbb30bb4fc,claim1
ood_test,4713,0.017573047429323196,phase2_eval_fbb30bb4fc_s42,fbb30bb4fc,claim1
ood_test,4719,0.010159770026803017,phase2_eval_fbb30bb4fc_s42,fbb30bb4fc,claim1
ood_test,4720,0.013107356615364552,phase2_eval_fbb30bb4fc_s42,fbb30bb4fc,claim1
ood_test,4726,0.011420122347772121,phase2_eval_fbb30bb4fc_s42,fbb30bb4fc,claim1
ood_test,4736,0.013979285955429077,phase2_eval_fbb30bb4fc_s42,fbb30bb4fc,claim1
ood_test,4749,0.011974704451858997,phase2_eval_fbb30bb4fc_s42,fbb30bb4fc,claim1
ood_test,4765,0.021022217348217964,phase2_eval_fbb30bb4fc_s42,fbb30bb4fc,claim1
ood_test,4767,0.006595463491976261,phase2_eval_fbb30bb4fc_s42,fbb30bb4fc,claim1
ood_test,4768,0.012659809552133083,phase2_eval_fbb30bb4fc_s42,fbb30bb4fc,claim1
ood_test,4778,0.010136391036212444,phase2_eval_fbb30bb4fc_s42,fbb30bb4fc,claim1
ood_test,4787,0.007678092457354069,phase2_eval_fbb30bb4fc_s42,fbb30bb4fc,claim1
ood_test,4788,0.010441970080137253,phase2_eval_fbb30bb4fc_s42,fbb30bb4fc,claim1
ood_test,4792,0.006842388305813074,phase2_eval_fbb30bb4fc_s42,fbb30bb4fc,claim1
ood_test,4798,0.010805655270814896,phase2_eval_fbb30bb4fc_s42,fbb30bb4fc,claim1
ood_test,4809,0.00590890645980835,phase2_eval_fbb30bb4fc_s42,fbb30bb4fc,claim1
ood_test,4820,0.009598355740308762,phase2_eval_fbb30bb4fc_s42,fbb30bb4fc,claim1
ood_test,4822,0.010677612386643887,phase2_eval_fbb30bb4fc_s42,fbb30bb4fc,claim1
ood_test,4826,0.011904132552444935,phase2_eval_fbb30bb4fc_s42,fbb30bb4fc,claim1
ood_test,4827,0.009146788157522678,phase2_eval_fbb30bb4fc_s42,fbb30bb4fc,claim1
ood_test,4829,0.009616156108677387,phase2_eval_fbb30bb4fc_s42,fbb30bb4fc,claim1
ood_test,4833,0.016244987025856972,phase2_eval_fbb30bb4fc_s42,fbb30bb4fc,claim1
ood_test,4839,0.014498956501483917,phase2_eval_fbb30bb4fc_s42,fbb30bb4fc,claim1
ood_test,4850,0.015311178751289845,phase2_eval_fbb30bb4fc_s42,fbb30bb4fc,claim1
ood_test,4851,0.011556485667824745,phase2_eval_fbb30bb4fc_s42,fbb30bb4fc,claim1
ood_test,4871,0.014694997109472752,phase2_eval_fbb30bb4fc_s42,fbb30bb4fc,claim1
ood_test,4890,0.012357162311673164,phase2_eval_fbb30bb4fc_s42,fbb30bb4fc,claim1
ood_test,4892,0.014116796664893627,phase2_eval_fbb30bb4fc_s42,fbb30bb4fc,claim1
ood_test,4893,0.011603264138102531,phase2_eval_fbb30bb4fc_s42,fbb30bb4fc,claim1
ood_test,4898,0.021101592108607292,phase2_eval_fbb30bb4fc_s42,fbb30bb4fc,claim1
ood_test,4899,0.023165829479694366,phase2_eval_fbb30bb4fc_s42,fbb30bb4fc,claim1
ood_test,4904,0.019786743447184563,phase2_eval_fbb30bb4fc_s42,fbb30bb4fc,claim1
ood_test,4906,0.01445366907864809,phase2_eval_fbb30bb4fc_s42,fbb30bb4fc,claim1
ood_test,4910,0.011222070083022118,phase2_eval_fbb30bb4fc_s42,fbb30bb4fc,claim1
ood_test,4917,0.011080946773290634,phase2_eval_fbb30bb4fc_s42,fbb30bb4fc,claim1
ood_test,4925,0.014141706749796867,phase2_eval_fbb30bb4fc_s42,fbb30bb4fc,claim1
ood_test,4928,0.010230418294668198,phase2_eval_fbb30bb4fc_s42,fbb30bb4fc,claim1
ood_test,4934,0.017226368188858032,phase2_eval_fbb30bb4fc_s42,fbb30bb4fc,claim1
ood_test,4940,0.012372378259897232,phase2_eval_fbb30bb4fc_s42,fbb30bb4fc,claim1
ood_test,4941,0.012019200250506401,phase2_eval_fbb30bb4fc_s42,fbb30bb4fc,claim1
ood_test,4942,0.009891674853861332,phase2_eval_fbb30bb4fc_s42,fbb30bb4fc,claim1
ood_test,4951,0.011250542476773262,phase2_eval_fbb30bb4fc_s42,fbb30bb4fc,claim1
ood_test,4952,0.014547995291650295,phase2_eval_fbb30bb4fc_s42,fbb30bb4fc,claim1
ood_test,4958,0.01444866880774498,phase2_eval_fbb30bb4fc_s42,fbb30bb4fc,claim1
ood_test,4960,0.012137389741837978,phase2_eval_fbb30bb4fc_s42,fbb30bb4fc,claim1
ood_test,4963,0.010397101752460003,phase2_eval_fbb30bb4fc_s42,fbb30bb4fc,claim1
ood_test,4967,0.013517921790480614,phase2_eval_fbb30bb4fc_s42,fbb30bb4fc,claim1
ood_test,4968,0.011359761469066143,phase2_eval_fbb30bb4fc_s42,fbb30bb4fc,claim1
ood_test,4981,0.011324141174554825,phase2_eval_fbb30bb4fc_s42,fbb30bb4fc,claim1
ood_test,4986,0.009172732941806316,phase2_eval_fbb30bb4fc_s42,fbb30bb4fc,claim1
ood_test,4993,0.0085570327937603,phase2_eval_fbb30bb4fc_s42,fbb30bb4fc,claim1
ood_test,4997,0.016824377700686455,phase2_eval_fbb30bb4fc_s42,fbb30bb4fc,claim1
ood_test,5007,0.0184637438505888,phase2_eval_fbb30bb4fc_s42,fbb30bb4fc,claim1
ood_test,5023,0.014545049518346786,phase2_eval_fbb30bb4fc_s42,fbb30bb4fc,claim1
ood_test,5026,0.009582877159118652,phase2_eval_fbb30bb4fc_s42,fbb30bb4fc,claim1
ood_test,5028,0.011502856388688087,phase2_eval_fbb30bb4fc_s42,fbb30bb4fc,claim1
ood_test,5032,0.010522951371967793,phase2_eval_fbb30bb4fc_s42,fbb30bb4fc,claim1
ood_test,5039,0.012772394344210625,phase2_eval_fbb30bb4fc_s42,fbb30bb4fc,claim1
ood_test,5045,0.009482050314545631,phase2_eval_fbb30bb4fc_s42,fbb30bb4fc,claim1
ood_test,5054,0.012428763322532177,phase2_eval_fbb30bb4fc_s42,fbb30bb4fc,claim1
ood_test,5063,0.016115514561533928,phase2_eval_fbb30bb4fc_s42,fbb30bb4fc,claim1
ood_test,5068,0.010459800250828266,phase2_eval_fbb30bb4fc_s42,fbb30bb4fc,claim1
ood_test,5071,0.009377451613545418,phase2_eval_fbb30bb4fc_s42,fbb30bb4fc,claim1
ood_test,5073,0.007437365595251322,phase2_eval_fbb30bb4fc_s42,fbb30bb4fc,claim1
ood_test,5074,0.008027360774576664,phase2_eval_fbb30bb4fc_s42,fbb30bb4fc,claim1
ood_test,5075,0.008018409833312035,phase2_eval_fbb30bb4fc_s42,fbb30bb4fc,claim1
ood_test,5100,0.014278543181717396,phase2_eval_fbb30bb4fc_s42,fbb30bb4fc,claim1
ood_test,5101,0.013247542083263397,phase2_eval_fbb30bb4fc_s42,fbb30bb4fc,claim1
ood_test,5103,0.012786947190761566,phase2_eval_fbb30bb4fc_s42,fbb30bb4fc,claim1
ood_test,5105,0.01135866716504097,phase2_eval_fbb30bb4fc_s42,fbb30bb4fc,claim1
ood_test,5110,0.012629176490008831,phase2_eval_fbb30bb4fc_s42,fbb30bb4fc,claim1
ood_test,5111,0.008380656130611897,phase2_eval_fbb30bb4fc_s42,fbb30bb4fc,claim1
ood_test,5112,0.020706983283162117,phase2_eval_fbb30bb4fc_s42,fbb30bb4fc,claim1
ood_test,5126,0.01464767474681139,phase2_eval_fbb30bb4fc_s42,fbb30bb4fc,claim1
ood_test,5135,0.010579091496765614,phase2_eval_fbb30bb4fc_s42,fbb30bb4fc,claim1
ood_test,5146,0.01022564247250557,phase2_eval_fbb30bb4fc_s42,fbb30bb4fc,claim1
ood_test,5152,0.019926240667700768,phase2_eval_fbb30bb4fc_s42,fbb30bb4fc,claim1
ood_test,5153,0.024279823526740074,phase2_eval_fbb30bb4fc_s42,fbb30bb4fc,claim1
ood_test,5156,0.009302513673901558,phase2_eval_fbb30bb4fc_s42,fbb30bb4fc,claim1
ood_test,5159,0.010120339691638947,phase2_eval_fbb30bb4fc_s42,fbb30bb4fc,claim1
ood_test,5162,0.009480912238359451,phase2_eval_fbb30bb4fc_s42,fbb30bb4fc,claim1
ood_test,5163,0.010344525799155235,phase2_eval_fbb30bb4fc_s42,fbb30bb4fc,claim1
ood_test,5169,0.014183449558913708,phase2_eval_fbb30bb4fc_s42,fbb30bb4fc,claim1
ood_test,5170,0.0070008751936256886,phase2_eval_fbb30bb4fc_s42,fbb30bb4fc,claim1
ood_test,5177,0.009316831827163696,phase2_eval_fbb30bb4fc_s42,fbb30bb4fc,claim1
ood_test,5179,0.0120098190382123,phase2_eval_fbb30bb4fc_s42,fbb30bb4fc,claim1
ood_test,5192,0.009654347784817219,phase2_eval_fbb30bb4fc_s42,fbb30bb4fc,claim1
ood_test,5195,0.018302449956536293,phase2_eval_fbb30bb4fc_s42,fbb30bb4fc,claim1
ood_test,5198,0.012069839052855968,phase2_eval_fbb30bb4fc_s42,fbb30bb4fc,claim1
ood_test,5211,0.007126488722860813,phase2_eval_fbb30bb4fc_s42,fbb30bb4fc,claim1
ood_test,5216,0.00813029520213604,phase2_eval_fbb30bb4fc_s42,fbb30bb4fc,claim1
ood_test,5224,0.014646567404270172,phase2_eval_fbb30bb4fc_s42,fbb30bb4fc,claim1
ood_test,5227,0.010428611189126968,phase2_eval_fbb30bb4fc_s42,fbb30bb4fc,claim1
ood_test,5243,0.013929753564298153,phase2_eval_fbb30bb4fc_s42,fbb30bb4fc,claim1
ood_test,5247,0.014349620789289474,phase2_eval_fbb30bb4fc_s42,fbb30bb4fc,claim1
ood_test,5248,0.01654735393822193,phase2_eval_fbb30bb4fc_s42,fbb30bb4fc,claim1
ood_test,5253,0.03361303359270096,phase2_eval_fbb30bb4fc_s42,fbb30bb4fc,claim1
ood_test,5255,0.009171673096716404,phase2_eval_fbb30bb4fc_s42,fbb30bb4fc,claim1
ood_test,5256,0.011269555427134037,phase2_eval_fbb30bb4fc_s42,fbb30bb4fc,claim1
ood_test,5264,0.01346178911626339,phase2_eval_fbb30bb4fc_s42,fbb30bb4fc,claim1
ood_test,5265,0.007306424435228109,phase2_eval_fbb30bb4fc_s42,fbb30bb4fc,claim1
ood_test,5276,0.013123814947903156,phase2_eval_fbb30bb4fc_s42,fbb30bb4fc,claim1
ood_test,5282,0.013765302486717701,phase2_eval_fbb30bb4fc_s42,fbb30bb4fc,claim1
ood_test,5284,0.008936824277043343,phase2_eval_fbb30bb4fc_s42,fbb30bb4fc,claim1
ood_test,5289,0.010959227569401264,phase2_eval_fbb30bb4fc_s42,fbb30bb4fc,claim1
ood_test,5292,0.007731983903795481,phase2_eval_fbb30bb4fc_s42,fbb30bb4fc,claim1
ood_test,5317,0.009808890521526337,phase2_eval_fbb30bb4fc_s42,fbb30bb4fc,claim1
ood_test,5323,0.016163285821676254,phase2_eval_fbb30bb4fc_s42,fbb30bb4fc,claim1
ood_test,5325,0.012309199199080467,phase2_eval_fbb30bb4fc_s42,fbb30bb4fc,claim1
ood_test,5328,0.013311105780303478,phase2_eval_fbb30bb4fc_s42,fbb30bb4fc,claim1
ood_test,5334,0.007362406235188246,phase2_eval_fbb30bb4fc_s42,fbb30bb4fc,claim1
ood_test,5338,0.013321952894330025,phase2_eval_fbb30bb4fc_s42,fbb30bb4fc,claim1
ood_test,5339,0.019467897713184357,phase2_eval_fbb30bb4fc_s42,fbb30bb4fc,claim1
ood_test,5346,0.014097518287599087,phase2_eval_fbb30bb4fc_s42,fbb30bb4fc,claim1
ood_test,5353,0.01600933074951172,phase2_eval_fbb30bb4fc_s42,fbb30bb4fc,claim1
ood_test,5354,0.011033264920115471,phase2_eval_fbb30bb4fc_s42,fbb30bb4fc,claim1
ood_test,5359,0.012239730916917324,phase2_eval_fbb30bb4fc_s42,fbb30bb4fc,claim1
ood_test,5360,0.011236089281737804,phase2_eval_fbb30bb4fc_s42,fbb30bb4fc,claim1
ood_test,5372,0.009984590113162994,phase2_eval_fbb30bb4fc_s42,fbb30bb4fc,claim1
ood_test,5377,0.005834114272147417,phase2_eval_fbb30bb4fc_s42,fbb30bb4fc,claim1
ood_test,5385,0.01509764138609171,phase2_eval_fbb30bb4fc_s42,fbb30bb4fc,claim1
ood_test,5387,0.011514977551996708,phase2_eval_fbb30bb4fc_s42,fbb30bb4fc,claim1
ood_test,5390,0.01556901354342699,phase2_eval_fbb30bb4fc_s42,fbb30bb4fc,claim1
ood_test,5397,0.01114694308489561,phase2_eval_fbb30bb4fc_s42,fbb30bb4fc,claim1
ood_test,5403,0.016378168016672134,phase2_eval_fbb30bb4fc_s42,fbb30bb4fc,claim1
ood_test,5404,0.01027628406882286,phase2_eval_fbb30bb4fc_s42,fbb30bb4fc,claim1
ood_test,5405,0.009131405502557755,phase2_eval_fbb30bb4fc_s42,fbb30bb4fc,claim1
ood_test,5407,0.012665076181292534,phase2_eval_fbb30bb4fc_s42,fbb30bb4fc,claim1
ood_test,5410,0.009580240584909916,phase2_eval_fbb30bb4fc_s42,fbb30bb4fc,claim1
ood_test,5416,0.008927174843847752,phase2_eval_fbb30bb4fc_s42,fbb30bb4fc,claim1
ood_test,5417,0.010447432287037373,phase2_eval_fbb30bb4fc_s42,fbb30bb4fc,claim1
ood_test,5424,0.008801466785371304,phase2_eval_fbb30bb4fc_s42,fbb30bb4fc,claim1
ood_test,5432,0.0061955079436302185,phase2_eval_fbb30bb4fc_s42,fbb30bb4fc,claim1
ood_test,5435,0.015045512467622757,phase2_eval_fbb30bb4fc_s42,fbb30bb4fc,claim1
ood_test,5445,0.025880241766572,phase2_eval_fbb30bb4fc_s42,fbb30bb4fc,claim1
ood_test,5450,0.009172500111162663,phase2_eval_fbb30bb4fc_s42,fbb30bb4fc,claim1
ood_test,5455,0.005587862338870764,phase2_eval_fbb30bb4fc_s42,fbb30bb4fc,claim1
ood_test,5463,0.014685048721730709,phase2_eval_fbb30bb4fc_s42,fbb30bb4fc,claim1
ood_test,5464,0.009300467558205128,phase2_eval_fbb30bb4fc_s42,fbb30bb4fc,claim1
ood_test,5467,0.008222224190831184,phase2_eval_fbb30bb4fc_s42,fbb30bb4fc,claim1
ood_test,5474,0.010651463642716408,phase2_eval_fbb30bb4fc_s42,fbb30bb4fc,claim1
ood_test,5482,0.009672742336988449,phase2_eval_fbb30bb4fc_s42,fbb30bb4fc,claim1
ood_test,5486,0.008217469789087772,phase2_eval_fbb30bb4fc_s42,fbb30bb4fc,claim1
ood_test,5493,0.01074105966836214,phase2_eval_fbb30bb4fc_s42,fbb30bb4fc,claim1
ood_test,5500,0.012925995513796806,phase2_eval_fbb30bb4fc_s42,fbb30bb4fc,claim1
ood_test,5501,0.012853451073169708,phase2_eval_fbb30bb4fc_s42,fbb30bb4fc,claim1
ood_test,5506,0.009481058456003666,phase2_eval_fbb30bb4fc_s42,fbb30bb4fc,claim1
ood_test,5508,0.020112082362174988,phase2_eval_fbb30bb4fc_s42,fbb30bb4fc,claim1
ood_test,5509,0.012426263652741909,phase2_eval_fbb30bb4fc_s42,fbb30bb4fc,claim1
ood_test,5512,0.012251500971615314,phase2_eval_fbb30bb4fc_s42,fbb30bb4fc,claim1
ood_test,5518,0.011085620149970055,phase2_eval_fbb30bb4fc_s42,fbb30bb4fc,claim1
ood_test,5526,0.0142765948548913,phase2_eval_fbb30bb4fc_s42,fbb30bb4fc,claim1
ood_test,5548,0.008242166601121426,phase2_eval_fbb30bb4fc_s42,fbb30bb4fc,claim1
ood_test,5556,0.010534776374697685,phase2_eval_fbb30bb4fc_s42,fbb30bb4fc,claim1
ood_test,5560,0.008414710871875286,phase2_eval_fbb30bb4fc_s42,fbb30bb4fc,claim1
ood_test,5561,0.019175872206687927,phase2_eval_fbb30bb4fc_s42,fbb30bb4fc,claim1
ood_test,5564,0.017815563827753067,phase2_eval_fbb30bb4fc_s42,fbb30bb4fc,claim1
ood_test,5568,0.010117342695593834,phase2_eval_fbb30bb4fc_s42,fbb30bb4fc,claim1
ood_test,5571,0.010687322355806828,phase2_eval_fbb30bb4fc_s42,fbb30bb4fc,claim1
ood_test,5582,0.019365301355719566,phase2_eval_fbb30bb4fc_s42,fbb30bb4fc,claim1
ood_test,5584,0.01030687429010868,phase2_eval_fbb30bb4fc_s42,fbb30bb4fc,claim1
ood_test,5585,0.021431950852274895,phase2_eval_fbb30bb4fc_s42,fbb30bb4fc,claim1
ood_test,5590,0.008300121873617172,phase2_eval_fbb30bb4fc_s42,fbb30bb4fc,claim1
ood_test,5605,0.008484398014843464,phase2_eval_fbb30bb4fc_s42,fbb30bb4fc,claim1
ood_test,5608,0.01193433627486229,phase2_eval_fbb30bb4fc_s42,fbb30bb4fc,claim1
ood_test,5609,0.012736148200929165,phase2_eval_fbb30bb4fc_s42,fbb30bb4fc,claim1
ood_test,5614,0.010408789850771427,phase2_eval_fbb30bb4fc_s42,fbb30bb4fc,claim1
ood_test,5625,0.02191597782075405,phase2_eval_fbb30bb4fc_s42,fbb30bb4fc,claim1
ood_test,5626,0.01364045962691307,phase2_eval_fbb30bb4fc_s42,fbb30bb4fc,claim1
ood_test,5627,0.01314794272184372,phase2_eval_fbb30bb4fc_s42,fbb30bb4fc,claim1
ood_test,5629,0.010332632809877396,phase2_eval_fbb30bb4fc_s42,fbb30bb4fc,claim1
ood_test,5638,0.01131022535264492,phase2_eval_fbb30bb4fc_s42,fbb30bb4fc,claim1
ood_test,5640,0.013341794721782207,phase2_eval_fbb30bb4fc_s42,fbb30bb4fc,claim1
ood_test,5644,0.010511277243494987,phase2_eval_fbb30bb4fc_s42,fbb30bb4fc,claim1
ood_test,5654,0.007969734258949757,phase2_eval_fbb30bb4fc_s42,fbb30bb4fc,claim1
ood_test,5658,0.01062907837331295,phase2_eval_fbb30bb4fc_s42,fbb30bb4fc,claim1
ood_test,5662,0.027660591527819633,phase2_eval_fbb30bb4fc_s42,fbb30bb4fc,claim1
ood_test,5666,0.01373275462538004,phase2_eval_fbb30bb4fc_s42,fbb30bb4fc,claim1
ood_test,5668,0.011944555677473545,phase2_eval_fbb30bb4fc_s42,fbb30bb4fc,claim1
ood_test,5669,0.008646033704280853,phase2_eval_fbb30bb4fc_s42,fbb30bb4fc,claim1
ood_test,5671,0.010453645139932632,phase2_eval_fbb30bb4fc_s42,fbb30bb4fc,claim1
ood_test,5672,0.01787484809756279,phase2_eval_fbb30bb4fc_s42,fbb30bb4fc,claim1
ood_test,5673,0.02077402174472809,phase2_eval_fbb30bb4fc_s42,fbb30bb4fc,claim1
ood_test,5675,0.00883071031421423,phase2_eval_fbb30bb4fc_s42,fbb30bb4fc,claim1
ood_test,5678,0.008070875890552998,phase2_eval_fbb30bb4fc_s42,fbb30bb4fc,claim1
ood_test,5679,0.016842320561408997,phase2_eval_fbb30bb4fc_s42,fbb30bb4fc,claim1
ood_test,5689,0.009721905924379826,phase2_eval_fbb30bb4fc_s42,fbb30bb4fc,claim1
ood_test,5692,0.015333276242017746,phase2_eval_fbb30bb4fc_s42,fbb30bb4fc,claim1
ood_test,5693,0.015726665034890175,phase2_eval_fbb30bb4fc_s42,fbb30bb4fc,claim1
ood_test,5695,0.014133679680526257,phase2_eval_fbb30bb4fc_s42,fbb30bb4fc,claim1
ood_test,5697,0.010168077424168587,phase2_eval_fbb30bb4fc_s42,fbb30bb4fc,claim1
ood_test,5700,0.012374650686979294,phase2_eval_fbb30bb4fc_s42,fbb30bb4fc,claim1
ood_test,5701,0.018407627940177917,phase2_eval_fbb30bb4fc_s42,fbb30bb4fc,claim1
ood_test,5708,0.011438481509685516,phase2_eval_fbb30bb4fc_s42,fbb30bb4fc,claim1
ood_test,5709,0.011852040886878967,phase2_eval_fbb30bb4fc_s42,fbb30bb4fc,claim1
ood_test,5711,0.017281096428632736,phase2_eval_fbb30bb4fc_s42,fbb30bb4fc,claim1
ood_test,5715,0.007178847212344408,phase2_eval_fbb30bb4fc_s42,fbb30bb4fc,claim1
ood_test,5732,0.013567239977419376,phase2_eval_fbb30bb4fc_s42,fbb30bb4fc,claim1
ood_test,5733,0.016952019184827805,phase2_eval_fbb30bb4fc_s42,fbb30bb4fc,claim1
ood_test,5736,0.014847476966679096,phase2_eval_fbb30bb4fc_s42,fbb30bb4fc,claim1
ood_test,5741,0.00887370202690363,phase2_eval_fbb30bb4fc_s42,fbb30bb4fc,claim1
ood_test,5742,0.009595506824553013,phase2_eval_fbb30bb4fc_s42,fbb30bb4fc,claim1
ood_test,5748,0.01564193330705166,phase2_eval_fbb30bb4fc_s42,fbb30bb4fc,claim1
ood_test,5750,0.01023772731423378,phase2_eval_fbb30bb4fc_s42,fbb30bb4fc,claim1
ood_test,5759,0.015568575821816921,phase2_eval_fbb30bb4fc_s42,fbb30bb4fc,claim1
ood_test,5781,0.009123783558607101,phase2_eval_fbb30bb4fc_s42,fbb30bb4fc,claim1
ood_test,5784,0.01846412755548954,phase2_eval_fbb30bb4fc_s42,fbb30bb4fc,claim1
ood_test,5789,0.007620737887918949,phase2_eval_fbb30bb4fc_s42,fbb30bb4fc,claim1
ood_test,5790,0.009468715637922287,phase2_eval_fbb30bb4fc_s42,fbb30bb4fc,claim1
ood_test,5800,0.015537699684500694,phase2_eval_fbb30bb4fc_s42,fbb30bb4fc,claim1
ood_test,5807,0.010464821942150593,phase2_eval_fbb30bb4fc_s42,fbb30bb4fc,claim1
ood_test,5822,0.008740358985960484,phase2_eval_fbb30bb4fc_s42,fbb30bb4fc,claim1
ood_test,5827,0.009838373400270939,phase2_eval_fbb30bb4fc_s42,fbb30bb4fc,claim1
ood_test,5835,0.01202382706105709,phase2_eval_fbb30bb4fc_s42,fbb30bb4fc,claim1
ood_test,5838,0.007760189939290285,phase2_eval_fbb30bb4fc_s42,fbb30bb4fc,claim1
ood_test,5841,0.011316796764731407,phase2_eval_fbb30bb4fc_s42,fbb30bb4fc,claim1
ood_test,5844,0.008137454278767109,phase2_eval_fbb30bb4fc_s42,fbb30bb4fc,claim1
ood_test,5850,0.011165129020810127,phase2_eval_fbb30bb4fc_s42,fbb30bb4fc,claim1
ood_test,5860,0.011278247460722923,phase2_eval_fbb30bb4fc_s42,fbb30bb4fc,claim1
ood_test,5865,0.007638346403837204,phase2_eval_fbb30bb4fc_s42,fbb30bb4fc,claim1
ood_test,5869,0.009841352701187134,phase2_eval_fbb30bb4fc_s42,fbb30bb4fc,claim1
ood_test,5870,0.007331399712711573,phase2_eval_fbb30bb4fc_s42,fbb30bb4fc,claim1
ood_test,5876,0.011588813737034798,phase2_eval_fbb30bb4fc_s42,fbb30bb4fc,claim1
ood_test,5879,0.010530428029596806,phase2_eval_fbb30bb4fc_s42,fbb30bb4fc,claim1
ood_test,5895,0.007783206179738045,phase2_eval_fbb30bb4fc_s42,fbb30bb4fc,claim1
ood_test,5897,0.010243192315101624,phase2_eval_fbb30bb4fc_s42,fbb30bb4fc,claim1
ood_test,5900,0.017472341656684875,phase2_eval_fbb30bb4fc_s42,fbb30bb4fc,claim1
ood_test,5924,0.0090011116117239,phase2_eval_fbb30bb4fc_s42,fbb30bb4fc,claim1
ood_test,5933,0.009720217436552048,phase2_eval_fbb30bb4fc_s42,fbb30bb4fc,claim1
ood_test,5940,0.011044543236494064,phase2_eval_fbb30bb4fc_s42,fbb30bb4fc,claim1
ood_test,5959,0.009945007041096687,phase2_eval_fbb30bb4fc_s42,fbb30bb4fc,claim1
ood_test,5964,0.011537118814885616,phase2_eval_fbb30bb4fc_s42,fbb30bb4fc,claim1
ood_test,5965,0.008187632076442242,phase2_eval_fbb30bb4fc_s42,fbb30bb4fc,claim1
ood_test,5969,0.00712981540709734,phase2_eval_fbb30bb4fc_s42,fbb30bb4fc,claim1
ood_test,5974,0.012898766435682774,phase2_eval_fbb30bb4fc_s42,fbb30bb4fc,claim1
ood_test,5980,0.013989084400236607,phase2_eval_fbb30bb4fc_s42,fbb30bb4fc,claim1
ood_test,5984,0.00998779945075512,phase2_eval_fbb30bb4fc_s42,fbb30bb4fc,claim1
ood_test,5994,0.00873866118490696,phase2_eval_fbb30bb4fc_s42,fbb30bb4fc,claim1
test_validator,6,0.01406492292881012,phase2_eval_fbb30bb4fc_s42,fbb30bb4fc,claim1
test_validator,7,0.041972871869802475,phase2_eval_fbb30bb4fc_s42,fbb30bb4fc,claim1
test_validator,9,0.008874096907675266,phase2_eval_fbb30bb4fc_s42,fbb30bb4fc,claim1
test_validator,13,0.0285043902695179,phase2_eval_fbb30bb4fc_s42,fbb30bb4fc,claim1
test_validator,23,0.02550266496837139,phase2_eval_fbb30bb4fc_s42,fbb30bb4fc,claim1
test_validator,41,0.011994371190667152,phase2_eval_fbb30bb4fc_s42,fbb30bb4fc,claim1
test_validator,74,0.008329829201102257,phase2_eval_fbb30bb4fc_s42,fbb30bb4fc,claim1
test_validator,86,0.015618763864040375,phase2_eval_fbb30bb4fc_s42,fbb30bb4fc,claim1
test_validator,96,0.01139096636325121,phase2_eval_fbb30bb4fc_s42,fbb30bb4fc,claim1
test_validator,101,0.05263296887278557,phase2_eval_fbb30bb4fc_s42,fbb30bb4fc,claim1
test_validator,116,0.007383673917502165,phase2_eval_fbb30bb4fc_s42,fbb30bb4fc,claim1
test_validator,130,0.014839801006019115,phase2_eval_fbb30bb4fc_s42,fbb30bb4fc,claim1
test_validator,138,0.01223339419811964,phase2_eval_fbb30bb4fc_s42,fbb30bb4fc,claim1
test_validator,152,0.011138557456433773,phase2_eval_fbb30bb4fc_s42,fbb30bb4fc,claim1
test_validator,172,0.03338951617479324,phase2_eval_fbb30bb4fc_s42,fbb30bb4fc,claim1
test_validator,173,0.007583366706967354,phase2_eval_fbb30bb4fc_s42,fbb30bb4fc,claim1
test_validator,176,0.01567695662379265,phase2_eval_fbb30bb4fc_s42,fbb30bb4fc,claim1
test_validator,177,0.010516267269849777,phase2_eval_fbb30bb4fc_s42,fbb30bb4fc,claim1
test_validator,190,0.009823205880820751,phase2_eval_fbb30bb4fc_s42,fbb30bb4fc,claim1
test_validator,199,0.007838765159249306,phase2_eval_fbb30bb4fc_s42,fbb30bb4fc,claim1
test_validator,203,0.01227398682385683,phase2_eval_fbb30bb4fc_s42,fbb30bb4fc,claim1
test_validator,212,0.011528540402650833,phase2_eval_fbb30bb4fc_s42,fbb30bb4fc,claim1
test_validator,215,0.029701722785830498,phase2_eval_fbb30bb4fc_s42,fbb30bb4fc,claim1
test_validator,216,0.02571599930524826,phase2_eval_fbb30bb4fc_s42,fbb30bb4fc,claim1
test_validator,231,0.009698346257209778,phase2_eval_fbb30bb4fc_s42,fbb30bb4fc,claim1
test_validator,250,0.009990420192480087,phase2_eval_fbb30bb4fc_s42,fbb30bb4fc,claim1
test_validator,251,0.00870179571211338,phase2_eval_fbb30bb4fc_s42,fbb30bb4fc,claim1
test_validator,261,0.016683418303728104,phase2_eval_fbb30bb4fc_s42,fbb30bb4fc,claim1
test_validator,270,0.006275210529565811,phase2_eval_fbb30bb4fc_s42,fbb30bb4fc,claim1
test_validator,278,0.03196154907345772,phase2_eval_fbb30bb4fc_s42,fbb30bb4fc,claim1
test_validator,287,0.026551207527518272,phase2_eval_fbb30bb4fc_s42,fbb30bb4fc,claim1
test_validator,307,0.022420436143875122,phase2_eval_fbb30bb4fc_s42,fbb30bb4fc,claim1
test_validator,319,0.008776353672146797,phase2_eval_fbb30bb4fc_s42,fbb30bb4fc,claim1
test_validator,325,0.01043632160872221,phase2_eval_fbb30bb4fc_s42,fbb30bb4fc,claim1
test_validator,342,0.01197964046150446,phase2_eval_fbb30bb4fc_s42,fbb30bb4fc,claim1
test_validator,355,0.005346035119146109,phase2_eval_fbb30bb4fc_s42,fbb30bb4fc,claim1
test_validator,365,0.04904632270336151,phase2_eval_fbb30bb4fc_s42,fbb30bb4fc,claim1
test_validator,371,0.04802141711115837,phase2_eval_fbb30bb4fc_s42,fbb30bb4fc,claim1
test_validator,377,0.05487828701734543,phase2_eval_fbb30bb4fc_s42,fbb30bb4fc,claim1
test_validator,380,0.020918240770697594,phase2_eval_fbb30bb4fc_s42,fbb30bb4fc,claim1
test_validator,394,0.011845340020954609,phase2_eval_fbb30bb4fc_s42,fbb30bb4fc,claim1
test_validator,404,0.00848961342126131,phase2_eval_fbb30bb4fc_s42,fbb30bb4fc,claim1
test_validator,407,0.010272380895912647,phase2_eval_fbb30bb4fc_s42,fbb30bb4fc,claim1
test_validator,414,0.007969455793499947,phase2_eval_fbb30bb4fc_s42,fbb30bb4fc,claim1
test_validator,420,0.030597394332289696,phase2_eval_fbb30bb4fc_s42,fbb30bb4fc,claim1
test_validator,426,0.010794924572110176,phase2_eval_fbb30bb4fc_s42,fbb30bb4fc,claim1
test_validator,447,0.013605238869786263,phase2_eval_fbb30bb4fc_s42,fbb30bb4fc,claim1
test_validator,462,0.013255072757601738,phase2_eval_fbb30bb4fc_s42,fbb30bb4fc,claim1
test_validator,464,0.008512250147759914,phase2_eval_fbb30bb4fc_s42,fbb30bb4fc,claim1
test_validator,480,0.008999347686767578,phase2_eval_fbb30bb4fc_s42,fbb30bb4fc,claim1
test_validator,491,0.010553698055446148,phase2_eval_fbb30bb4fc_s42,fbb30bb4fc,claim1
test_validator,498,0.007893563248217106,phase2_eval_fbb30bb4fc_s42,fbb30bb4fc,claim1
test_validator,504,0.006381922401487827,phase2_eval_fbb30bb4fc_s42,fbb30bb4fc,claim1
test_validator,508,0.024465637281537056,phase2_eval_fbb30bb4fc_s42,fbb30bb4fc,claim1
test_validator,517,0.025539236143231392,phase2_eval_fbb30bb4fc_s42,fbb30bb4fc,claim1
test_validator,529,0.013177354820072651,phase2_eval_fbb30bb4fc_s42,fbb30bb4fc,claim1
test_validator,534,0.006235345266759396,phase2_eval_fbb30bb4fc_s42,fbb30bb4fc,claim1
test_validator,537,0.011147563345730305,phase2_eval_fbb30bb4fc_s42,fbb30bb4fc,claim1
test_validator,547,0.038063712418079376,phase2_eval_fbb30bb4fc_s42,fbb30bb4fc,claim1
test_validator,550,0.01694328710436821,phase2_eval_fbb30bb4fc_s42,fbb30bb4fc,claim1
test_validator,555,0.01936367154121399,phase2_eval_fbb30bb4fc_s42,fbb30bb4fc,claim1
test_validator,563,0.013229106552898884,phase2_eval_fbb30bb4fc_s42,fbb30bb4fc,claim1
test_validator,584,0.0069263894110918045,phase2_eval_fbb30bb4fc_s42,fbb30bb4fc,claim1
test_validator,589,0.04209406301379204,phase2_eval_fbb30bb4fc_s42,fbb30bb4fc,claim1
test_validator,590,0.005518962629139423,phase2_eval_fbb30bb4fc_s42,fbb30bb4fc,claim1
test_validator,597,0.012154539115726948,phase2_eval_fbb30bb4fc_s42,fbb30bb4fc,claim1
test_validator,606,0.010567416436970234,phase2_eval_fbb30bb4fc_s42,fbb30bb4fc,claim1
test_validator,608,0.020588262006640434,phase2_eval_fbb30bb4fc_s42,fbb30bb4fc,claim1
test_validator,611,0.014985118061304092,phase2_eval_fbb30bb4fc_s42,fbb30bb4fc,claim1
test_validator,613,0.022162722423672676,phase2_eval_fbb30bb4fc_s42,fbb30bb4fc,claim1
test_validator,647,0.038999803364276886,phase2_eval_fbb30bb4fc_s42,fbb30bb4fc,claim1
test_validator,651,0.008076859638094902,phase2_eval_fbb30bb4fc_s42,fbb30bb4fc,claim1
test_validator,664,0.010925082489848137,phase2_eval_fbb30bb4fc_s42,fbb30bb4fc,claim1
test_validator,686,0.008587534539401531,phase2_eval_fbb30bb4fc_s42,fbb30bb4fc,claim1
test_validator,688,0.011339524760842323,phase2_eval_fbb30bb4fc_s42,fbb30bb4fc,claim1
test_validator,702,0.0047711096704006195,phase2_eval_fbb30bb4fc_s42,fbb30bb4fc,claim1
test_validator,705,0.02644202671945095,phase2_eval_fbb30bb4fc_s42,fbb30bb4fc,claim1
test_validator,712,0.013643858022987843,phase2_eval_fbb30bb4fc_s42,fbb30bb4fc,claim1
test_validator,718,0.008332252502441406,phase2_eval_fbb30bb4fc_s42,fbb30bb4fc,claim1
test_validator,727,0.008262300863862038,phase2_eval_fbb30bb4fc_s42,fbb30bb4fc,claim1
test_validator,731,0.008234123699367046,phase2_eval_fbb30bb4fc_s42,fbb30bb4fc,claim1
test_validator,735,0.010552859865128994,phase2_eval_fbb30bb4fc_s42,fbb30bb4fc,claim1
test_validator,739,0.008387262001633644,phase2_eval_fbb30bb4fc_s42,fbb30bb4fc,claim1
test_validator,747,0.007253669667989016,phase2_eval_fbb30bb4fc_s42,fbb30bb4fc,claim1
test_validator,751,0.006054850295186043,phase2_eval_fbb30bb4fc_s42,fbb30bb4fc,claim1
test_validator,753,0.008733316324651241,phase2_eval_fbb30bb4fc_s42,fbb30bb4fc,claim1
test_validator,765,0.011886760592460632,phase2_eval_fbb30bb4fc_s42,fbb30bb4fc,claim1
test_validator,766,0.00778494356200099,phase2_eval_fbb30bb4fc_s42,fbb30bb4fc,claim1
test_validator,779,0.011665945872664452,phase2_eval_fbb30bb4fc_s42,fbb30bb4fc,claim1
test_validator,783,0.012646006420254707,phase2_eval_fbb30bb4fc_s42,fbb30bb4fc,claim1
test_validator,799,0.006942735519260168,phase2_eval_fbb30bb4fc_s42,fbb30bb4fc,claim1
test_validator,815,0.004931176081299782,phase2_eval_fbb30bb4fc_s42,fbb30bb4fc,claim1
test_validator,830,0.009800403378903866,phase2_eval_fbb30bb4fc_s42,fbb30bb4fc,claim1
test_validator,842,0.010870675556361675,phase2_eval_fbb30bb4fc_s42,fbb30bb4fc,claim1
test_validator,850,0.013090534135699272,phase2_eval_fbb30bb4fc_s42,fbb30bb4fc,claim1
test_validator,852,0.007924698293209076,phase2_eval_fbb30bb4fc_s42,fbb30bb4fc,claim1
test_validator,864,0.005772835575044155,phase2_eval_fbb30bb4fc_s42,fbb30bb4fc,claim1
test_validator,865,0.03574957698583603,phase2_eval_fbb30bb4fc_s42,fbb30bb4fc,claim1
test_validator,867,0.015646997839212418,phase2_eval_fbb30bb4fc_s42,fbb30bb4fc,claim1
test_validator,875,0.0111241415143013,phase2_eval_fbb30bb4fc_s42,fbb30bb4fc,claim1
test_validator,883,0.00788805354386568,phase2_eval_fbb30bb4fc_s42,fbb30bb4fc,claim1
test_validator,884,0.034371331334114075,phase2_eval_fbb30bb4fc_s42,fbb30bb4fc,claim1
test_validator,891,0.008250081911683083,phase2_eval_fbb30bb4fc_s42,fbb30bb4fc,claim1
test_validator,892,0.009224426932632923,phase2_eval_fbb30bb4fc_s42,fbb30bb4fc,claim1
test_validator,893,0.006195956841111183,phase2_eval_fbb30bb4fc_s42,fbb30bb4fc,claim1
test_validator,895,0.0054578292183578014,phase2_eval_fbb30bb4fc_s42,fbb30bb4fc,claim1
test_validator,898,0.017520418390631676,phase2_eval_fbb30bb4fc_s42,fbb30bb4fc,claim1
test_validator,900,0.00579699594527483,phase2_eval_fbb30bb4fc_s42,fbb30bb4fc,claim1
test_validator,901,0.011888653971254826,phase2_eval_fbb30bb4fc_s42,fbb30bb4fc,claim1
test_validator,902,0.00742163835093379,phase2_eval_fbb30bb4fc_s42,fbb30bb4fc,claim1
test_validator,909,0.009771270677447319,phase2_eval_fbb30bb4fc_s42,fbb30bb4fc,claim1
test_validator,911,0.010265377350151539,phase2_eval_fbb30bb4fc_s42,fbb30bb4fc,claim1
test_validator,915,0.00579741969704628,phase2_eval_fbb30bb4fc_s42,fbb30bb4fc,claim1
test_validator,919,0.010808871127665043,phase2_eval_fbb30bb4fc_s42,fbb30bb4fc,claim1
test_validator,921,0.007256419863551855,phase2_eval_fbb30bb4fc_s42,fbb30bb4fc,claim1
test_validator,923,0.006445852108299732,phase2_eval_fbb30bb4fc_s42,fbb30bb4fc,claim1
test_validator,933,0.004508669953793287,phase2_eval_fbb30bb4fc_s42,fbb30bb4fc,claim1
test_validator,951,0.010841683484613895,phase2_eval_fbb30bb4fc_s42,fbb30bb4fc,claim1
test_validator,952,0.011259060353040695,phase2_eval_fbb30bb4fc_s42,fbb30bb4fc,claim1
test_validator,955,0.010943039320409298,phase2_eval_fbb30bb4fc_s42,fbb30bb4fc,claim1
test_validator,958,0.015170552767813206,phase2_eval_fbb30bb4fc_s42,fbb30bb4fc,claim1
test_validator,961,0.008754340000450611,phase2_eval_fbb30bb4fc_s42,fbb30bb4fc,claim1
test_validator,964,0.03732876479625702,phase2_eval_fbb30bb4fc_s42,fbb30bb4fc,claim1
test_validator,978,0.033106397837400436,phase2_eval_fbb30bb4fc_s42,fbb30bb4fc,claim1
test_validator,987,0.007049425505101681,phase2_eval_fbb30bb4fc_s42,fbb30bb4fc,claim1
test_validator,990,0.00809968076646328,phase2_eval_fbb30bb4fc_s42,fbb30bb4fc,claim1
test_validator,1009,0.008533510379493237,phase2_eval_fbb30bb4fc_s42,fbb30bb4fc,claim1
test_validator,1010,0.007936391979455948,phase2_eval_fbb30bb4fc_s42,fbb30bb4fc,claim1
test_validator,1011,0.0450509712100029,phase2_eval_fbb30bb4fc_s42,fbb30bb4fc,claim1
test_validator,1012,0.015114282257854939,phase2_eval_fbb30bb4fc_s42,fbb30bb4fc,claim1
test_validator,1014,0.00960566196590662,phase2_eval_fbb30bb4fc_s42,fbb30bb4fc,claim1
test_validator,1019,0.02640271745622158,phase2_eval_fbb30bb4fc_s42,fbb30bb4fc,claim1
test_validator,1027,0.01098254881799221,phase2_eval_fbb30bb4fc_s42,fbb30bb4fc,claim1
test_validator,1031,0.028662387281656265,phase2_eval_fbb30bb4fc_s42,fbb30bb4fc,claim1
test_validator,1032,0.006845273543149233,phase2_eval_fbb30bb4fc_s42,fbb30bb4fc,claim1
test_validator,1037,0.00929164793342352,phase2_eval_fbb30bb4fc_s42,fbb30bb4fc,claim1
test_validator,1038,0.010210898704826832,phase2_eval_fbb30bb4fc_s42,fbb30bb4fc,claim1
test_validator,1046,0.005727312993258238,phase2_eval_fbb30bb4fc_s42,fbb30bb4fc,claim1
test_validator,1051,0.015963833779096603,phase2_eval_fbb30bb4fc_s42,fbb30bb4fc,claim1
test_validator,1053,0.04268723353743553,phase2_eval_fbb30bb4fc_s42,fbb30bb4fc,claim1
test_validator,1068,0.006499498151242733,phase2_eval_fbb30bb4fc_s42,fbb30bb4fc,claim1
test_validator,1070,0.005542786326259375,phase2_eval_fbb30bb4fc_s42,fbb30bb4fc,claim1
test_validator,1082,0.015226163901388645,phase2_eval_fbb30bb4fc_s42,fbb30bb4fc,claim1
test_validator,1102,0.016702959313988686,phase2_eval_fbb30bb4fc_s42,fbb30bb4fc,claim1
test_validator,1106,0.013083023019134998,phase2_eval_fbb30bb4fc_s42,fbb30bb4fc,claim1
test_validator,1117,0.009092127904295921,phase2_eval_fbb30bb4fc_s42,fbb30bb4fc,claim1
test_validator,1130,0.020631153136491776,phase2_eval_fbb30bb4fc_s42,fbb30bb4fc,claim1
test_validator,1171,0.017873646691441536,phase2_eval_fbb30bb4fc_s42,fbb30bb4fc,claim1
test_validator,1173,0.01189532782882452,phase2_eval_fbb30bb4fc_s42,fbb30bb4fc,claim1
test_validator,1181,0.0147734759375453,phase2_eval_fbb30bb4fc_s42,fbb30bb4fc,claim1
test_validator,1188,0.020362667739391327,phase2_eval_fbb30bb4fc_s42,fbb30bb4fc,claim1
test_validator,1207,0.021262772381305695,phase2_eval_fbb30bb4fc_s42,fbb30bb4fc,claim1
test_validator,1210,0.007255706004798412,phase2_eval_fbb30bb4fc_s42,fbb30bb4fc,claim1
test_validator,1218,0.007903963327407837,phase2_eval_fbb30bb4fc_s42,fbb30bb4fc,claim1
test_validator,1220,0.015201249159872532,phase2_eval_fbb30bb4fc_s42,fbb30bb4fc,claim1
test_validator,1233,0.006264690309762955,phase2_eval_fbb30bb4fc_s42,fbb30bb4fc,claim1
test_validator,1245,0.009900057688355446,phase2_eval_fbb30bb4fc_s42,fbb30bb4fc,claim1
test_validator,1264,0.009480416774749756,phase2_eval_fbb30bb4fc_s42,fbb30bb4fc,claim1
test_validator,1268,0.011714591644704342,phase2_eval_fbb30bb4fc_s42,fbb30bb4fc,claim1
test_validator,1273,0.01732439547777176,phase2_eval_fbb30bb4fc_s42,fbb30bb4fc,claim1
test_validator,1277,0.0114120589569211,phase2_eval_fbb30bb4fc_s42,fbb30bb4fc,claim1
test_validator,1278,0.0103843342512846,phase2_eval_fbb30bb4fc_s42,fbb30bb4fc,claim1
test_validator,1285,0.010967726819217205,phase2_eval_fbb30bb4fc_s42,fbb30bb4fc,claim1
test_validator,1289,0.011489790864288807,phase2_eval_fbb30bb4fc_s42,fbb30bb4fc,claim1
test_validator,1298,0.0069861942902207375,phase2_eval_fbb30bb4fc_s42,fbb30bb4fc,claim1
test_validator,1305,0.011469720862805843,phase2_eval_fbb30bb4fc_s42,fbb30bb4fc,claim1
test_validator,1308,0.00691281957551837,phase2_eval_fbb30bb4fc_s42,fbb30bb4fc,claim1
test_validator,1314,0.01097271591424942,phase2_eval_fbb30bb4fc_s42,fbb30bb4fc,claim1
test_validator,1326,0.007567523047327995,phase2_eval_fbb30bb4fc_s42,fbb30bb4fc,claim1
test_validator,1330,0.037240058183670044,phase2_eval_fbb30bb4fc_s42,fbb30bb4fc,claim1
test_validator,1334,0.010693487711250782,phase2_eval_fbb30bb4fc_s42,fbb30bb4fc,claim1
test_validator,1372,0.007638460956513882,phase2_eval_fbb30bb4fc_s42,fbb30bb4fc,claim1
test_validator,1392,0.06188840791583061,phase2_eval_fbb30bb4fc_s42,fbb30bb4fc,claim1
test_validator,1393,0.011594624258577824,phase2_eval_fbb30bb4fc_s42,fbb30bb4fc,claim1
test_validator,1407,0.017387328669428825,phase2_eval_fbb30bb4fc_s42,fbb30bb4fc,claim1
test_validator,1431,0.006956552620977163,phase2_eval_fbb30bb4fc_s42,fbb30bb4fc,claim1
test_validator,1434,0.05148613452911377,phase2_eval_fbb30bb4fc_s42,fbb30bb4fc,claim1
test_validator,1438,0.008179472759366035,phase2_eval_fbb30bb4fc_s42,fbb30bb4fc,claim1
test_validator,1466,0.022468892857432365,phase2_eval_fbb30bb4fc_s42,fbb30bb4fc,claim1
test_validator,1470,0.007730430923402309,phase2_eval_fbb30bb4fc_s42,fbb30bb4fc,claim1
test_validator,1487,0.007576123345643282,phase2_eval_fbb30bb4fc_s42,fbb30bb4fc,claim1
test_validator,1489,0.01567724533379078,phase2_eval_fbb30bb4fc_s42,fbb30bb4fc,claim1
test_validator,1496,0.02446899190545082,phase2_eval_fbb30bb4fc_s42,fbb30bb4fc,claim1
test_validator,1498,0.03977260738611221,phase2_eval_fbb30bb4fc_s42,fbb30bb4fc,claim1
test_validator,1499,0.006139042787253857,phase2_eval_fbb30bb4fc_s42,fbb30bb4fc,claim1
test_validator,1519,0.01066230982542038,phase2_eval_fbb30bb4fc_s42,fbb30bb4fc,claim1
test_validator,1531,0.009223143570125103,phase2_eval_fbb30bb4fc_s42,fbb30bb4fc,claim1
test_validator,1552,0.007573075592517853,phase2_eval_fbb30bb4fc_s42,fbb30bb4fc,claim1
test_validator,1578,0.005386068485677242,phase2_eval_fbb30bb4fc_s42,fbb30bb4fc,claim1
test_validator,1580,0.03572329133749008,phase2_eval_fbb30bb4fc_s42,fbb30bb4fc,claim1
test_validator,1581,0.012568427249789238,phase2_eval_fbb30bb4fc_s42,fbb30bb4fc,claim1
test_validator,1585,0.006649493705481291,phase2_eval_fbb30bb4fc_s42,fbb30bb4fc,claim1
test_validator,1592,0.011829858645796776,phase2_eval_fbb30bb4fc_s42,fbb30bb4fc,claim1
test_validator,1593,0.008633425459265709,phase2_eval_fbb30bb4fc_s42,fbb30bb4fc,claim1
test_validator,1604,0.03346685320138931,phase2_eval_fbb30bb4fc_s42,fbb30bb4fc,claim1
test_validator,1606,0.00561321247369051,phase2_eval_fbb30bb4fc_s42,fbb30bb4fc,claim1
test_validator,1625,0.02507360465824604,phase2_eval_fbb30bb4fc_s42,fbb30bb4fc,claim1
test_validator,1634,0.01148451492190361,phase2_eval_fbb30bb4fc_s42,fbb30bb4fc,claim1
test_validator,1637,0.016298294067382812,phase2_eval_fbb30bb4fc_s42,fbb30bb4fc,claim1
test_validator,1638,0.00865977257490158,phase2_eval_fbb30bb4fc_s42,fbb30bb4fc,claim1
test_validator,1650,0.00981594156473875,phase2_eval_fbb30bb4fc_s42,fbb30bb4fc,claim1
test_validator,1657,0.006608476396650076,phase2_eval_fbb30bb4fc_s42,fbb30bb4fc,claim1
test_validator,1661,0.0076711466535925865,phase2_eval_fbb30bb4fc_s42,fbb30bb4fc,claim1
test_validator,1681,0.014511359855532646,phase2_eval_fbb30bb4fc_s42,fbb30bb4fc,claim1
test_validator,1682,0.010482588782906532,phase2_eval_fbb30bb4fc_s42,fbb30bb4fc,claim1
test_validator,1700,0.03642866760492325,phase2_eval_fbb30bb4fc_s42,fbb30bb4fc,claim1
test_validator,1702,0.006905013229697943,phase2_eval_fbb30bb4fc_s42,fbb30bb4fc,claim1
test_validator,1707,0.015157382935285568,phase2_eval_fbb30bb4fc_s42,fbb30bb4fc,claim1
test_validator,1718,0.00890261959284544,phase2_eval_fbb30bb4fc_s42,fbb30bb4fc,claim1
test_validator,1724,0.009456509724259377,phase2_eval_fbb30bb4fc_s42,fbb30bb4fc,claim1
test_validator,1731,0.013493440113961697,phase2_eval_fbb30bb4fc_s42,fbb30bb4fc,claim1
test_validator,1734,0.01119143795222044,phase2_eval_fbb30bb4fc_s42,fbb30bb4fc,claim1
test_validator,1739,0.008996973745524883,phase2_eval_fbb30bb4fc_s42,fbb30bb4fc,claim1
test_validator,1742,0.014432735741138458,phase2_eval_fbb30bb4fc_s42,fbb30bb4fc,claim1
test_validator,1767,0.00839242059737444,phase2_eval_fbb30bb4fc_s42,fbb30bb4fc,claim1
test_validator,1778,0.009042950347065926,phase2_eval_fbb30bb4fc_s42,fbb30bb4fc,claim1
test_validator,1779,0.010147408582270145,phase2_eval_fbb30bb4fc_s42,fbb30bb4fc,claim1
test_validator,1784,0.029907429590821266,phase2_eval_fbb30bb4fc_s42,fbb30bb4fc,claim1
test_validator,1789,0.01665443740785122,phase2_eval_fbb30bb4fc_s42,fbb30bb4fc,claim1
test_validator,1794,0.006253738887608051,phase2_eval_fbb30bb4fc_s42,fbb30bb4fc,claim1
test_validator,1799,0.016447145491838455,phase2_eval_fbb30bb4fc_s42,fbb30bb4fc,claim1
test_validator,1807,0.012526815757155418,phase2_eval_fbb30bb4fc_s42,fbb30bb4fc,claim1
test_validator,1808,0.01176486350595951,phase2_eval_fbb30bb4fc_s42,fbb30bb4fc,claim1
test_validator,1813,0.014468112029135227,phase2_eval_fbb30bb4fc_s42,fbb30bb4fc,claim1
test_validator,1815,0.015025096945464611,phase2_eval_fbb30bb4fc_s42,fbb30bb4fc,claim1
test_validator,1841,0.012467116117477417,phase2_eval_fbb30bb4fc_s42,fbb30bb4fc,claim1
test_validator,1864,0.010059992782771587,phase2_eval_fbb30bb4fc_s42,fbb30bb4fc,claim1
test_validator,1865,0.011995249427855015,phase2_eval_fbb30bb4fc_s42,fbb30bb4fc,claim1
test_validator,1871,0.008937468752264977,phase2_eval_fbb30bb4fc_s42,fbb30bb4fc,claim1
test_validator,1888,0.014476818963885307,phase2_eval_fbb30bb4fc_s42,fbb30bb4fc,claim1
test_validator,1912,0.038109440356492996,phase2_eval_fbb30bb4fc_s42,fbb30bb4fc,claim1
test_validator,1915,0.011425813660025597,phase2_eval_fbb30bb4fc_s42,fbb30bb4fc,claim1
test_validator,1917,0.01249899435788393,phase2_eval_fbb30bb4fc_s42,fbb30bb4fc,claim1
test_validator,1930,0.024594753980636597,phase2_eval_fbb30bb4fc_s42,fbb30bb4fc,claim1
test_validator,1931,0.013758506625890732,phase2_eval_fbb30bb4fc_s42,fbb30bb4fc,claim1
test_validator,1942,0.010244946926832199,phase2_eval_fbb30bb4fc_s42,fbb30bb4fc,claim1
test_validator,1944,0.011208909563720226,phase2_eval_fbb30bb4fc_s42,fbb30bb4fc,claim1
test_validator,1951,0.008444181643426418,phase2_eval_fbb30bb4fc_s42,fbb30bb4fc,claim1
test_validator,1976,0.01138963270932436,phase2_eval_fbb30bb4fc_s42,fbb30bb4fc,claim1
test_validator,1980,0.006752612069249153,phase2_eval_fbb30bb4fc_s42,fbb30bb4fc,claim1
test_validator,1989,0.007923786528408527,phase2_eval_fbb30bb4fc_s42,fbb30bb4fc,claim1
test_validator,1990,0.0075353896245360374,phase2_eval_fbb30bb4fc_s42,fbb30bb4fc,claim1
test_validator,1998,0.025107018649578094,phase2_eval_fbb30bb4fc_s42,fbb30bb4fc,claim1
test_validator,2006,0.013724804855883121,phase2_eval_fbb30bb4fc_s42,fbb30bb4fc,claim1
test_validator,2022,0.042372457683086395,phase2_eval_fbb30bb4fc_s42,fbb30bb4fc,claim1
test_validator,2023,0.008659323677420616,phase2_eval_fbb30bb4fc_s42,fbb30bb4fc,claim1
test_validator,2047,0.013206416741013527,phase2_eval_fbb30bb4fc_s42,fbb30bb4fc,claim1
test_validator,2056,0.020654527470469475,phase2_eval_fbb30bb4fc_s42,fbb30bb4fc,claim1
test_validator,2058,0.025042375549674034,phase2_eval_fbb30bb4fc_s42,fbb30bb4fc,claim1
test_validator,2061,0.008528043515980244,phase2_eval_fbb30bb4fc_s42,fbb30bb4fc,claim1
test_validator,2075,0.008392986841499805,phase2_eval_fbb30bb4fc_s42,fbb30bb4fc,claim1
test_validator,2078,0.011963014490902424,phase2_eval_fbb30bb4fc_s42,fbb30bb4fc,claim1
test_validator,2081,0.016429677605628967,phase2_eval_fbb30bb4fc_s42,fbb30bb4fc,claim1
test_validator,2092,0.007612003479152918,phase2_eval_fbb30bb4fc_s42,fbb30bb4fc,claim1
test_validator,2100,0.011532527394592762,phase2_eval_fbb30bb4fc_s42,fbb30bb4fc,claim1
test_validator,2101,0.014491167850792408,phase2_eval_fbb30bb4fc_s42,fbb30bb4fc,claim1
test_validator,2102,0.01345073152333498,phase2_eval_fbb30bb4fc_s42,fbb30bb4fc,claim1
test_validator,2105,0.031130509451031685,phase2_eval_fbb30bb4fc_s42,fbb30bb4fc,claim1
test_validator,2110,0.008747388608753681,phase2_eval_fbb30bb4fc_s42,fbb30bb4fc,claim1
test_validator,2120,0.008650929667055607,phase2_eval_fbb30bb4fc_s42,fbb30bb4fc,claim1
test_validator,2134,0.008187046274542809,phase2_eval_fbb30bb4fc_s42,fbb30bb4fc,claim1
test_validator,2135,0.006520641036331654,phase2_eval_fbb30bb4fc_s42,fbb30bb4fc,claim1
test_validator,2142,0.06143084168434143,phase2_eval_fbb30bb4fc_s42,fbb30bb4fc,claim1
test_validator,2144,0.0061534708365798,phase2_eval_fbb30bb4fc_s42,fbb30bb4fc,claim1
test_validator,2154,0.022289171814918518,phase2_eval_fbb30bb4fc_s42,fbb30bb4fc,claim1
test_validator,2158,0.023038100451231003,phase2_eval_fbb30bb4fc_s42,fbb30bb4fc,claim1
test_validator,2159,0.013787495903670788,phase2_eval_fbb30bb4fc_s42,fbb30bb4fc,claim1
test_validator,2163,0.0164265725761652,phase2_eval_fbb30bb4fc_s42,fbb30bb4fc,claim1
test_validator,2165,0.011682729236781597,phase2_eval_fbb30bb4fc_s42,fbb30bb4fc,claim1
test_validator,2174,0.02975984662771225,phase2_eval_fbb30bb4fc_s42,fbb30bb4fc,claim1
test_validator,2177,0.017453284934163094,phase2_eval_fbb30bb4fc_s42,fbb30bb4fc,claim1
test_validator,2191,0.027322417125105858,phase2_eval_fbb30bb4fc_s42,fbb30bb4fc,claim1
test_validator,2203,0.0068487259559333324,phase2_eval_fbb30bb4fc_s42,fbb30bb4fc,claim1
test_validator,2206,0.005410476122051477,phase2_eval_fbb30bb4fc_s42,fbb30bb4fc,claim1
test_validator,2209,0.016276612877845764,phase2_eval_fbb30bb4fc_s42,fbb30bb4fc,claim1
test_validator,2211,0.011429766193032265,phase2_eval_fbb30bb4fc_s42,fbb30bb4fc,claim1
test_validator,2214,0.005030812229961157,phase2_eval_fbb30bb4fc_s42,fbb30bb4fc,claim1
test_validator,2218,0.009314374066889286,phase2_eval_fbb30bb4fc_s42,fbb30bb4fc,claim1
test_validator,2243,0.010133507661521435,phase2_eval_fbb30bb4fc_s42,fbb30bb4fc,claim1
test_validator,2251,0.010325528681278229,phase2_eval_fbb30bb4fc_s42,fbb30bb4fc,claim1
test_validator,2253,0.014762956649065018,phase2_eval_fbb30bb4fc_s42,fbb30bb4fc,claim1
test_validator,2270,0.007297622039914131,phase2_eval_fbb30bb4fc_s42,fbb30bb4fc,claim1
test_validator,2280,0.007126546930521727,phase2_eval_fbb30bb4fc_s42,fbb30bb4fc,claim1
test_validator,2289,0.022813893854618073,phase2_eval_fbb30bb4fc_s42,fbb30bb4fc,claim1
test_validator,2328,0.04727261886000633,phase2_eval_fbb30bb4fc_s42,fbb30bb4fc,claim1
test_validator,2331,0.008549236692488194,phase2_eval_fbb30bb4fc_s42,fbb30bb4fc,claim1
test_validator,2376,0.006269651930779219,phase2_eval_fbb30bb4fc_s42,fbb30bb4fc,claim1
test_validator,2384,0.007439556531608105,phase2_eval_fbb30bb4fc_s42,fbb30bb4fc,claim1
test_validator,2432,0.01236313208937645,phase2_eval_fbb30bb4fc_s42,fbb30bb4fc,claim1
test_validator,2434,0.01802390068769455,phase2_eval_fbb30bb4fc_s42,fbb30bb4fc,claim1
test_validator,2445,0.012193123809993267,phase2_eval_fbb30bb4fc_s42,fbb30bb4fc,claim1
test_validator,2446,0.01272471621632576,phase2_eval_fbb30bb4fc_s42,fbb30bb4fc,claim1
test_validator,2451,0.007396052125841379,phase2_eval_fbb30bb4fc_s42,fbb30bb4fc,claim1
test_validator,2456,0.009040835313498974,phase2_eval_fbb30bb4fc_s42,fbb30bb4fc,claim1
test_validator,2466,0.0053994604386389256,phase2_eval_fbb30bb4fc_s42,fbb30bb4fc,claim1
test_validator,2479,0.011255287565290928,phase2_eval_fbb30bb4fc_s42,fbb30bb4fc,claim1
test_validator,2488,0.018099898472428322,phase2_eval_fbb30bb4fc_s42,fbb30bb4fc,claim1
test_validator,2495,0.017099110409617424,phase2_eval_fbb30bb4fc_s42,fbb30bb4fc,claim1
test_validator,2499,0.008456449024379253,phase2_eval_fbb30bb4fc_s42,fbb30bb4fc,claim1
test_validator,2502,0.01809794269502163,phase2_eval_fbb30bb4fc_s42,fbb30bb4fc,claim1
test_validator,2503,0.025296388193964958,phase2_eval_fbb30bb4fc_s42,fbb30bb4fc,claim1
test_validator,2506,0.004741860553622246,phase2_eval_fbb30bb4fc_s42,fbb30bb4fc,claim1
test_validator,2527,0.01916348561644554,phase2_eval_fbb30bb4fc_s42,fbb30bb4fc,claim1
test_validator,2533,0.00817884411662817,phase2_eval_fbb30bb4fc_s42,fbb30bb4fc,claim1
test_validator,2537,0.01399699505418539,phase2_eval_fbb30bb4fc_s42,fbb30bb4fc,claim1
test_validator,2565,0.011607724241912365,phase2_eval_fbb30bb4fc_s42,fbb30bb4fc,claim1
test_validator,2575,0.01868446357548237,phase2_eval_fbb30bb4fc_s42,fbb30bb4fc,claim1
test_validator,2584,0.02552988938987255,phase2_eval_fbb30bb4fc_s42,fbb30bb4fc,claim1
test_validator,2588,0.011165915057063103,phase2_eval_fbb30bb4fc_s42,fbb30bb4fc,claim1
test_validator,2593,0.013616364449262619,phase2_eval_fbb30bb4fc_s42,fbb30bb4fc,claim1
test_validator,2604,0.010083870962262154,phase2_eval_fbb30bb4fc_s42,fbb30bb4fc,claim1
test_validator,2605,0.01098915096372366,phase2_eval_fbb30bb4fc_s42,fbb30bb4fc,claim1
test_validator,2619,0.01130939181894064,phase2_eval_fbb30bb4fc_s42,fbb30bb4fc,claim1
test_validator,2646,0.05606553331017494,phase2_eval_fbb30bb4fc_s42,fbb30bb4fc,claim1
test_validator,2648,0.007671479135751724,phase2_eval_fbb30bb4fc_s42,fbb30bb4fc,claim1
test_validator,2667,0.011616970412433147,phase2_eval_fbb30bb4fc_s42,fbb30bb4fc,claim1
test_validator,2676,0.0377478264272213,phase2_eval_fbb30bb4fc_s42,fbb30bb4fc,claim1
test_validator,2682,0.007781041786074638,phase2_eval_fbb30bb4fc_s42,fbb30bb4fc,claim1
test_validator,2689,0.01572510227560997,phase2_eval_fbb30bb4fc_s42,fbb30bb4fc,claim1
test_validator,2706,0.007659578230232,phase2_eval_fbb30bb4fc_s42,fbb30bb4fc,claim1
test_validator,2709,0.006932135671377182,phase2_eval_fbb30bb4fc_s42,fbb30bb4fc,claim1
test_validator,2715,0.006525541190057993,phase2_eval_fbb30bb4fc_s42,fbb30bb4fc,claim1
test_validator,2734,0.010377093218266964,phase2_eval_fbb30bb4fc_s42,fbb30bb4fc,claim1
test_validator,2738,0.01415722630918026,phase2_eval_fbb30bb4fc_s42,fbb30bb4fc,claim1
test_validator,2739,0.008835727348923683,phase2_eval_fbb30bb4fc_s42,fbb30bb4fc,claim1
test_validator,2741,0.016073673963546753,phase2_eval_fbb30bb4fc_s42,fbb30bb4fc,claim1
test_validator,2743,0.0069048963487148285,phase2_eval_fbb30bb4fc_s42,fbb30bb4fc,claim1
test_validator,2745,0.009199163876473904,phase2_eval_fbb30bb4fc_s42,fbb30bb4fc,claim1
test_validator,2768,0.01582394726574421,phase2_eval_fbb30bb4fc_s42,fbb30bb4fc,claim1
test_validator,2771,0.011269478127360344,phase2_eval_fbb30bb4fc_s42,fbb30bb4fc,claim1
test_validator,2782,0.039445508271455765,phase2_eval_fbb30bb4fc_s42,fbb30bb4fc,claim1
test_validator,2784,0.026385849341750145,phase2_eval_fbb30bb4fc_s42,fbb30bb4fc,claim1
test_validator,2792,0.01180407777428627,phase2_eval_fbb30bb4fc_s42,fbb30bb4fc,claim1
test_validator,2795,0.009520716965198517,phase2_eval_fbb30bb4fc_s42,fbb30bb4fc,claim1
test_validator,2799,0.007862336933612823,phase2_eval_fbb30bb4fc_s42,fbb30bb4fc,claim1
test_validator,2803,0.012763680890202522,phase2_eval_fbb30bb4fc_s42,fbb30bb4fc,claim1
test_validator,2808,0.009365682490170002,phase2_eval_fbb30bb4fc_s42,fbb30bb4fc,claim1
test_validator,2820,0.02246222458779812,phase2_eval_fbb30bb4fc_s42,fbb30bb4fc,claim1
test_validator,2827,0.01426517404615879,phase2_eval_fbb30bb4fc_s42,fbb30bb4fc,claim1
test_validator,2833,0.006952902302145958,phase2_eval_fbb30bb4fc_s42,fbb30bb4fc,claim1
test_validator,2838,0.02024308405816555,phase2_eval_fbb30bb4fc_s42,fbb30bb4fc,claim1
test_validator,2855,0.0052055474370718,phase2_eval_fbb30bb4fc_s42,fbb30bb4fc,claim1
test_validator,2865,0.015354226343333721,phase2_eval_fbb30bb4fc_s42,fbb30bb4fc,claim1
test_validator,2875,0.00977460015565157,phase2_eval_fbb30bb4fc_s42,fbb30bb4fc,claim1
test_validator,2879,0.012622451409697533,phase2_eval_fbb30bb4fc_s42,fbb30bb4fc,claim1
test_validator,2893,0.006238892674446106,phase2_eval_fbb30bb4fc_s42,fbb30bb4fc,claim1
test_validator,2902,0.036384619772434235,phase2_eval_fbb30bb4fc_s42,fbb30bb4fc,claim1
test_validator,2908,0.021262139081954956,phase2_eval_fbb30bb4fc_s42,fbb30bb4fc,claim1
test_validator,2918,0.012000462971627712,phase2_eval_fbb30bb4fc_s42,fbb30bb4fc,claim1
test_validator,2940,0.016608083620667458,phase2_eval_fbb30bb4fc_s42,fbb30bb4fc,claim1
test_validator,2943,0.01369030773639679,phase2_eval_fbb30bb4fc_s42,fbb30bb4fc,claim1
test_validator,2947,0.0189326461404562,phase2_eval_fbb30bb4fc_s42,fbb30bb4fc,claim1
test_validator,2952,0.019401900470256805,phase2_eval_fbb30bb4fc_s42,fbb30bb4fc,claim1
test_validator,2962,0.005811368115246296,phase2_eval_fbb30bb4fc_s42,fbb30bb4fc,claim1
test_validator,2971,0.01833289861679077,phase2_eval_fbb30bb4fc_s42,fbb30bb4fc,claim1
test_validator,2982,0.005595691502094269,phase2_eval_fbb30bb4fc_s42,fbb30bb4fc,claim1
test_validator,2984,0.009092091582715511,phase2_eval_fbb30bb4fc_s42,fbb30bb4fc,claim1
test_validator,2986,0.03006019815802574,phase2_eval_fbb30bb4fc_s42,fbb30bb4fc,claim1
test_validator,2998,0.011606698855757713,phase2_eval_fbb30bb4fc_s42,fbb30bb4fc,claim1
test_validator,3000,0.011756942607462406,phase2_eval_fbb30bb4fc_s42,fbb30bb4fc,claim1
test_validator,3007,0.0071044242940843105,phase2_eval_fbb30bb4fc_s42,fbb30bb4fc,claim1
test_validator,3011,0.006510499399155378,phase2_eval_fbb30bb4fc_s42,fbb30bb4fc,claim1
test_validator,3012,0.015804188326001167,phase2_eval_fbb30bb4fc_s42,fbb30bb4fc,claim1
test_validator,3026,0.005378327332437038,phase2_eval_fbb30bb4fc_s42,fbb30bb4fc,claim1
test_validator,3034,0.036456841975450516,phase2_eval_fbb30bb4fc_s42,fbb30bb4fc,claim1
test_validator,3036,0.04540519043803215,phase2_eval_fbb30bb4fc_s42,fbb30bb4fc,claim1
test_validator,3039,0.014507303014397621,phase2_eval_fbb30bb4fc_s42,fbb30bb4fc,claim1
test_validator,3045,0.006239315029233694,phase2_eval_fbb30bb4fc_s42,fbb30bb4fc,claim1
test_validator,3049,0.013732156716287136,phase2_eval_fbb30bb4fc_s42,fbb30bb4fc,claim1
test_validator,3061,0.017380699515342712,phase2_eval_fbb30bb4fc_s42,fbb30bb4fc,claim1
test_validator,3064,0.03147895634174347,phase2_eval_fbb30bb4fc_s42,fbb30bb4fc,claim1
test_validator,3073,0.006449475418776274,phase2_eval_fbb30bb4fc_s42,fbb30bb4fc,claim1
test_validator,3074,0.013792972080409527,phase2_eval_fbb30bb4fc_s42,fbb30bb4fc,claim1
test_validator,3078,0.015241187997162342,phase2_eval_fbb30bb4fc_s42,fbb30bb4fc,claim1
test_validator,3079,0.010987337678670883,phase2_eval_fbb30bb4fc_s42,fbb30bb4fc,claim1
test_validator,3088,0.010140428319573402,phase2_eval_fbb30bb4fc_s42,fbb30bb4fc,claim1
test_validator,3090,0.008551880717277527,phase2_eval_fbb30bb4fc_s42,fbb30bb4fc,claim1
test_validator,3100,0.00826510600745678,phase2_eval_fbb30bb4fc_s42,fbb30bb4fc,claim1
test_validator,3101,0.011274642311036587,phase2_eval_fbb30bb4fc_s42,fbb30bb4fc,claim1
test_validator,3114,0.009188400581479073,phase2_eval_fbb30bb4fc_s42,fbb30bb4fc,claim1
test_validator,3120,0.010756137780845165,phase2_eval_fbb30bb4fc_s42,fbb30bb4fc,claim1
test_validator,3150,0.01844504289329052,phase2_eval_fbb30bb4fc_s42,fbb30bb4fc,claim1
test_validator,3160,0.020686829462647438,phase2_eval_fbb30bb4fc_s42,fbb30bb4fc,claim1
test_validator,3164,0.013355732895433903,phase2_eval_fbb30bb4fc_s42,fbb30bb4fc,claim1
test_validator,3172,0.01105644553899765,phase2_eval_fbb30bb4fc_s42,fbb30bb4fc,claim1
test_validator,3174,0.0109661053866148,phase2_eval_fbb30bb4fc_s42,fbb30bb4fc,claim1
test_validator,3187,0.011249232105910778,phase2_eval_fbb30bb4fc_s42,fbb30bb4fc,claim1
test_validator,3189,0.0533585324883461,phase2_eval_fbb30bb4fc_s42,fbb30bb4fc,claim1
test_validator,3193,0.02140285260975361,phase2_eval_fbb30bb4fc_s42,fbb30bb4fc,claim1
test_validator,3225,0.014745094813406467,phase2_eval_fbb30bb4fc_s42,fbb30bb4fc,claim1
test_validator,3228,0.014371803030371666,phase2_eval_fbb30bb4fc_s42,fbb30bb4fc,claim1
test_validator,3248,0.019277069717645645,phase2_eval_fbb30bb4fc_s42,fbb30bb4fc,claim1
test_validator,3251,0.010449626483023167,phase2_eval_fbb30bb4fc_s42,fbb30bb4fc,claim1
test_validator,3253,0.020132677629590034,phase2_eval_fbb30bb4fc_s42,fbb30bb4fc,claim1
test_validator,3255,0.009883010759949684,phase2_eval_fbb30bb4fc_s42,fbb30bb4fc,claim1
test_validator,3264,0.008261972106993198,phase2_eval_fbb30bb4fc_s42,fbb30bb4fc,claim1
test_validator,3274,0.04184616729617119,phase2_eval_fbb30bb4fc_s42,fbb30bb4fc,claim1
test_validator,3275,0.006054868921637535,phase2_eval_fbb30bb4fc_s42,fbb30bb4fc,claim1
test_validator,3277,0.022173825651407242,phase2_eval_fbb30bb4fc_s42,fbb30bb4fc,claim1
test_validator,3283,0.006243547890335321,phase2_eval_fbb30bb4fc_s42,fbb30bb4fc,claim1
test_validator,3285,0.008228953927755356,phase2_eval_fbb30bb4fc_s42,fbb30bb4fc,claim1
test_validator,3305,0.029378607869148254,phase2_eval_fbb30bb4fc_s42,fbb30bb4fc,claim1
test_validator,3312,0.014402150176465511,phase2_eval_fbb30bb4fc_s42,fbb30bb4fc,claim1
test_validator,3314,0.017213234677910805,phase2_eval_fbb30bb4fc_s42,fbb30bb4fc,claim1
test_validator,3317,0.010254574008286,phase2_eval_fbb30bb4fc_s42,fbb30bb4fc,claim1
test_validator,3319,0.0449848398566246,phase2_eval_fbb30bb4fc_s42,fbb30bb4fc,claim1
test_validator,3324,0.005890109110623598,phase2_eval_fbb30bb4fc_s42,fbb30bb4fc,claim1
test_validator,3327,0.007499088998883963,phase2_eval_fbb30bb4fc_s42,fbb30bb4fc,claim1
test_validator,3340,0.0064064557664096355,phase2_eval_fbb30bb4fc_s42,fbb30bb4fc,claim1
test_validator,3352,0.02108180522918701,phase2_eval_fbb30bb4fc_s42,fbb30bb4fc,claim1
test_validator,3363,0.01722792536020279,phase2_eval_fbb30bb4fc_s42,fbb30bb4fc,claim1
test_validator,3371,0.006785999517887831,phase2_eval_fbb30bb4fc_s42,fbb30bb4fc,claim1
test_validator,3374,0.02236092835664749,phase2_eval_fbb30bb4fc_s42,fbb30bb4fc,claim1
test_validator,3409,0.01270202174782753,phase2_eval_fbb30bb4fc_s42,fbb30bb4fc,claim1
test_validator,3411,0.01011162530630827,phase2_eval_fbb30bb4fc_s42,fbb30bb4fc,claim1
test_validator,3414,0.010991538874804974,phase2_eval_fbb30bb4fc_s42,fbb30bb4fc,claim1
test_validator,3462,0.014811682514846325,phase2_eval_fbb30bb4fc_s42,fbb30bb4fc,claim1
test_validator,3478,0.00650401134043932,phase2_eval_fbb30bb4fc_s42,fbb30bb4fc,claim1
test_validator,3479,0.056766390800476074,phase2_eval_fbb30bb4fc_s42,fbb30bb4fc,claim1
test_validator,3483,0.008974796161055565,phase2_eval_fbb30bb4fc_s42,fbb30bb4fc,claim1
test_validator,3500,0.04461577162146568,phase2_eval_fbb30bb4fc_s42,fbb30bb4fc,claim1
test_validator,3505,0.013637052848935127,phase2_eval_fbb30bb4fc_s42,fbb30bb4fc,claim1
test_validator,3511,0.00704846391454339,phase2_eval_fbb30bb4fc_s42,fbb30bb4fc,claim1
test_validator,3516,0.0127250449731946,phase2_eval_fbb30bb4fc_s42,fbb30bb4fc,claim1
test_validator,3520,0.011999096721410751,phase2_eval_fbb30bb4fc_s42,fbb30bb4fc,claim1
test_validator,3531,0.005855714436620474,phase2_eval_fbb30bb4fc_s42,fbb30bb4fc,claim1
test_validator,3541,0.017522092908620834,phase2_eval_fbb30bb4fc_s42,fbb30bb4fc,claim1
test_validator,3562,0.026771754026412964,phase2_eval_fbb30bb4fc_s42,fbb30bb4fc,claim1
test_validator,3589,0.01620643585920334,phase2_eval_fbb30bb4fc_s42,fbb30bb4fc,claim1
test_validator,3597,0.006897794082760811,phase2_eval_fbb30bb4fc_s42,fbb30bb4fc,claim1
test_validator,3610,0.007746843155473471,phase2_eval_fbb30bb4fc_s42,fbb30bb4fc,claim1
test_validator,3620,0.013622108846902847,phase2_eval_fbb30bb4fc_s42,fbb30bb4fc,claim1
test_validator,3629,0.006704395171254873,phase2_eval_fbb30bb4fc_s42,fbb30bb4fc,claim1
test_validator,3641,0.010252137668430805,phase2_eval_fbb30bb4fc_s42,fbb30bb4fc,claim1
test_validator,3643,0.008127596229314804,phase2_eval_fbb30bb4fc_s42,fbb30bb4fc,claim1
test_validator,3661,0.015784231945872307,phase2_eval_fbb30bb4fc_s42,fbb30bb4fc,claim1
test_validator,3686,0.010370771400630474,phase2_eval_fbb30bb4fc_s42,fbb30bb4fc,claim1
test_validator,3690,0.005736635997891426,phase2_eval_fbb30bb4fc_s42,fbb30bb4fc,claim1
test_validator,3694,0.03001372143626213,phase2_eval_fbb30bb4fc_s42,fbb30bb4fc,claim1
test_validator,3698,0.008863677270710468,phase2_eval_fbb30bb4fc_s42,fbb30bb4fc,claim1
test_validator,3699,0.008952262811362743,phase2_eval_fbb30bb4fc_s42,fbb30bb4fc,claim1
test_validator,3706,0.007607410661876202,phase2_eval_fbb30bb4fc_s42,fbb30bb4fc,claim1
test_validator,3726,0.05277719721198082,phase2_eval_fbb30bb4fc_s42,fbb30bb4fc,claim1
test_validator,3735,0.00956120528280735,phase2_eval_fbb30bb4fc_s42,fbb30bb4fc,claim1
test_validator,3736,0.010431217961013317,phase2_eval_fbb30bb4fc_s42,fbb30bb4fc,claim1
test_validator,3738,0.01953304000198841,phase2_eval_fbb30bb4fc_s42,fbb30bb4fc,claim1
test_validator,3740,0.014293357729911804,phase2_eval_fbb30bb4fc_s42,fbb30bb4fc,claim1
test_validator,3757,0.013167247176170349,phase2_eval_fbb30bb4fc_s42,fbb30bb4fc,claim1
test_validator,3772,0.01325974427163601,phase2_eval_fbb30bb4fc_s42,fbb30bb4fc,claim1
test_validator,3773,0.008889023214578629,phase2_eval_fbb30bb4fc_s42,fbb30bb4fc,claim1
test_validator,3779,0.011043197475373745,phase2_eval_fbb30bb4fc_s42,fbb30bb4fc,claim1
test_validator,3792,0.04155925288796425,phase2_eval_fbb30bb4fc_s42,fbb30bb4fc,claim1
test_validator,3801,0.0069629051722586155,phase2_eval_fbb30bb4fc_s42,fbb30bb4fc,claim1
test_validator,3813,0.01672876439988613,phase2_eval_fbb30bb4fc_s42,fbb30bb4fc,claim1
test_validator,3821,0.009431581944227219,phase2_eval_fbb30bb4fc_s42,fbb30bb4fc,claim1
test_validator,3826,0.055879365652799606,phase2_eval_fbb30bb4fc_s42,fbb30bb4fc,claim1
test_validator,3846,0.019733954221010208,phase2_eval_fbb30bb4fc_s42,fbb30bb4fc,claim1
test_validator,3867,0.00766996294260025,phase2_eval_fbb30bb4fc_s42,fbb30bb4fc,claim1
test_validator,3869,0.013714189641177654,phase2_eval_fbb30bb4fc_s42,fbb30bb4fc,claim1
test_validator,3876,0.01999014802277088,phase2_eval_fbb30bb4fc_s42,fbb30bb4fc,claim1
test_validator,3880,0.015381384640932083,phase2_eval_fbb30bb4fc_s42,fbb30bb4fc,claim1
test_validator,3889,0.0075594899244606495,phase2_eval_fbb30bb4fc_s42,fbb30bb4fc,claim1
test_validator,3892,0.00911202747374773,phase2_eval_fbb30bb4fc_s42,fbb30bb4fc,claim1
test_validator,3903,0.018111122772097588,phase2_eval_fbb30bb4fc_s42,fbb30bb4fc,claim1
test_validator,3906,0.044680919498205185,phase2_eval_fbb30bb4fc_s42,fbb30bb4fc,claim1
test_validator,3909,0.007881096564233303,phase2_eval_fbb30bb4fc_s42,fbb30bb4fc,claim1
test_validator,3915,0.008513165637850761,phase2_eval_fbb30bb4fc_s42,fbb30bb4fc,claim1
test_validator,3934,0.01630355417728424,phase2_eval_fbb30bb4fc_s42,fbb30bb4fc,claim1
test_validator,3935,0.05034434795379639,phase2_eval_fbb30bb4fc_s42,fbb30bb4fc,claim1
test_validator,3936,0.007011066190898418,phase2_eval_fbb30bb4fc_s42,fbb30bb4fc,claim1
test_validator,3939,0.008662926033139229,phase2_eval_fbb30bb4fc_s42,fbb30bb4fc,claim1
test_validator,3941,0.01267036609351635,phase2_eval_fbb30bb4fc_s42,fbb30bb4fc,claim1
test_validator,3943,0.010044058784842491,phase2_eval_fbb30bb4fc_s42,fbb30bb4fc,claim1
test_validator,3944,0.014107471331954002,phase2_eval_fbb30bb4fc_s42,fbb30bb4fc,claim1
test_validator,3950,0.012204444967210293,phase2_eval_fbb30bb4fc_s42,fbb30bb4fc,claim1
test_validator,3956,0.020305106416344643,phase2_eval_fbb30bb4fc_s42,fbb30bb4fc,claim1
test_validator,3973,0.00989215075969696,phase2_eval_fbb30bb4fc_s42,fbb30bb4fc,claim1
test_validator,3976,0.006341040134429932,phase2_eval_fbb30bb4fc_s42,fbb30bb4fc,claim1
test_validator,3979,0.01404042262583971,phase2_eval_fbb30bb4fc_s42,fbb30bb4fc,claim1
test_validator,3980,0.005314462818205357,phase2_eval_fbb30bb4fc_s42,fbb30bb4fc,claim1
test_validator,3995,0.011700764298439026,phase2_eval_fbb30bb4fc_s42,fbb30bb4fc,claim1
test_validator,3998,0.025732750073075294,phase2_eval_fbb30bb4fc_s42,fbb30bb4fc,claim1
test_validator,4000,0.008095179684460163,phase2_eval_fbb30bb4fc_s42,fbb30bb4fc,claim1
test_validator,4004,0.008766867220401764,phase2_eval_fbb30bb4fc_s42,fbb30bb4fc,claim1
test_validator,4005,0.00584024703130126,phase2_eval_fbb30bb4fc_s42,fbb30bb4fc,claim1
test_validator,4013,0.007929036393761635,phase2_eval_fbb30bb4fc_s42,fbb30bb4fc,claim1
test_validator,4015,0.015318866819143295,phase2_eval_fbb30bb4fc_s42,fbb30bb4fc,claim1
test_validator,4021,0.008803101256489754,phase2_eval_fbb30bb4fc_s42,fbb30bb4fc,claim1
test_validator,4025,0.004822154063731432,phase2_eval_fbb30bb4fc_s42,fbb30bb4fc,claim1
test_validator,4035,0.010484055615961552,phase2_eval_fbb30bb4fc_s42,fbb30bb4fc,claim1
test_validator,4044,0.00720776803791523,phase2_eval_fbb30bb4fc_s42,fbb30bb4fc,claim1
test_validator,4067,0.023276368156075478,phase2_eval_fbb30bb4fc_s42,fbb30bb4fc,claim1
test_validator,4081,0.0050897239707410336,phase2_eval_fbb30bb4fc_s42,fbb30bb4fc,claim1
test_validator,4101,0.012065134942531586,phase2_eval_fbb30bb4fc_s42,fbb30bb4fc,claim1
test_validator,4107,0.016047975048422813,phase2_eval_fbb30bb4fc_s42,fbb30bb4fc,claim1
test_validator,4121,0.00853576697409153,phase2_eval_fbb30bb4fc_s42,fbb30bb4fc,claim1
test_validator,4122,0.007128145545721054,phase2_eval_fbb30bb4fc_s42,fbb30bb4fc,claim1
test_validator,4137,0.006710916291922331,phase2_eval_fbb30bb4fc_s42,fbb30bb4fc,claim1
test_validator,4141,0.018178006634116173,phase2_eval_fbb30bb4fc_s42,fbb30bb4fc,claim1
test_validator,4164,0.012935481034219265,phase2_eval_fbb30bb4fc_s42,fbb30bb4fc,claim1
test_validator,4169,0.00712086446583271,phase2_eval_fbb30bb4fc_s42,fbb30bb4fc,claim1
test_validator,4175,0.006812865845859051,phase2_eval_fbb30bb4fc_s42,fbb30bb4fc,claim1
test_validator,4187,0.018909666687250137,phase2_eval_fbb30bb4fc_s42,fbb30bb4fc,claim1
test_validator,4206,0.01107381284236908,phase2_eval_fbb30bb4fc_s42,fbb30bb4fc,claim1
test_validator,4207,0.04230790212750435,phase2_eval_fbb30bb4fc_s42,fbb30bb4fc,claim1
test_validator,4209,0.00818777084350586,phase2_eval_fbb30bb4fc_s42,fbb30bb4fc,claim1
test_validator,4214,0.007001656107604504,phase2_eval_fbb30bb4fc_s42,fbb30bb4fc,claim1
test_validator,4216,0.012575465254485607,phase2_eval_fbb30bb4fc_s42,fbb30bb4fc,claim1
test_validator,4217,0.008167900145053864,phase2_eval_fbb30bb4fc_s42,fbb30bb4fc,claim1
test_validator,4218,0.008192608132958412,phase2_eval_fbb30bb4fc_s42,fbb30bb4fc,claim1
test_validator,4219,0.006454163230955601,phase2_eval_fbb30bb4fc_s42,fbb30bb4fc,claim1
test_validator,4220,0.02147671766579151,phase2_eval_fbb30bb4fc_s42,fbb30bb4fc,claim1
test_validator,4232,0.027300018817186356,phase2_eval_fbb30bb4fc_s42,fbb30bb4fc,claim1
test_validator,4239,0.010026779025793076,phase2_eval_fbb30bb4fc_s42,fbb30bb4fc,claim1
test_validator,4241,0.023775490000844002,phase2_eval_fbb30bb4fc_s42,fbb30bb4fc,claim1
test_validator,4245,0.006541980430483818,phase2_eval_fbb30bb4fc_s42,fbb30bb4fc,claim1
test_validator,4256,0.01971748284995556,phase2_eval_fbb30bb4fc_s42,fbb30bb4fc,claim1
test_validator,4264,0.013261632062494755,phase2_eval_fbb30bb4fc_s42,fbb30bb4fc,claim1
test_validator,4265,0.011369817890226841,phase2_eval_fbb30bb4fc_s42,fbb30bb4fc,claim1
test_validator,4267,0.04022129625082016,phase2_eval_fbb30bb4fc_s42,fbb30bb4fc,claim1
test_validator,4272,0.0070868926122784615,phase2_eval_fbb30bb4fc_s42,fbb30bb4fc,claim1
test_validator,4280,0.04223492369055748,phase2_eval_fbb30bb4fc_s42,fbb30bb4fc,claim1
test_validator,4297,0.01014662068337202,phase2_eval_fbb30bb4fc_s42,fbb30bb4fc,claim1
test_validator,4306,0.007457457948476076,phase2_eval_fbb30bb4fc_s42,fbb30bb4fc,claim1
test_validator,4320,0.007727934513241053,phase2_eval_fbb30bb4fc_s42,fbb30bb4fc,claim1
test_validator,4334,0.024639470502734184,phase2_eval_fbb30bb4fc_s42,fbb30bb4fc,claim1
test_validator,4341,0.009630082175135612,phase2_eval_fbb30bb4fc_s42,fbb30bb4fc,claim1
test_validator,4348,0.011883686296641827,phase2_eval_fbb30bb4fc_s42,fbb30bb4fc,claim1
test_validator,4354,0.007630408741533756,phase2_eval_fbb30bb4fc_s42,fbb30bb4fc,claim1
test_validator,4366,0.00899532064795494,phase2_eval_fbb30bb4fc_s42,fbb30bb4fc,claim1
test_validator,4381,0.021910635754466057,phase2_eval_fbb30bb4fc_s42,fbb30bb4fc,claim1
test_validator,4385,0.012169442139565945,phase2_eval_fbb30bb4fc_s42,fbb30bb4fc,claim1
test_validator,4407,0.01643340103328228,phase2_eval_fbb30bb4fc_s42,fbb30bb4fc,claim1
test_validator,4412,0.039193447679281235,phase2_eval_fbb30bb4fc_s42,fbb30bb4fc,claim1
test_validator,4419,0.008057411760091782,phase2_eval_fbb30bb4fc_s42,fbb30bb4fc,claim1
test_validator,4425,0.009443321265280247,phase2_eval_fbb30bb4fc_s42,fbb30bb4fc,claim1
test_validator,4434,0.012874609790742397,phase2_eval_fbb30bb4fc_s42,fbb30bb4fc,claim1
test_validator,4436,0.024094831198453903,phase2_eval_fbb30bb4fc_s42,fbb30bb4fc,claim1
test_validator,4453,0.012958185747265816,phase2_eval_fbb30bb4fc_s42,fbb30bb4fc,claim1
test_validator,4454,0.0077793290838599205,phase2_eval_fbb30bb4fc_s42,fbb30bb4fc,claim1
test_validator,4455,0.01433590892702341,phase2_eval_fbb30bb4fc_s42,fbb30bb4fc,claim1
test_validator,4456,0.010300124064087868,phase2_eval_fbb30bb4fc_s42,fbb30bb4fc,claim1
test_validator,4475,0.013812027871608734,phase2_eval_fbb30bb4fc_s42,fbb30bb4fc,claim1
test_validator,4483,0.012940234504640102,phase2_eval_fbb30bb4fc_s42,fbb30bb4fc,claim1
test_validator,4484,0.019185170531272888,phase2_eval_fbb30bb4fc_s42,fbb30bb4fc,claim1
test_validator,4490,0.012258876115083694,phase2_eval_fbb30bb4fc_s42,fbb30bb4fc,claim1
test_validator,4495,0.011416211724281311,phase2_eval_fbb30bb4fc_s42,fbb30bb4fc,claim1
test_validator,4502,0.007964588701725006,phase2_eval_fbb30bb4fc_s42,fbb30bb4fc,claim1
test_validator,4509,0.006353681907057762,phase2_eval_fbb30bb4fc_s42,fbb30bb4fc,claim1
test_validator,4515,0.02346949093043804,phase2_eval_fbb30bb4fc_s42,fbb30bb4fc,claim1
test_validator,4522,0.034998368471860886,phase2_eval_fbb30bb4fc_s42,fbb30bb4fc,claim1
test_validator,4528,0.013318781740963459,phase2_eval_fbb30bb4fc_s42,fbb30bb4fc,claim1
test_validator,4551,0.029388001188635826,phase2_eval_fbb30bb4fc_s42,fbb30bb4fc,claim1
test_validator,4582,0.030447691679000854,phase2_eval_fbb30bb4fc_s42,fbb30bb4fc,claim1
test_validator,4583,0.06579861789941788,phase2_eval_fbb30bb4fc_s42,fbb30bb4fc,claim1
test_validator,4586,0.018563615158200264,phase2_eval_fbb30bb4fc_s42,fbb30bb4fc,claim1
test_validator,4588,0.01635000668466091,phase2_eval_fbb30bb4fc_s42,fbb30bb4fc,claim1
test_validator,4604,0.0052353255450725555,phase2_eval_fbb30bb4fc_s42,fbb30bb4fc,claim1
test_validator,4615,0.010231457650661469,phase2_eval_fbb30bb4fc_s42,fbb30bb4fc,claim1
test_validator,4624,0.018941497430205345,phase2_eval_fbb30bb4fc_s42,fbb30bb4fc,claim1
test_validator,4626,0.028407050296664238,phase2_eval_fbb30bb4fc_s42,fbb30bb4fc,claim1
test_validator,4628,0.01804632693529129,phase2_eval_fbb30bb4fc_s42,fbb30bb4fc,claim1
test_validator,4630,0.021737223491072655,phase2_eval_fbb30bb4fc_s42,fbb30bb4fc,claim1
test_validator,4637,0.011157945729792118,phase2_eval_fbb30bb4fc_s42,fbb30bb4fc,claim1
test_validator,4642,0.006659520324319601,phase2_eval_fbb30bb4fc_s42,fbb30bb4fc,claim1
test_validator,4648,0.012729200534522533,phase2_eval_fbb30bb4fc_s42,fbb30bb4fc,claim1
test_validator,4656,0.006452853791415691,phase2_eval_fbb30bb4fc_s42,fbb30bb4fc,claim1
test_validator,4657,0.005125741008669138,phase2_eval_fbb30bb4fc_s42,fbb30bb4fc,claim1
test_validator,4668,0.023603292182087898,phase2_eval_fbb30bb4fc_s42,fbb30bb4fc,claim1
test_validator,4669,0.016920695081353188,phase2_eval_fbb30bb4fc_s42,fbb30bb4fc,claim1
test_validator,4680,0.02618805319070816,phase2_eval_fbb30bb4fc_s42,fbb30bb4fc,claim1
test_validator,4681,0.008209536783397198,phase2_eval_fbb30bb4fc_s42,fbb30bb4fc,claim1
test_validator,4699,0.00845335889607668,phase2_eval_fbb30bb4fc_s42,fbb30bb4fc,claim1
test_validator,4714,0.010201653465628624,phase2_eval_fbb30bb4fc_s42,fbb30bb4fc,claim1
test_validator,4733,0.009400750510394573,phase2_eval_fbb30bb4fc_s42,fbb30bb4fc,claim1
test_validator,4750,0.02318604476749897,phase2_eval_fbb30bb4fc_s42,fbb30bb4fc,claim1
test_validator,4752,0.023136790841817856,phase2_eval_fbb30bb4fc_s42,fbb30bb4fc,claim1
test_validator,4757,0.016548998653888702,phase2_eval_fbb30bb4fc_s42,fbb30bb4fc,claim1
test_validator,4772,0.07304788380861282,phase2_eval_fbb30bb4fc_s42,fbb30bb4fc,claim1
test_validator,4779,0.00885674636811018,phase2_eval_fbb30bb4fc_s42,fbb30bb4fc,claim1
test_validator,4786,0.016386087983846664,phase2_eval_fbb30bb4fc_s42,fbb30bb4fc,claim1
test_validator,4789,0.016641845926642418,phase2_eval_fbb30bb4fc_s42,fbb30bb4fc,claim1
test_validator,4790,0.021756235510110855,phase2_eval_fbb30bb4fc_s42,fbb30bb4fc,claim1
test_validator,4803,0.027560461312532425,phase2_eval_fbb30bb4fc_s42,fbb30bb4fc,claim1
test_validator,4805,0.006001275964081287,phase2_eval_fbb30bb4fc_s42,fbb30bb4fc,claim1
test_validator,4812,0.01452995277941227,phase2_eval_fbb30bb4fc_s42,fbb30bb4fc,claim1
test_validator,4818,0.018078723922371864,phase2_eval_fbb30bb4fc_s42,fbb30bb4fc,claim1
test_validator,4852,0.008264804258942604,phase2_eval_fbb30bb4fc_s42,fbb30bb4fc,claim1
test_validator,4853,0.00888361968100071,phase2_eval_fbb30bb4fc_s42,fbb30bb4fc,claim1
test_validator,4864,0.013855887576937675,phase2_eval_fbb30bb4fc_s42,fbb30bb4fc,claim1
test_validator,4885,0.006409707944840193,phase2_eval_fbb30bb4fc_s42,fbb30bb4fc,claim1
test_validator,4889,0.006384471897035837,phase2_eval_fbb30bb4fc_s42,fbb30bb4fc,claim1
test_validator,4895,0.016912732273340225,phase2_eval_fbb30bb4fc_s42,fbb30bb4fc,claim1
test_validator,4913,0.009332223795354366,phase2_eval_fbb30bb4fc_s42,fbb30bb4fc,claim1
test_validator,4923,0.009095036424696445,phase2_eval_fbb30bb4fc_s42,fbb30bb4fc,claim1
test_validator,4929,0.006039159372448921,phase2_eval_fbb30bb4fc_s42,fbb30bb4fc,claim1
test_validator,4931,0.00944775901734829,phase2_eval_fbb30bb4fc_s42,fbb30bb4fc,claim1
test_validator,4946,0.011376327835023403,phase2_eval_fbb30bb4fc_s42,fbb30bb4fc,claim1
test_validator,4948,0.010765786282718182,phase2_eval_fbb30bb4fc_s42,fbb30bb4fc,claim1
test_validator,4954,0.006342774257063866,phase2_eval_fbb30bb4fc_s42,fbb30bb4fc,claim1
test_validator,4956,0.048042815178632736,phase2_eval_fbb30bb4fc_s42,fbb30bb4fc,claim1
test_validator,4965,0.006838313303887844,phase2_eval_fbb30bb4fc_s42,fbb30bb4fc,claim1
test_validator,4966,0.009362730197608471,phase2_eval_fbb30bb4fc_s42,fbb30bb4fc,claim1
test_validator,4969,0.00496876472607255,phase2_eval_fbb30bb4fc_s42,fbb30bb4fc,claim1
test_validator,4974,0.01224772073328495,phase2_eval_fbb30bb4fc_s42,fbb30bb4fc,claim1
test_validator,4976,0.015443391166627407,phase2_eval_fbb30bb4fc_s42,fbb30bb4fc,claim1
test_validator,4984,0.00787294004112482,phase2_eval_fbb30bb4fc_s42,fbb30bb4fc,claim1
test_validator,4994,0.008489754050970078,phase2_eval_fbb30bb4fc_s42,fbb30bb4fc,claim1
test_validator,5001,0.016124919056892395,phase2_eval_fbb30bb4fc_s42,fbb30bb4fc,claim1
test_validator,5002,0.014310195110738277,phase2_eval_fbb30bb4fc_s42,fbb30bb4fc,claim1
test_validator,5003,0.011163661256432533,phase2_eval_fbb30bb4fc_s42,fbb30bb4fc,claim1
test_validator,5009,0.027543233707547188,phase2_eval_fbb30bb4fc_s42,fbb30bb4fc,claim1
test_validator,5038,0.038996078073978424,phase2_eval_fbb30bb4fc_s42,fbb30bb4fc,claim1
test_validator,5047,0.00846303440630436,phase2_eval_fbb30bb4fc_s42,fbb30bb4fc,claim1
test_validator,5051,0.00772172911092639,phase2_eval_fbb30bb4fc_s42,fbb30bb4fc,claim1
test_validator,5058,0.016592252999544144,phase2_eval_fbb30bb4fc_s42,fbb30bb4fc,claim1
test_validator,5066,0.0076524848118424416,phase2_eval_fbb30bb4fc_s42,fbb30bb4fc,claim1
test_validator,5067,0.010496281087398529,phase2_eval_fbb30bb4fc_s42,fbb30bb4fc,claim1
test_validator,5085,0.01452921237796545,phase2_eval_fbb30bb4fc_s42,fbb30bb4fc,claim1
test_validator,5089,0.02450508251786232,phase2_eval_fbb30bb4fc_s42,fbb30bb4fc,claim1
test_validator,5095,0.03959670290350914,phase2_eval_fbb30bb4fc_s42,fbb30bb4fc,claim1
test_validator,5106,0.017693500965833664,phase2_eval_fbb30bb4fc_s42,fbb30bb4fc,claim1
test_validator,5107,0.0059156338684260845,phase2_eval_fbb30bb4fc_s42,fbb30bb4fc,claim1
test_validator,5122,0.00541573204100132,phase2_eval_fbb30bb4fc_s42,fbb30bb4fc,claim1
test_validator,5132,0.010271667502820492,phase2_eval_fbb30bb4fc_s42,fbb30bb4fc,claim1
test_validator,5138,0.013770999386906624,phase2_eval_fbb30bb4fc_s42,fbb30bb4fc,claim1
test_validator,5144,0.033854831010103226,phase2_eval_fbb30bb4fc_s42,fbb30bb4fc,claim1
test_validator,5148,0.0068404474295675755,phase2_eval_fbb30bb4fc_s42,fbb30bb4fc,claim1
test_validator,5150,0.016114020720124245,phase2_eval_fbb30bb4fc_s42,fbb30bb4fc,claim1
test_validator,5154,0.013105584308505058,phase2_eval_fbb30bb4fc_s42,fbb30bb4fc,claim1
test_validator,5155,0.029118776321411133,phase2_eval_fbb30bb4fc_s42,fbb30bb4fc,claim1
test_validator,5172,0.00872314628213644,phase2_eval_fbb30bb4fc_s42,fbb30bb4fc,claim1
test_validator,5199,0.006415865384042263,phase2_eval_fbb30bb4fc_s42,fbb30bb4fc,claim1
test_validator,5202,0.009631097316741943,phase2_eval_fbb30bb4fc_s42,fbb30bb4fc,claim1
test_validator,5204,0.009062162600457668,phase2_eval_fbb30bb4fc_s42,fbb30bb4fc,claim1
test_validator,5206,0.03718211501836777,phase2_eval_fbb30bb4fc_s42,fbb30bb4fc,claim1
test_validator,5209,0.02023271843791008,phase2_eval_fbb30bb4fc_s42,fbb30bb4fc,claim1
test_validator,5212,0.011552659794688225,phase2_eval_fbb30bb4fc_s42,fbb30bb4fc,claim1
test_validator,5220,0.005616975016891956,phase2_eval_fbb30bb4fc_s42,fbb30bb4fc,claim1
test_validator,5231,0.005766213405877352,phase2_eval_fbb30bb4fc_s42,fbb30bb4fc,claim1
test_validator,5233,0.021486148238182068,phase2_eval_fbb30bb4fc_s42,fbb30bb4fc,claim1
test_validator,5246,0.02230346016585827,phase2_eval_fbb30bb4fc_s42,fbb30bb4fc,claim1
test_validator,5263,0.03370685502886772,phase2_eval_fbb30bb4fc_s42,fbb30bb4fc,claim1
test_validator,5274,0.0067519573494791985,phase2_eval_fbb30bb4fc_s42,fbb30bb4fc,claim1
test_validator,5278,0.011122572235763073,phase2_eval_fbb30bb4fc_s42,fbb30bb4fc,claim1
test_validator,5283,0.010361472144722939,phase2_eval_fbb30bb4fc_s42,fbb30bb4fc,claim1
test_validator,5288,0.007052741013467312,phase2_eval_fbb30bb4fc_s42,fbb30bb4fc,claim1
test_validator,5300,0.019382184371352196,phase2_eval_fbb30bb4fc_s42,fbb30bb4fc,claim1
test_validator,5320,0.010994765907526016,phase2_eval_fbb30bb4fc_s42,fbb30bb4fc,claim1
test_validator,5324,0.03922393172979355,phase2_eval_fbb30bb4fc_s42,fbb30bb4fc,claim1
test_validator,5340,0.0064527844078838825,phase2_eval_fbb30bb4fc_s42,fbb30bb4fc,claim1
test_validator,5343,0.009818442165851593,phase2_eval_fbb30bb4fc_s42,fbb30bb4fc,claim1
test_validator,5345,0.007893577218055725,phase2_eval_fbb30bb4fc_s42,fbb30bb4fc,claim1
test_validator,5356,0.007251307833939791,phase2_eval_fbb30bb4fc_s42,fbb30bb4fc,claim1
test_validator,5365,0.014603651128709316,phase2_eval_fbb30bb4fc_s42,fbb30bb4fc,claim1
test_validator,5367,0.008888737298548222,phase2_eval_fbb30bb4fc_s42,fbb30bb4fc,claim1
test_validator,5380,0.013619792647659779,phase2_eval_fbb30bb4fc_s42,fbb30bb4fc,claim1
test_validator,5382,0.009710242040455341,phase2_eval_fbb30bb4fc_s42,fbb30bb4fc,claim1
test_validator,5383,0.03574064001441002,phase2_eval_fbb30bb4fc_s42,fbb30bb4fc,claim1
test_validator,5398,0.0074568744748830795,phase2_eval_fbb30bb4fc_s42,fbb30bb4fc,claim1
test_validator,5399,0.020952709019184113,phase2_eval_fbb30bb4fc_s42,fbb30bb4fc,claim1
test_validator,5401,0.00741147855296731,phase2_eval_fbb30bb4fc_s42,fbb30bb4fc,claim1
test_validator,5434,0.016725514084100723,phase2_eval_fbb30bb4fc_s42,fbb30bb4fc,claim1
test_validator,5440,0.008266755379736423,phase2_eval_fbb30bb4fc_s42,fbb30bb4fc,claim1
test_validator,5446,0.006881880108267069,phase2_eval_fbb30bb4fc_s42,fbb30bb4fc,claim1
test_validator,5472,0.012405667454004288,phase2_eval_fbb30bb4fc_s42,fbb30bb4fc,claim1
test_validator,5476,0.010933097451925278,phase2_eval_fbb30bb4fc_s42,fbb30bb4fc,claim1
test_validator,5481,0.007874990813434124,phase2_eval_fbb30bb4fc_s42,fbb30bb4fc,claim1
test_validator,5483,0.012982109561562538,phase2_eval_fbb30bb4fc_s42,fbb30bb4fc,claim1
test_validator,5498,0.007419527508318424,phase2_eval_fbb30bb4fc_s42,fbb30bb4fc,claim1
test_validator,5504,0.022136319428682327,phase2_eval_fbb30bb4fc_s42,fbb30bb4fc,claim1
test_validator,5521,0.0070925019681453705,phase2_eval_fbb30bb4fc_s42,fbb30bb4fc,claim1
test_validator,5525,0.030768942087888718,phase2_eval_fbb30bb4fc_s42,fbb30bb4fc,claim1
test_validator,5540,0.010318964719772339,phase2_eval_fbb30bb4fc_s42,fbb30bb4fc,claim1
test_validator,5546,0.036097925156354904,phase2_eval_fbb30bb4fc_s42,fbb30bb4fc,claim1
test_validator,5549,0.0292461309581995,phase2_eval_fbb30bb4fc_s42,fbb30bb4fc,claim1
test_validator,5557,0.008518153801560402,phase2_eval_fbb30bb4fc_s42,fbb30bb4fc,claim1
test_validator,5563,0.012578705325722694,phase2_eval_fbb30bb4fc_s42,fbb30bb4fc,claim1
test_validator,5567,0.01622101292014122,phase2_eval_fbb30bb4fc_s42,fbb30bb4fc,claim1
test_validator,5569,0.013916624709963799,phase2_eval_fbb30bb4fc_s42,fbb30bb4fc,claim1
test_validator,5575,0.010722474195063114,phase2_eval_fbb30bb4fc_s42,fbb30bb4fc,claim1
test_validator,5583,0.008757542818784714,phase2_eval_fbb30bb4fc_s42,fbb30bb4fc,claim1
test_validator,5593,0.004090111702680588,phase2_eval_fbb30bb4fc_s42,fbb30bb4fc,claim1
test_validator,5596,0.00950898788869381,phase2_eval_fbb30bb4fc_s42,fbb30bb4fc,claim1
test_validator,5601,0.04479110240936279,phase2_eval_fbb30bb4fc_s42,fbb30bb4fc,claim1
test_validator,5617,0.0174324382096529,phase2_eval_fbb30bb4fc_s42,fbb30bb4fc,claim1
test_validator,5618,0.01597253419458866,phase2_eval_fbb30bb4fc_s42,fbb30bb4fc,claim1
test_validator,5631,0.010542805306613445,phase2_eval_fbb30bb4fc_s42,fbb30bb4fc,claim1
test_validator,5633,0.006218419410288334,phase2_eval_fbb30bb4fc_s42,fbb30bb4fc,claim1
test_validator,5667,0.00828471127897501,phase2_eval_fbb30bb4fc_s42,fbb30bb4fc,claim1
test_validator,5680,0.0294913612306118,phase2_eval_fbb30bb4fc_s42,fbb30bb4fc,claim1
test_validator,5686,0.010624287649989128,phase2_eval_fbb30bb4fc_s42,fbb30bb4fc,claim1
test_validator,5702,0.00788242369890213,phase2_eval_fbb30bb4fc_s42,fbb30bb4fc,claim1
test_validator,5703,0.01072124857455492,phase2_eval_fbb30bb4fc_s42,fbb30bb4fc,claim1
test_validator,5704,0.038492750376462936,phase2_eval_fbb30bb4fc_s42,fbb30bb4fc,claim1
test_validator,5712,0.009281453676521778,phase2_eval_fbb30bb4fc_s42,fbb30bb4fc,claim1
test_validator,5721,0.007508527021855116,phase2_eval_fbb30bb4fc_s42,fbb30bb4fc,claim1
test_validator,5729,0.0130015192553401,phase2_eval_fbb30bb4fc_s42,fbb30bb4fc,claim1
test_validator,5730,0.023092521354556084,phase2_eval_fbb30bb4fc_s42,fbb30bb4fc,claim1
test_validator,5744,0.05547914654016495,phase2_eval_fbb30bb4fc_s42,fbb30bb4fc,claim1
test_validator,5747,0.032167788594961166,phase2_eval_fbb30bb4fc_s42,fbb30bb4fc,claim1
test_validator,5751,0.023896457627415657,phase2_eval_fbb30bb4fc_s42,fbb30bb4fc,claim1
test_validator,5752,0.02871735580265522,phase2_eval_fbb30bb4fc_s42,fbb30bb4fc,claim1
test_validator,5769,0.008867472410202026,phase2_eval_fbb30bb4fc_s42,fbb30bb4fc,claim1
test_validator,5770,0.015314851887524128,phase2_eval_fbb30bb4fc_s42,fbb30bb4fc,claim1
test_validator,5772,0.008552144281566143,phase2_eval_fbb30bb4fc_s42,fbb30bb4fc,claim1
test_validator,5780,0.026471761986613274,phase2_eval_fbb30bb4fc_s42,fbb30bb4fc,claim1
test_validator,5786,0.006827325094491243,phase2_eval_fbb30bb4fc_s42,fbb30bb4fc,claim1
test_validator,5802,0.017067257314920425,phase2_eval_fbb30bb4fc_s42,fbb30bb4fc,claim1
test_validator,5809,0.012987050227820873,phase2_eval_fbb30bb4fc_s42,fbb30bb4fc,claim1
test_validator,5810,0.022177433595061302,phase2_eval_fbb30bb4fc_s42,fbb30bb4fc,claim1
test_validator,5812,0.003779374761506915,phase2_eval_fbb30bb4fc_s42,fbb30bb4fc,claim1
test_validator,5831,0.0432136207818985,phase2_eval_fbb30bb4fc_s42,fbb30bb4fc,claim1
test_validator,5833,0.008452113717794418,phase2_eval_fbb30bb4fc_s42,fbb30bb4fc,claim1
test_validator,5840,0.010819962248206139,phase2_eval_fbb30bb4fc_s42,fbb30bb4fc,claim1
test_validator,5891,0.019227242097258568,phase2_eval_fbb30bb4fc_s42,fbb30bb4fc,claim1
test_validator,5896,0.01365178544074297,phase2_eval_fbb30bb4fc_s42,fbb30bb4fc,claim1
test_validator,5903,0.006645682733505964,phase2_eval_fbb30bb4fc_s42,fbb30bb4fc,claim1
test_validator,5905,0.006103407125920057,phase2_eval_fbb30bb4fc_s42,fbb30bb4fc,claim1
test_validator,5908,0.01205783523619175,phase2_eval_fbb30bb4fc_s42,fbb30bb4fc,claim1
test_validator,5910,0.05532050505280495,phase2_eval_fbb30bb4fc_s42,fbb30bb4fc,claim1
test_validator,5914,0.011436451226472855,phase2_eval_fbb30bb4fc_s42,fbb30bb4fc,claim1
test_validator,5917,0.012742483988404274,phase2_eval_fbb30bb4fc_s42,fbb30bb4fc,claim1
test_validator,5918,0.008114544674754143,phase2_eval_fbb30bb4fc_s42,fbb30bb4fc,claim1
test_validator,5920,0.0052595785818994045,phase2_eval_fbb30bb4fc_s42,fbb30bb4fc,claim1
test_validator,5946,0.03773640841245651,phase2_eval_fbb30bb4fc_s42,fbb30bb4fc,claim1
test_validator,5953,0.012635341845452785,phase2_eval_fbb30bb4fc_s42,fbb30bb4fc,claim1
test_validator,5955,0.02033347822725773,phase2_eval_fbb30bb4fc_s42,fbb30bb4fc,claim1
test_validator,5961,0.012036669999361038,phase2_eval_fbb30bb4fc_s42,fbb30bb4fc,claim1
test_validator,5983,0.010797714814543724,phase2_eval_fbb30bb4fc_s42,fbb30bb4fc,claim1
test_validator,5987,0.024029547348618507,phase2_eval_fbb30bb4fc_s42,fbb30bb4fc,claim1
test_validator,5996,0.007214364130049944,phase2_eval_fbb30bb4fc_s42,fbb30bb4fc,claim1
ood_test_validator,0,0.010016672313213348,phase2_eval_fbb30bb4fc_s42,fbb30bb4fc,claim1
ood_test_validator,11,0.005037585739046335,phase2_eval_fbb30bb4fc_s42,fbb30bb4fc,claim1
ood_test_validator,21,0.01153955515474081,phase2_eval_fbb30bb4fc_s42,fbb30bb4fc,claim1
ood_test_validator,30,0.0072608343325555325,phase2_eval_fbb30bb4fc_s42,fbb30bb4fc,claim1
ood_test_validator,37,0.01741616427898407,phase2_eval_fbb30bb4fc_s42,fbb30bb4fc,claim1
ood_test_validator,42,0.015914196148514748,phase2_eval_fbb30bb4fc_s42,fbb30bb4fc,claim1
ood_test_validator,44,0.01136403065174818,phase2_eval_fbb30bb4fc_s42,fbb30bb4fc,claim1
ood_test_validator,47,0.009659784846007824,phase2_eval_fbb30bb4fc_s42,fbb30bb4fc,claim1
ood_test_validator,54,0.00774332694709301,phase2_eval_fbb30bb4fc_s42,fbb30bb4fc,claim1
ood_test_validator,57,0.011629736050963402,phase2_eval_fbb30bb4fc_s42,fbb30bb4fc,claim1
ood_test_validator,58,0.023411385715007782,phase2_eval_fbb30bb4fc_s42,fbb30bb4fc,claim1
ood_test_validator,62,0.009043494239449501,phase2_eval_fbb30bb4fc_s42,fbb30bb4fc,claim1
ood_test_validator,63,0.006884949281811714,phase2_eval_fbb30bb4fc_s42,fbb30bb4fc,claim1
ood_test_validator,65,0.010667403228580952,phase2_eval_fbb30bb4fc_s42,fbb30bb4fc,claim1
ood_test_validator,71,0.022513529285788536,phase2_eval_fbb30bb4fc_s42,fbb30bb4fc,claim1
ood_test_validator,80,0.013216258026659489,phase2_eval_fbb30bb4fc_s42,fbb30bb4fc,claim1
ood_test_validator,81,0.010764239355921745,phase2_eval_fbb30bb4fc_s42,fbb30bb4fc,claim1
ood_test_validator,94,0.01210890244692564,phase2_eval_fbb30bb4fc_s42,fbb30bb4fc,claim1
ood_test_validator,118,0.014321618713438511,phase2_eval_fbb30bb4fc_s42,fbb30bb4fc,claim1
ood_test_validator,134,0.009856321848928928,phase2_eval_fbb30bb4fc_s42,fbb30bb4fc,claim1
ood_test_validator,139,0.011837347410619259,phase2_eval_fbb30bb4fc_s42,fbb30bb4fc,claim1
ood_test_validator,142,0.0126669155433774,phase2_eval_fbb30bb4fc_s42,fbb30bb4fc,claim1
ood_test_validator,148,0.010800307616591454,phase2_eval_fbb30bb4fc_s42,fbb30bb4fc,claim1
ood_test_validator,154,0.009647250175476074,phase2_eval_fbb30bb4fc_s42,fbb30bb4fc,claim1
ood_test_validator,160,0.011648575775325298,phase2_eval_fbb30bb4fc_s42,fbb30bb4fc,claim1
ood_test_validator,161,0.009094496257603168,phase2_eval_fbb30bb4fc_s42,fbb30bb4fc,claim1
ood_test_validator,164,0.010764199309051037,phase2_eval_fbb30bb4fc_s42,fbb30bb4fc,claim1
ood_test_validator,166,0.007636290043592453,phase2_eval_fbb30bb4fc_s42,fbb30bb4fc,claim1
ood_test_validator,167,0.007924440316855907,phase2_eval_fbb30bb4fc_s42,fbb30bb4fc,claim1
ood_test_validator,168,0.013282885774970055,phase2_eval_fbb30bb4fc_s42,fbb30bb4fc,claim1
ood_test_validator,171,0.009523537009954453,phase2_eval_fbb30bb4fc_s42,fbb30bb4fc,claim1
ood_test_validator,181,0.019056927412748337,phase2_eval_fbb30bb4fc_s42,fbb30bb4fc,claim1
ood_test_validator,192,0.01570889912545681,phase2_eval_fbb30bb4fc_s42,fbb30bb4fc,claim1
ood_test_validator,196,0.00929454155266285,phase2_eval_fbb30bb4fc_s42,fbb30bb4fc,claim1
ood_test_validator,197,0.012160349637269974,phase2_eval_fbb30bb4fc_s42,fbb30bb4fc,claim1
ood_test_validator,200,0.011502218432724476,phase2_eval_fbb30bb4fc_s42,fbb30bb4fc,claim1
ood_test_validator,207,0.011637355200946331,phase2_eval_fbb30bb4fc_s42,fbb30bb4fc,claim1
ood_test_validator,211,0.017796477302908897,phase2_eval_fbb30bb4fc_s42,fbb30bb4fc,claim1
ood_test_validator,217,0.010598694905638695,phase2_eval_fbb30bb4fc_s42,fbb30bb4fc,claim1
ood_test_validator,218,0.01345081627368927,phase2_eval_fbb30bb4fc_s42,fbb30bb4fc,claim1
ood_test_validator,221,0.006609340663999319,phase2_eval_fbb30bb4fc_s42,fbb30bb4fc,claim1
ood_test_validator,229,0.009371857158839703,phase2_eval_fbb30bb4fc_s42,fbb30bb4fc,claim1
ood_test_validator,233,0.014544864185154438,phase2_eval_fbb30bb4fc_s42,fbb30bb4fc,claim1
ood_test_validator,241,0.014031131751835346,phase2_eval_fbb30bb4fc_s42,fbb30bb4fc,claim1
ood_test_validator,242,0.010753629729151726,phase2_eval_fbb30bb4fc_s42,fbb30bb4fc,claim1
ood_test_validator,243,0.012852650135755539,phase2_eval_fbb30bb4fc_s42,fbb30bb4fc,claim1
ood_test_validator,245,0.010029960423707962,phase2_eval_fbb30bb4fc_s42,fbb30bb4fc,claim1
ood_test_validator,249,0.011017114855349064,phase2_eval_fbb30bb4fc_s42,fbb30bb4fc,claim1
ood_test_validator,254,0.017930442467331886,phase2_eval_fbb30bb4fc_s42,fbb30bb4fc,claim1
ood_test_validator,256,0.01164279691874981,phase2_eval_fbb30bb4fc_s42,fbb30bb4fc,claim1
ood_test_validator,258,0.009499434381723404,phase2_eval_fbb30bb4fc_s42,fbb30bb4fc,claim1
ood_test_validator,259,0.012565482407808304,phase2_eval_fbb30bb4fc_s42,fbb30bb4fc,claim1
ood_test_validator,263,0.01704234816133976,phase2_eval_fbb30bb4fc_s42,fbb30bb4fc,claim1
ood_test_validator,265,0.01098044402897358,phase2_eval_fbb30bb4fc_s42,fbb30bb4fc,claim1
ood_test_validator,271,0.020099613815546036,phase2_eval_fbb30bb4fc_s42,fbb30bb4fc,claim1
ood_test_validator,288,0.008586916141211987,phase2_eval_fbb30bb4fc_s42,fbb30bb4fc,claim1
ood_test_validator,295,0.013574031181633472,phase2_eval_fbb30bb4fc_s42,fbb30bb4fc,claim1
ood_test_validator,311,0.019780857488512993,phase2_eval_fbb30bb4fc_s42,fbb30bb4fc,claim1
ood_test_validator,330,0.02163398079574108,phase2_eval_fbb30bb4fc_s42,fbb30bb4fc,claim1
ood_test_validator,343,0.014950391836464405,phase2_eval_fbb30bb4fc_s42,fbb30bb4fc,claim1
ood_test_validator,356,0.008374909870326519,phase2_eval_fbb30bb4fc_s42,fbb30bb4fc,claim1
ood_test_validator,361,0.014087038114666939,phase2_eval_fbb30bb4fc_s42,fbb30bb4fc,claim1
ood_test_validator,363,0.015967026352882385,phase2_eval_fbb30bb4fc_s42,fbb30bb4fc,claim1
ood_test_validator,364,0.007894620299339294,phase2_eval_fbb30bb4fc_s42,fbb30bb4fc,claim1
ood_test_validator,375,0.012842847965657711,phase2_eval_fbb30bb4fc_s42,fbb30bb4fc,claim1
ood_test_validator,400,0.007295242045074701,phase2_eval_fbb30bb4fc_s42,fbb30bb4fc,claim1
ood_test_validator,403,0.009030605666339397,phase2_eval_fbb30bb4fc_s42,fbb30bb4fc,claim1
ood_test_validator,406,0.01295117661356926,phase2_eval_fbb30bb4fc_s42,fbb30bb4fc,claim1
ood_test_validator,418,0.022333558648824692,phase2_eval_fbb30bb4fc_s42,fbb30bb4fc,claim1
ood_test_validator,419,0.00926473643630743,phase2_eval_fbb30bb4fc_s42,fbb30bb4fc,claim1
ood_test_validator,423,0.009049429558217525,phase2_eval_fbb30bb4fc_s42,fbb30bb4fc,claim1
ood_test_validator,424,0.01742776855826378,phase2_eval_fbb30bb4fc_s42,fbb30bb4fc,claim1
ood_test_validator,429,0.020218176767230034,phase2_eval_fbb30bb4fc_s42,fbb30bb4fc,claim1
ood_test_validator,432,0.01785210706293583,phase2_eval_fbb30bb4fc_s42,fbb30bb4fc,claim1
ood_test_validator,436,0.009472859092056751,phase2_eval_fbb30bb4fc_s42,fbb30bb4fc,claim1
ood_test_validator,437,0.010806593112647533,phase2_eval_fbb30bb4fc_s42,fbb30bb4fc,claim1
ood_test_validator,443,0.014793368056416512,phase2_eval_fbb30bb4fc_s42,fbb30bb4fc,claim1
ood_test_validator,450,0.011690088547766209,phase2_eval_fbb30bb4fc_s42,fbb30bb4fc,claim1
ood_test_validator,452,0.01704678311944008,phase2_eval_fbb30bb4fc_s42,fbb30bb4fc,claim1
ood_test_validator,455,0.012710963375866413,phase2_eval_fbb30bb4fc_s42,fbb30bb4fc,claim1
ood_test_validator,457,0.01003590039908886,phase2_eval_fbb30bb4fc_s42,fbb30bb4fc,claim1
ood_test_validator,459,0.014226172119379044,phase2_eval_fbb30bb4fc_s42,fbb30bb4fc,claim1
ood_test_validator,461,0.015046489425003529,phase2_eval_fbb30bb4fc_s42,fbb30bb4fc,claim1
ood_test_validator,474,0.018342236056923866,phase2_eval_fbb30bb4fc_s42,fbb30bb4fc,claim1
ood_test_validator,479,0.008799603208899498,phase2_eval_fbb30bb4fc_s42,fbb30bb4fc,claim1
ood_test_validator,481,0.009865154512226582,phase2_eval_fbb30bb4fc_s42,fbb30bb4fc,claim1
ood_test_validator,485,0.011922822333872318,phase2_eval_fbb30bb4fc_s42,fbb30bb4fc,claim1
ood_test_validator,493,0.009708517231047153,phase2_eval_fbb30bb4fc_s42,fbb30bb4fc,claim1
ood_test_validator,499,0.007780578453093767,phase2_eval_fbb30bb4fc_s42,fbb30bb4fc,claim1
ood_test_validator,502,0.00801027100533247,phase2_eval_fbb30bb4fc_s42,fbb30bb4fc,claim1
ood_test_validator,511,0.026376646012067795,phase2_eval_fbb30bb4fc_s42,fbb30bb4fc,claim1
ood_test_validator,512,0.01514711044728756,phase2_eval_fbb30bb4fc_s42,fbb30bb4fc,claim1
ood_test_validator,516,0.008937407284975052,phase2_eval_fbb30bb4fc_s42,fbb30bb4fc,claim1
ood_test_validator,518,0.020015215501189232,phase2_eval_fbb30bb4fc_s42,fbb30bb4fc,claim1
ood_test_validator,532,0.015741771087050438,phase2_eval_fbb30bb4fc_s42,fbb30bb4fc,claim1
ood_test_validator,535,0.012296326458454132,phase2_eval_fbb30bb4fc_s42,fbb30bb4fc,claim1
ood_test_validator,539,0.013536028563976288,phase2_eval_fbb30bb4fc_s42,fbb30bb4fc,claim1
ood_test_validator,544,0.008831791579723358,phase2_eval_fbb30bb4fc_s42,fbb30bb4fc,claim1
ood_test_validator,558,0.011591256596148014,phase2_eval_fbb30bb4fc_s42,fbb30bb4fc,claim1
ood_test_validator,561,0.021659987047314644,phase2_eval_fbb30bb4fc_s42,fbb30bb4fc,claim1
ood_test_validator,564,0.010331373661756516,phase2_eval_fbb30bb4fc_s42,fbb30bb4fc,claim1
ood_test_validator,571,0.017494577914476395,phase2_eval_fbb30bb4fc_s42,fbb30bb4fc,claim1
ood_test_validator,579,0.013636475428938866,phase2_eval_fbb30bb4fc_s42,fbb30bb4fc,claim1
ood_test_validator,599,0.01028719637542963,phase2_eval_fbb30bb4fc_s42,fbb30bb4fc,claim1
ood_test_validator,604,0.01757224090397358,phase2_eval_fbb30bb4fc_s42,fbb30bb4fc,claim1
ood_test_validator,616,0.01443942915648222,phase2_eval_fbb30bb4fc_s42,fbb30bb4fc,claim1
ood_test_validator,618,0.01759810373187065,phase2_eval_fbb30bb4fc_s42,fbb30bb4fc,claim1
ood_test_validator,622,0.011385511606931686,phase2_eval_fbb30bb4fc_s42,fbb30bb4fc,claim1
ood_test_validator,627,0.008988497778773308,phase2_eval_fbb30bb4fc_s42,fbb30bb4fc,claim1
ood_test_validator,637,0.0094291465356946,phase2_eval_fbb30bb4fc_s42,fbb30bb4fc,claim1
ood_test_validator,638,0.008927539922297001,phase2_eval_fbb30bb4fc_s42,fbb30bb4fc,claim1
ood_test_validator,653,0.012992977164685726,phase2_eval_fbb30bb4fc_s42,fbb30bb4fc,claim1
ood_test_validator,659,0.009948763996362686,phase2_eval_fbb30bb4fc_s42,fbb30bb4fc,claim1
ood_test_validator,661,0.011274202726781368,phase2_eval_fbb30bb4fc_s42,fbb30bb4fc,claim1
ood_test_validator,663,0.010526829399168491,phase2_eval_fbb30bb4fc_s42,fbb30bb4fc,claim1
ood_test_validator,665,0.009317025542259216,phase2_eval_fbb30bb4fc_s42,fbb30bb4fc,claim1
ood_test_validator,667,0.014088011346757412,phase2_eval_fbb30bb4fc_s42,fbb30bb4fc,claim1
ood_test_validator,670,0.00724714295938611,phase2_eval_fbb30bb4fc_s42,fbb30bb4fc,claim1
ood_test_validator,672,0.022592343389987946,phase2_eval_fbb30bb4fc_s42,fbb30bb4fc,claim1
ood_test_validator,675,0.013348749838769436,phase2_eval_fbb30bb4fc_s42,fbb30bb4fc,claim1
ood_test_validator,679,0.010664141736924648,phase2_eval_fbb30bb4fc_s42,fbb30bb4fc,claim1
ood_test_validator,681,0.009498700499534607,phase2_eval_fbb30bb4fc_s42,fbb30bb4fc,claim1
ood_test_validator,683,0.014902346767485142,phase2_eval_fbb30bb4fc_s42,fbb30bb4fc,claim1
ood_test_validator,684,0.008163209073245525,phase2_eval_fbb30bb4fc_s42,fbb30bb4fc,claim1
ood_test_validator,694,0.01748805306851864,phase2_eval_fbb30bb4fc_s42,fbb30bb4fc,claim1
ood_test_validator,695,0.013361315242946148,phase2_eval_fbb30bb4fc_s42,fbb30bb4fc,claim1
ood_test_validator,700,0.010474024340510368,phase2_eval_fbb30bb4fc_s42,fbb30bb4fc,claim1
ood_test_validator,704,0.010412759147584438,phase2_eval_fbb30bb4fc_s42,fbb30bb4fc,claim1
ood_test_validator,708,0.014680593274533749,phase2_eval_fbb30bb4fc_s42,fbb30bb4fc,claim1
ood_test_validator,710,0.016388341784477234,phase2_eval_fbb30bb4fc_s42,fbb30bb4fc,claim1
ood_test_validator,715,0.019505225121974945,phase2_eval_fbb30bb4fc_s42,fbb30bb4fc,claim1
ood_test_validator,716,0.024928312748670578,phase2_eval_fbb30bb4fc_s42,fbb30bb4fc,claim1
ood_test_validator,721,0.010922021232545376,phase2_eval_fbb30bb4fc_s42,fbb30bb4fc,claim1
ood_test_validator,728,0.010464384220540524,phase2_eval_fbb30bb4fc_s42,fbb30bb4fc,claim1
ood_test_validator,737,0.017444128170609474,phase2_eval_fbb30bb4fc_s42,fbb30bb4fc,claim1
ood_test_validator,746,0.008997767232358456,phase2_eval_fbb30bb4fc_s42,fbb30bb4fc,claim1
ood_test_validator,750,0.01020138617604971,phase2_eval_fbb30bb4fc_s42,fbb30bb4fc,claim1
ood_test_validator,752,0.011986718513071537,phase2_eval_fbb30bb4fc_s42,fbb30bb4fc,claim1
ood_test_validator,754,0.018020465970039368,phase2_eval_fbb30bb4fc_s42,fbb30bb4fc,claim1
ood_test_validator,755,0.02114950120449066,phase2_eval_fbb30bb4fc_s42,fbb30bb4fc,claim1
ood_test_validator,756,0.00925541017204523,phase2_eval_fbb30bb4fc_s42,fbb30bb4fc,claim1
ood_test_validator,762,0.013644184917211533,phase2_eval_fbb30bb4fc_s42,fbb30bb4fc,claim1
ood_test_validator,763,0.011873800307512283,phase2_eval_fbb30bb4fc_s42,fbb30bb4fc,claim1
ood_test_validator,767,0.01341036707162857,phase2_eval_fbb30bb4fc_s42,fbb30bb4fc,claim1
ood_test_validator,768,0.009610937908291817,phase2_eval_fbb30bb4fc_s42,fbb30bb4fc,claim1
ood_test_validator,771,0.009203735738992691,phase2_eval_fbb30bb4fc_s42,fbb30bb4fc,claim1
ood_test_validator,778,0.020374242216348648,phase2_eval_fbb30bb4fc_s42,fbb30bb4fc,claim1
ood_test_validator,786,0.009730865247547626,phase2_eval_fbb30bb4fc_s42,fbb30bb4fc,claim1
ood_test_validator,797,0.008439519442617893,phase2_eval_fbb30bb4fc_s42,fbb30bb4fc,claim1
ood_test_validator,801,0.008711195550858974,phase2_eval_fbb30bb4fc_s42,fbb30bb4fc,claim1
ood_test_validator,809,0.00707976333796978,phase2_eval_fbb30bb4fc_s42,fbb30bb4fc,claim1
ood_test_validator,832,0.01404171995818615,phase2_eval_fbb30bb4fc_s42,fbb30bb4fc,claim1
ood_test_validator,835,0.010016233660280704,phase2_eval_fbb30bb4fc_s42,fbb30bb4fc,claim1
ood_test_validator,845,0.009576478973031044,phase2_eval_fbb30bb4fc_s42,fbb30bb4fc,claim1
ood_test_validator,846,0.010836094617843628,phase2_eval_fbb30bb4fc_s42,fbb30bb4fc,claim1
ood_test_validator,857,0.009610002860426903,phase2_eval_fbb30bb4fc_s42,fbb30bb4fc,claim1
ood_test_validator,859,0.00884037371724844,phase2_eval_fbb30bb4fc_s42,fbb30bb4fc,claim1
ood_test_validator,868,0.007403150200843811,phase2_eval_fbb30bb4fc_s42,fbb30bb4fc,claim1
ood_test_validator,882,0.012341435998678207,phase2_eval_fbb30bb4fc_s42,fbb30bb4fc,claim1
ood_test_validator,888,0.012583370320498943,phase2_eval_fbb30bb4fc_s42,fbb30bb4fc,claim1
ood_test_validator,889,0.007372686639428139,phase2_eval_fbb30bb4fc_s42,fbb30bb4fc,claim1
ood_test_validator,897,0.010960946790874004,phase2_eval_fbb30bb4fc_s42,fbb30bb4fc,claim1
ood_test_validator,908,0.011032208800315857,phase2_eval_fbb30bb4fc_s42,fbb30bb4fc,claim1
ood_test_validator,910,0.013646312989294529,phase2_eval_fbb30bb4fc_s42,fbb30bb4fc,claim1
ood_test_validator,912,0.015716738998889923,phase2_eval_fbb30bb4fc_s42,fbb30bb4fc,claim1
ood_test_validator,914,0.014758395962417126,phase2_eval_fbb30bb4fc_s42,fbb30bb4fc,claim1
ood_test_validator,916,0.010930138640105724,phase2_eval_fbb30bb4fc_s42,fbb30bb4fc,claim1
ood_test_validator,918,0.010622522793710232,phase2_eval_fbb30bb4fc_s42,fbb30bb4fc,claim1
ood_test_validator,928,0.007178826257586479,phase2_eval_fbb30bb4fc_s42,fbb30bb4fc,claim1
ood_test_validator,938,0.01534259133040905,phase2_eval_fbb30bb4fc_s42,fbb30bb4fc,claim1
ood_test_validator,942,0.0069197085686028,phase2_eval_fbb30bb4fc_s42,fbb30bb4fc,claim1
ood_test_validator,977,0.009263350628316402,phase2_eval_fbb30bb4fc_s42,fbb30bb4fc,claim1
ood_test_validator,982,0.010914105921983719,phase2_eval_fbb30bb4fc_s42,fbb30bb4fc,claim1
ood_test_validator,989,0.011933878064155579,phase2_eval_fbb30bb4fc_s42,fbb30bb4fc,claim1
ood_test_validator,1000,0.014268292114138603,phase2_eval_fbb30bb4fc_s42,fbb30bb4fc,claim1
ood_test_validator,1004,0.014445514418184757,phase2_eval_fbb30bb4fc_s42,fbb30bb4fc,claim1
ood_test_validator,1020,0.017825787886977196,phase2_eval_fbb30bb4fc_s42,fbb30bb4fc,claim1
ood_test_validator,1029,0.006391862407326698,phase2_eval_fbb30bb4fc_s42,fbb30bb4fc,claim1
ood_test_validator,1030,0.008960623294115067,phase2_eval_fbb30bb4fc_s42,fbb30bb4fc,claim1
ood_test_validator,1035,0.009324400685727596,phase2_eval_fbb30bb4fc_s42,fbb30bb4fc,claim1
ood_test_validator,1036,0.007646599784493446,phase2_eval_fbb30bb4fc_s42,fbb30bb4fc,claim1
ood_test_validator,1043,0.009539809077978134,phase2_eval_fbb30bb4fc_s42,fbb30bb4fc,claim1
ood_test_validator,1052,0.013213073834776878,phase2_eval_fbb30bb4fc_s42,fbb30bb4fc,claim1
ood_test_validator,1055,0.014686723239719868,phase2_eval_fbb30bb4fc_s42,fbb30bb4fc,claim1
ood_test_validator,1056,0.01711595058441162,phase2_eval_fbb30bb4fc_s42,fbb30bb4fc,claim1
ood_test_validator,1060,0.01184221263974905,phase2_eval_fbb30bb4fc_s42,fbb30bb4fc,claim1
ood_test_validator,1061,0.01994176022708416,phase2_eval_fbb30bb4fc_s42,fbb30bb4fc,claim1
ood_test_validator,1066,0.013776806183159351,phase2_eval_fbb30bb4fc_s42,fbb30bb4fc,claim1
ood_test_validator,1067,0.012202156707644463,phase2_eval_fbb30bb4fc_s42,fbb30bb4fc,claim1
ood_test_validator,1069,0.00809390190988779,phase2_eval_fbb30bb4fc_s42,fbb30bb4fc,claim1
ood_test_validator,1080,0.03128519654273987,phase2_eval_fbb30bb4fc_s42,fbb30bb4fc,claim1
ood_test_validator,1092,0.026864394545555115,phase2_eval_fbb30bb4fc_s42,fbb30bb4fc,claim1
ood_test_validator,1113,0.011948199942708015,phase2_eval_fbb30bb4fc_s42,fbb30bb4fc,claim1
ood_test_validator,1120,0.013082368299365044,phase2_eval_fbb30bb4fc_s42,fbb30bb4fc,claim1
ood_test_validator,1128,0.009572206996381283,phase2_eval_fbb30bb4fc_s42,fbb30bb4fc,claim1
ood_test_validator,1135,0.018982114270329475,phase2_eval_fbb30bb4fc_s42,fbb30bb4fc,claim1
ood_test_validator,1137,0.0077363052405416965,phase2_eval_fbb30bb4fc_s42,fbb30bb4fc,claim1
ood_test_validator,1142,0.01862272433936596,phase2_eval_fbb30bb4fc_s42,fbb30bb4fc,claim1
ood_test_validator,1144,0.010382810607552528,phase2_eval_fbb30bb4fc_s42,fbb30bb4fc,claim1
ood_test_validator,1151,0.01253752876073122,phase2_eval_fbb30bb4fc_s42,fbb30bb4fc,claim1
ood_test_validator,1158,0.01378333754837513,phase2_eval_fbb30bb4fc_s42,fbb30bb4fc,claim1
ood_test_validator,1162,0.01931428350508213,phase2_eval_fbb30bb4fc_s42,fbb30bb4fc,claim1
ood_test_validator,1166,0.009833427146077156,phase2_eval_fbb30bb4fc_s42,fbb30bb4fc,claim1
ood_test_validator,1170,0.01155382115393877,phase2_eval_fbb30bb4fc_s42,fbb30bb4fc,claim1
ood_test_validator,1178,0.0066512152552604675,phase2_eval_fbb30bb4fc_s42,fbb30bb4fc,claim1
ood_test_validator,1182,0.019773105159401894,phase2_eval_fbb30bb4fc_s42,fbb30bb4fc,claim1
ood_test_validator,1184,0.013080575503408909,phase2_eval_fbb30bb4fc_s42,fbb30bb4fc,claim1
ood_test_validator,1185,0.011700248345732689,phase2_eval_fbb30bb4fc_s42,fbb30bb4fc,claim1
ood_test_validator,1190,0.01425216719508171,phase2_eval_fbb30bb4fc_s42,fbb30bb4fc,claim1
ood_test_validator,1191,0.010887042619287968,phase2_eval_fbb30bb4fc_s42,fbb30bb4fc,claim1
ood_test_validator,1196,0.012401494197547436,phase2_eval_fbb30bb4fc_s42,fbb30bb4fc,claim1
ood_test_validator,1197,0.008959207683801651,phase2_eval_fbb30bb4fc_s42,fbb30bb4fc,claim1
ood_test_validator,1205,0.009991559199988842,phase2_eval_fbb30bb4fc_s42,fbb30bb4fc,claim1
ood_test_validator,1230,0.017462559044361115,phase2_eval_fbb30bb4fc_s42,fbb30bb4fc,claim1
ood_test_validator,1234,0.00804221723228693,phase2_eval_fbb30bb4fc_s42,fbb30bb4fc,claim1
ood_test_validator,1235,0.008027429692447186,phase2_eval_fbb30bb4fc_s42,fbb30bb4fc,claim1
ood_test_validator,1250,0.012771022506058216,phase2_eval_fbb30bb4fc_s42,fbb30bb4fc,claim1
ood_test_validator,1271,0.019813481718301773,phase2_eval_fbb30bb4fc_s42,fbb30bb4fc,claim1
ood_test_validator,1283,0.011280136182904243,phase2_eval_fbb30bb4fc_s42,fbb30bb4fc,claim1
ood_test_validator,1292,0.012954525649547577,phase2_eval_fbb30bb4fc_s42,fbb30bb4fc,claim1
ood_test_validator,1293,0.007850312627851963,phase2_eval_fbb30bb4fc_s42,fbb30bb4fc,claim1
ood_test_validator,1300,0.016916267573833466,phase2_eval_fbb30bb4fc_s42,fbb30bb4fc,claim1
ood_test_validator,1302,0.00850677490234375,phase2_eval_fbb30bb4fc_s42,fbb30bb4fc,claim1
ood_test_validator,1304,0.02017742395401001,phase2_eval_fbb30bb4fc_s42,fbb30bb4fc,claim1
ood_test_validator,1310,0.006661571096628904,phase2_eval_fbb30bb4fc_s42,fbb30bb4fc,claim1
ood_test_validator,1315,0.015519347973167896,phase2_eval_fbb30bb4fc_s42,fbb30bb4fc,claim1
ood_test_validator,1316,0.0134303392842412,phase2_eval_fbb30bb4fc_s42,fbb30bb4fc,claim1
ood_test_validator,1320,0.0049969591200351715,phase2_eval_fbb30bb4fc_s42,fbb30bb4fc,claim1
ood_test_validator,1322,0.011555187404155731,phase2_eval_fbb30bb4fc_s42,fbb30bb4fc,claim1
ood_test_validator,1329,0.010370655916631222,phase2_eval_fbb30bb4fc_s42,fbb30bb4fc,claim1
ood_test_validator,1340,0.016672523692250252,phase2_eval_fbb30bb4fc_s42,fbb30bb4fc,claim1
ood_test_validator,1344,0.012023502960801125,phase2_eval_fbb30bb4fc_s42,fbb30bb4fc,claim1
ood_test_validator,1349,0.018919749185442924,phase2_eval_fbb30bb4fc_s42,fbb30bb4fc,claim1
ood_test_validator,1350,0.016247965395450592,phase2_eval_fbb30bb4fc_s42,fbb30bb4fc,claim1
ood_test_validator,1356,0.016134824603796005,phase2_eval_fbb30bb4fc_s42,fbb30bb4fc,claim1
ood_test_validator,1359,0.017204230651259422,phase2_eval_fbb30bb4fc_s42,fbb30bb4fc,claim1
ood_test_validator,1361,0.010086624883115292,phase2_eval_fbb30bb4fc_s42,fbb30bb4fc,claim1
ood_test_validator,1368,0.015780754387378693,phase2_eval_fbb30bb4fc_s42,fbb30bb4fc,claim1
ood_test_validator,1369,0.012415100820362568,phase2_eval_fbb30bb4fc_s42,fbb30bb4fc,claim1
ood_test_validator,1370,0.010580156929790974,phase2_eval_fbb30bb4fc_s42,fbb30bb4fc,claim1
ood_test_validator,1385,0.012280767783522606,phase2_eval_fbb30bb4fc_s42,fbb30bb4fc,claim1
ood_test_validator,1389,0.008991159498691559,phase2_eval_fbb30bb4fc_s42,fbb30bb4fc,claim1
ood_test_validator,1390,0.008610344491899014,phase2_eval_fbb30bb4fc_s42,fbb30bb4fc,claim1
ood_test_validator,1394,0.018018707633018494,phase2_eval_fbb30bb4fc_s42,fbb30bb4fc,claim1
ood_test_validator,1400,0.008739067241549492,phase2_eval_fbb30bb4fc_s42,fbb30bb4fc,claim1
ood_test_validator,1408,0.010667326860129833,phase2_eval_fbb30bb4fc_s42,fbb30bb4fc,claim1
ood_test_validator,1416,0.01616002433001995,phase2_eval_fbb30bb4fc_s42,fbb30bb4fc,claim1
ood_test_validator,1417,0.013499505817890167,phase2_eval_fbb30bb4fc_s42,fbb30bb4fc,claim1
ood_test_validator,1424,0.010146457701921463,phase2_eval_fbb30bb4fc_s42,fbb30bb4fc,claim1
ood_test_validator,1425,0.01287758443504572,phase2_eval_fbb30bb4fc_s42,fbb30bb4fc,claim1
ood_test_validator,1437,0.01029618177562952,phase2_eval_fbb30bb4fc_s42,fbb30bb4fc,claim1
ood_test_validator,1440,0.015057972632348537,phase2_eval_fbb30bb4fc_s42,fbb30bb4fc,claim1
ood_test_validator,1446,0.016008472070097923,phase2_eval_fbb30bb4fc_s42,fbb30bb4fc,claim1
ood_test_validator,1453,0.011930398643016815,phase2_eval_fbb30bb4fc_s42,fbb30bb4fc,claim1
ood_test_validator,1456,0.00915241613984108,phase2_eval_fbb30bb4fc_s42,fbb30bb4fc,claim1
ood_test_validator,1469,0.008346772752702236,phase2_eval_fbb30bb4fc_s42,fbb30bb4fc,claim1
ood_test_validator,1475,0.01349139679223299,phase2_eval_fbb30bb4fc_s42,fbb30bb4fc,claim1
ood_test_validator,1477,0.022619277238845825,phase2_eval_fbb30bb4fc_s42,fbb30bb4fc,claim1
ood_test_validator,1480,0.021228458732366562,phase2_eval_fbb30bb4fc_s42,fbb30bb4fc,claim1
ood_test_validator,1482,0.013530999422073364,phase2_eval_fbb30bb4fc_s42,fbb30bb4fc,claim1
ood_test_validator,1500,0.01305015105754137,phase2_eval_fbb30bb4fc_s42,fbb30bb4fc,claim1
ood_test_validator,1508,0.010008194483816624,phase2_eval_fbb30bb4fc_s42,fbb30bb4fc,claim1
ood_test_validator,1510,0.00779367983341217,phase2_eval_fbb30bb4fc_s42,fbb30bb4fc,claim1
ood_test_validator,1514,0.01724289357662201,phase2_eval_fbb30bb4fc_s42,fbb30bb4fc,claim1
ood_test_validator,1543,0.006476403214037418,phase2_eval_fbb30bb4fc_s42,fbb30bb4fc,claim1
ood_test_validator,1546,0.012409339658915997,phase2_eval_fbb30bb4fc_s42,fbb30bb4fc,claim1
ood_test_validator,1547,0.010363892652094364,phase2_eval_fbb30bb4fc_s42,fbb30bb4fc,claim1
ood_test_validator,1548,0.012716918252408504,phase2_eval_fbb30bb4fc_s42,fbb30bb4fc,claim1
ood_test_validator,1551,0.006493585649877787,phase2_eval_fbb30bb4fc_s42,fbb30bb4fc,claim1
ood_test_validator,1554,0.012378610670566559,phase2_eval_fbb30bb4fc_s42,fbb30bb4fc,claim1
ood_test_validator,1555,0.010721778497099876,phase2_eval_fbb30bb4fc_s42,fbb30bb4fc,claim1
ood_test_validator,1563,0.014033251442015171,phase2_eval_fbb30bb4fc_s42,fbb30bb4fc,claim1
ood_test_validator,1568,0.022597983479499817,phase2_eval_fbb30bb4fc_s42,fbb30bb4fc,claim1
ood_test_validator,1576,0.01214809250086546,phase2_eval_fbb30bb4fc_s42,fbb30bb4fc,claim1
ood_test_validator,1577,0.013116300106048584,phase2_eval_fbb30bb4fc_s42,fbb30bb4fc,claim1
ood_test_validator,1583,0.014744102023541927,phase2_eval_fbb30bb4fc_s42,fbb30bb4fc,claim1
ood_test_validator,1603,0.012523851357400417,phase2_eval_fbb30bb4fc_s42,fbb30bb4fc,claim1
ood_test_validator,1613,0.012774997390806675,phase2_eval_fbb30bb4fc_s42,fbb30bb4fc,claim1
ood_test_validator,1615,0.014142768457531929,phase2_eval_fbb30bb4fc_s42,fbb30bb4fc,claim1
ood_test_validator,1639,0.014185979031026363,phase2_eval_fbb30bb4fc_s42,fbb30bb4fc,claim1
ood_test_validator,1642,0.010785786435008049,phase2_eval_fbb30bb4fc_s42,fbb30bb4fc,claim1
ood_test_validator,1645,0.011092150583863258,phase2_eval_fbb30bb4fc_s42,fbb30bb4fc,claim1
ood_test_validator,1646,0.014509164728224277,phase2_eval_fbb30bb4fc_s42,fbb30bb4fc,claim1
ood_test_validator,1647,0.010330762714147568,phase2_eval_fbb30bb4fc_s42,fbb30bb4fc,claim1
ood_test_validator,1648,0.010699154809117317,phase2_eval_fbb30bb4fc_s42,fbb30bb4fc,claim1
ood_test_validator,1649,0.00954603310674429,phase2_eval_fbb30bb4fc_s42,fbb30bb4fc,claim1
ood_test_validator,1653,0.011310884729027748,phase2_eval_fbb30bb4fc_s42,fbb30bb4fc,claim1
ood_test_validator,1656,0.020199745893478394,phase2_eval_fbb30bb4fc_s42,fbb30bb4fc,claim1
ood_test_validator,1665,0.010607480071485043,phase2_eval_fbb30bb4fc_s42,fbb30bb4fc,claim1
ood_test_validator,1667,0.0065240939147770405,phase2_eval_fbb30bb4fc_s42,fbb30bb4fc,claim1
ood_test_validator,1670,0.016478996723890305,phase2_eval_fbb30bb4fc_s42,fbb30bb4fc,claim1
ood_test_validator,1672,0.007872911170125008,phase2_eval_fbb30bb4fc_s42,fbb30bb4fc,claim1
ood_test_validator,1676,0.01933934912085533,phase2_eval_fbb30bb4fc_s42,fbb30bb4fc,claim1
ood_test_validator,1680,0.013962075114250183,phase2_eval_fbb30bb4fc_s42,fbb30bb4fc,claim1
ood_test_validator,1683,0.011673679575324059,phase2_eval_fbb30bb4fc_s42,fbb30bb4fc,claim1
ood_test_validator,1688,0.010143885388970375,phase2_eval_fbb30bb4fc_s42,fbb30bb4fc,claim1
ood_test_validator,1692,0.015856029465794563,phase2_eval_fbb30bb4fc_s42,fbb30bb4fc,claim1
ood_test_validator,1704,0.010080976411700249,phase2_eval_fbb30bb4fc_s42,fbb30bb4fc,claim1
ood_test_validator,1708,0.012836557812988758,phase2_eval_fbb30bb4fc_s42,fbb30bb4fc,claim1
ood_test_validator,1711,0.010895551182329655,phase2_eval_fbb30bb4fc_s42,fbb30bb4fc,claim1
ood_test_validator,1714,0.016863049939274788,phase2_eval_fbb30bb4fc_s42,fbb30bb4fc,claim1
ood_test_validator,1720,0.010500266216695309,phase2_eval_fbb30bb4fc_s42,fbb30bb4fc,claim1
ood_test_validator,1733,0.009695522487163544,phase2_eval_fbb30bb4fc_s42,fbb30bb4fc,claim1
ood_test_validator,1735,0.008016361854970455,phase2_eval_fbb30bb4fc_s42,fbb30bb4fc,claim1
ood_test_validator,1743,0.01729278825223446,phase2_eval_fbb30bb4fc_s42,fbb30bb4fc,claim1
ood_test_validator,1762,0.007781441789120436,phase2_eval_fbb30bb4fc_s42,fbb30bb4fc,claim1
ood_test_validator,1765,0.00941973365843296,phase2_eval_fbb30bb4fc_s42,fbb30bb4fc,claim1
ood_test_validator,1772,0.009202572517096996,phase2_eval_fbb30bb4fc_s42,fbb30bb4fc,claim1
ood_test_validator,1786,0.012178816832602024,phase2_eval_fbb30bb4fc_s42,fbb30bb4fc,claim1
ood_test_validator,1790,0.013426723890006542,phase2_eval_fbb30bb4fc_s42,fbb30bb4fc,claim1
ood_test_validator,1791,0.012127949856221676,phase2_eval_fbb30bb4fc_s42,fbb30bb4fc,claim1
ood_test_validator,1793,0.009097793139517307,phase2_eval_fbb30bb4fc_s42,fbb30bb4fc,claim1
ood_test_validator,1805,0.014006764627993107,phase2_eval_fbb30bb4fc_s42,fbb30bb4fc,claim1
ood_test_validator,1812,0.010908077470958233,phase2_eval_fbb30bb4fc_s42,fbb30bb4fc,claim1
ood_test_validator,1814,0.01094129215925932,phase2_eval_fbb30bb4fc_s42,fbb30bb4fc,claim1
ood_test_validator,1822,0.015883369371294975,phase2_eval_fbb30bb4fc_s42,fbb30bb4fc,claim1
ood_test_validator,1823,0.011077038943767548,phase2_eval_fbb30bb4fc_s42,fbb30bb4fc,claim1
ood_test_validator,1832,0.016253581270575523,phase2_eval_fbb30bb4fc_s42,fbb30bb4fc,claim1
ood_test_validator,1835,0.00865783542394638,phase2_eval_fbb30bb4fc_s42,fbb30bb4fc,claim1
ood_test_validator,1848,0.008744102902710438,phase2_eval_fbb30bb4fc_s42,fbb30bb4fc,claim1
ood_test_validator,1853,0.014523082412779331,phase2_eval_fbb30bb4fc_s42,fbb30bb4fc,claim1
ood_test_validator,1854,0.012459103949368,phase2_eval_fbb30bb4fc_s42,fbb30bb4fc,claim1
ood_test_validator,1856,0.01809920370578766,phase2_eval_fbb30bb4fc_s42,fbb30bb4fc,claim1
ood_test_validator,1881,0.006972712930291891,phase2_eval_fbb30bb4fc_s42,fbb30bb4fc,claim1
ood_test_validator,1891,0.010934889316558838,phase2_eval_fbb30bb4fc_s42,fbb30bb4fc,claim1
ood_test_validator,1893,0.014321716502308846,phase2_eval_fbb30bb4fc_s42,fbb30bb4fc,claim1
ood_test_validator,1897,0.017230402678251266,phase2_eval_fbb30bb4fc_s42,fbb30bb4fc,claim1
ood_test_validator,1900,0.01576746441423893,phase2_eval_fbb30bb4fc_s42,fbb30bb4fc,claim1
ood_test_validator,1908,0.021317917853593826,phase2_eval_fbb30bb4fc_s42,fbb30bb4fc,claim1
ood_test_validator,1909,0.01381675899028778,phase2_eval_fbb30bb4fc_s42,fbb30bb4fc,claim1
ood_test_validator,1911,0.016013871878385544,phase2_eval_fbb30bb4fc_s42,fbb30bb4fc,claim1
ood_test_validator,1919,0.014829661697149277,phase2_eval_fbb30bb4fc_s42,fbb30bb4fc,claim1
ood_test_validator,1925,0.019696800038218498,phase2_eval_fbb30bb4fc_s42,fbb30bb4fc,claim1
ood_test_validator,1929,0.010936740785837173,phase2_eval_fbb30bb4fc_s42,fbb30bb4fc,claim1
ood_test_validator,1938,0.010070526041090488,phase2_eval_fbb30bb4fc_s42,fbb30bb4fc,claim1
ood_test_validator,1947,0.016047948971390724,phase2_eval_fbb30bb4fc_s42,fbb30bb4fc,claim1
ood_test_validator,1949,0.006632755044847727,phase2_eval_fbb30bb4fc_s42,fbb30bb4fc,claim1
ood_test_validator,1950,0.015791749581694603,phase2_eval_fbb30bb4fc_s42,fbb30bb4fc,claim1
ood_test_validator,1959,0.016184784471988678,phase2_eval_fbb30bb4fc_s42,fbb30bb4fc,claim1
ood_test_validator,1963,0.00924037117511034,phase2_eval_fbb30bb4fc_s42,fbb30bb4fc,claim1
ood_test_validator,1968,0.011696302331984043,phase2_eval_fbb30bb4fc_s42,fbb30bb4fc,claim1
ood_test_validator,1969,0.016680380329489708,phase2_eval_fbb30bb4fc_s42,fbb30bb4fc,claim1
ood_test_validator,1970,0.013737897388637066,phase2_eval_fbb30bb4fc_s42,fbb30bb4fc,claim1
ood_test_validator,1973,0.021464280784130096,phase2_eval_fbb30bb4fc_s42,fbb30bb4fc,claim1
ood_test_validator,1983,0.008045908994972706,phase2_eval_fbb30bb4fc_s42,fbb30bb4fc,claim1
ood_test_validator,1988,0.013525749556720257,phase2_eval_fbb30bb4fc_s42,fbb30bb4fc,claim1
ood_test_validator,1991,0.016402408480644226,phase2_eval_fbb30bb4fc_s42,fbb30bb4fc,claim1
ood_test_validator,1992,0.010488474741578102,phase2_eval_fbb30bb4fc_s42,fbb30bb4fc,claim1
ood_test_validator,2000,0.015051561407744884,phase2_eval_fbb30bb4fc_s42,fbb30bb4fc,claim1
ood_test_validator,2004,0.01229968760162592,phase2_eval_fbb30bb4fc_s42,fbb30bb4fc,claim1
ood_test_validator,2010,0.01509790774434805,phase2_eval_fbb30bb4fc_s42,fbb30bb4fc,claim1
ood_test_validator,2011,0.012237446382641792,phase2_eval_fbb30bb4fc_s42,fbb30bb4fc,claim1
ood_test_validator,2012,0.006047097034752369,phase2_eval_fbb30bb4fc_s42,fbb30bb4fc,claim1
ood_test_validator,2014,0.009557872079312801,phase2_eval_fbb30bb4fc_s42,fbb30bb4fc,claim1
ood_test_validator,2016,0.011316337622702122,phase2_eval_fbb30bb4fc_s42,fbb30bb4fc,claim1
ood_test_validator,2018,0.008336768485605717,phase2_eval_fbb30bb4fc_s42,fbb30bb4fc,claim1
ood_test_validator,2024,0.018479708582162857,phase2_eval_fbb30bb4fc_s42,fbb30bb4fc,claim1
ood_test_validator,2028,0.01716417632997036,phase2_eval_fbb30bb4fc_s42,fbb30bb4fc,claim1
ood_test_validator,2029,0.01257412414997816,phase2_eval_fbb30bb4fc_s42,fbb30bb4fc,claim1
ood_test_validator,2033,0.01242163497954607,phase2_eval_fbb30bb4fc_s42,fbb30bb4fc,claim1
ood_test_validator,2042,0.022880826145410538,phase2_eval_fbb30bb4fc_s42,fbb30bb4fc,claim1
ood_test_validator,2054,0.010303991846740246,phase2_eval_fbb30bb4fc_s42,fbb30bb4fc,claim1
ood_test_validator,2059,0.00900849886238575,phase2_eval_fbb30bb4fc_s42,fbb30bb4fc,claim1
ood_test_validator,2064,0.012460459023714066,phase2_eval_fbb30bb4fc_s42,fbb30bb4fc,claim1
ood_test_validator,2071,0.00966478232294321,phase2_eval_fbb30bb4fc_s42,fbb30bb4fc,claim1
ood_test_validator,2083,0.011580446735024452,phase2_eval_fbb30bb4fc_s42,fbb30bb4fc,claim1
ood_test_validator,2088,0.012341580353677273,phase2_eval_fbb30bb4fc_s42,fbb30bb4fc,claim1
ood_test_validator,2090,0.022586358711123466,phase2_eval_fbb30bb4fc_s42,fbb30bb4fc,claim1
ood_test_validator,2099,0.012950807809829712,phase2_eval_fbb30bb4fc_s42,fbb30bb4fc,claim1
ood_test_validator,2103,0.015634512528777122,phase2_eval_fbb30bb4fc_s42,fbb30bb4fc,claim1
ood_test_validator,2107,0.018857089802622795,phase2_eval_fbb30bb4fc_s42,fbb30bb4fc,claim1
ood_test_validator,2115,0.01464871410280466,phase2_eval_fbb30bb4fc_s42,fbb30bb4fc,claim1
ood_test_validator,2122,0.016099954023957253,phase2_eval_fbb30bb4fc_s42,fbb30bb4fc,claim1
ood_test_validator,2124,0.018280059099197388,phase2_eval_fbb30bb4fc_s42,fbb30bb4fc,claim1
ood_test_validator,2138,0.017246063798666,phase2_eval_fbb30bb4fc_s42,fbb30bb4fc,claim1
ood_test_validator,2141,0.007857129909098148,phase2_eval_fbb30bb4fc_s42,fbb30bb4fc,claim1
ood_test_validator,2146,0.00752837723121047,phase2_eval_fbb30bb4fc_s42,fbb30bb4fc,claim1
ood_test_validator,2149,0.010014725849032402,phase2_eval_fbb30bb4fc_s42,fbb30bb4fc,claim1
ood_test_validator,2156,0.008432937785983086,phase2_eval_fbb30bb4fc_s42,fbb30bb4fc,claim1
ood_test_validator,2166,0.02067776396870613,phase2_eval_fbb30bb4fc_s42,fbb30bb4fc,claim1
ood_test_validator,2168,0.023914774879813194,phase2_eval_fbb30bb4fc_s42,fbb30bb4fc,claim1
ood_test_validator,2180,0.010522234253585339,phase2_eval_fbb30bb4fc_s42,fbb30bb4fc,claim1
ood_test_validator,2187,0.00884129200130701,phase2_eval_fbb30bb4fc_s42,fbb30bb4fc,claim1
ood_test_validator,2194,0.008164936676621437,phase2_eval_fbb30bb4fc_s42,fbb30bb4fc,claim1
ood_test_validator,2201,0.00984712690114975,phase2_eval_fbb30bb4fc_s42,fbb30bb4fc,claim1
ood_test_validator,2205,0.012014956213533878,phase2_eval_fbb30bb4fc_s42,fbb30bb4fc,claim1
ood_test_validator,2228,0.009160678833723068,phase2_eval_fbb30bb4fc_s42,fbb30bb4fc,claim1
ood_test_validator,2233,0.02030302584171295,phase2_eval_fbb30bb4fc_s42,fbb30bb4fc,claim1
ood_test_validator,2241,0.01769101992249489,phase2_eval_fbb30bb4fc_s42,fbb30bb4fc,claim1
ood_test_validator,2248,0.011757505126297474,phase2_eval_fbb30bb4fc_s42,fbb30bb4fc,claim1
ood_test_validator,2249,0.019696056842803955,phase2_eval_fbb30bb4fc_s42,fbb30bb4fc,claim1
ood_test_validator,2250,0.00811978429555893,phase2_eval_fbb30bb4fc_s42,fbb30bb4fc,claim1
ood_test_validator,2252,0.024325869977474213,phase2_eval_fbb30bb4fc_s42,fbb30bb4fc,claim1
ood_test_validator,2258,0.014307035133242607,phase2_eval_fbb30bb4fc_s42,fbb30bb4fc,claim1
ood_test_validator,2265,0.00782347284257412,phase2_eval_fbb30bb4fc_s42,fbb30bb4fc,claim1
ood_test_validator,2267,0.012122266925871372,phase2_eval_fbb30bb4fc_s42,fbb30bb4fc,claim1
ood_test_validator,2276,0.008477452211081982,phase2_eval_fbb30bb4fc_s42,fbb30bb4fc,claim1
ood_test_validator,2278,0.01510888896882534,phase2_eval_fbb30bb4fc_s42,fbb30bb4fc,claim1
ood_test_validator,2282,0.008975508622825146,phase2_eval_fbb30bb4fc_s42,fbb30bb4fc,claim1
ood_test_validator,2298,0.0225309319794178,phase2_eval_fbb30bb4fc_s42,fbb30bb4fc,claim1
ood_test_validator,2299,0.011988445185124874,phase2_eval_fbb30bb4fc_s42,fbb30bb4fc,claim1
ood_test_validator,2302,0.01139184832572937,phase2_eval_fbb30bb4fc_s42,fbb30bb4fc,claim1
ood_test_validator,2308,0.02318449690937996,phase2_eval_fbb30bb4fc_s42,fbb30bb4fc,claim1
ood_test_validator,2313,0.010200385935604572,phase2_eval_fbb30bb4fc_s42,fbb30bb4fc,claim1
ood_test_validator,2320,0.011417602188885212,phase2_eval_fbb30bb4fc_s42,fbb30bb4fc,claim1
ood_test_validator,2324,0.010217995382845402,phase2_eval_fbb30bb4fc_s42,fbb30bb4fc,claim1
ood_test_validator,2329,0.016236741095781326,phase2_eval_fbb30bb4fc_s42,fbb30bb4fc,claim1
ood_test_validator,2333,0.014091149903833866,phase2_eval_fbb30bb4fc_s42,fbb30bb4fc,claim1
ood_test_validator,2335,0.016055705025792122,phase2_eval_fbb30bb4fc_s42,fbb30bb4fc,claim1
ood_test_validator,2343,0.015867048874497414,phase2_eval_fbb30bb4fc_s42,fbb30bb4fc,claim1
ood_test_validator,2349,0.009113111533224583,phase2_eval_fbb30bb4fc_s42,fbb30bb4fc,claim1
ood_test_validator,2351,0.011984670534729958,phase2_eval_fbb30bb4fc_s42,fbb30bb4fc,claim1
ood_test_validator,2358,0.014261138625442982,phase2_eval_fbb30bb4fc_s42,fbb30bb4fc,claim1
ood_test_validator,2359,0.008719243109226227,phase2_eval_fbb30bb4fc_s42,fbb30bb4fc,claim1
ood_test_validator,2363,0.007212038151919842,phase2_eval_fbb30bb4fc_s42,fbb30bb4fc,claim1
ood_test_validator,2365,0.013021242804825306,phase2_eval_fbb30bb4fc_s42,fbb30bb4fc,claim1
ood_test_validator,2366,0.012029279954731464,phase2_eval_fbb30bb4fc_s42,fbb30bb4fc,claim1
ood_test_validator,2367,0.01628999598324299,phase2_eval_fbb30bb4fc_s42,fbb30bb4fc,claim1
ood_test_validator,2368,0.010587691329419613,phase2_eval_fbb30bb4fc_s42,fbb30bb4fc,claim1
ood_test_validator,2369,0.013552095741033554,phase2_eval_fbb30bb4fc_s42,fbb30bb4fc,claim1
ood_test_validator,2373,0.021483495831489563,phase2_eval_fbb30bb4fc_s42,fbb30bb4fc,claim1
ood_test_validator,2375,0.015320604667067528,phase2_eval_fbb30bb4fc_s42,fbb30bb4fc,claim1
ood_test_validator,2379,0.011639898642897606,phase2_eval_fbb30bb4fc_s42,fbb30bb4fc,claim1
ood_test_validator,2380,0.010520904324948788,phase2_eval_fbb30bb4fc_s42,fbb30bb4fc,claim1
ood_test_validator,2399,0.009550676681101322,phase2_eval_fbb30bb4fc_s42,fbb30bb4fc,claim1
ood_test_validator,2400,0.010645485483109951,phase2_eval_fbb30bb4fc_s42,fbb30bb4fc,claim1
ood_test_validator,2407,0.014204715378582478,phase2_eval_fbb30bb4fc_s42,fbb30bb4fc,claim1
ood_test_validator,2416,0.02319132722914219,phase2_eval_fbb30bb4fc_s42,fbb30bb4fc,claim1
ood_test_validator,2417,0.009021272882819176,phase2_eval_fbb30bb4fc_s42,fbb30bb4fc,claim1
ood_test_validator,2419,0.013501948677003384,phase2_eval_fbb30bb4fc_s42,fbb30bb4fc,claim1
ood_test_validator,2421,0.015568875707685947,phase2_eval_fbb30bb4fc_s42,fbb30bb4fc,claim1
ood_test_validator,2425,0.010459345765411854,phase2_eval_fbb30bb4fc_s42,fbb30bb4fc,claim1
ood_test_validator,2426,0.021505260840058327,phase2_eval_fbb30bb4fc_s42,fbb30bb4fc,claim1
ood_test_validator,2427,0.01447078213095665,phase2_eval_fbb30bb4fc_s42,fbb30bb4fc,claim1
ood_test_validator,2428,0.018603205680847168,phase2_eval_fbb30bb4fc_s42,fbb30bb4fc,claim1
ood_test_validator,2430,0.011752105318009853,phase2_eval_fbb30bb4fc_s42,fbb30bb4fc,claim1
ood_test_validator,2431,0.01370949950069189,phase2_eval_fbb30bb4fc_s42,fbb30bb4fc,claim1
ood_test_validator,2437,0.02027704007923603,phase2_eval_fbb30bb4fc_s42,fbb30bb4fc,claim1
ood_test_validator,2443,0.011554190889000893,phase2_eval_fbb30bb4fc_s42,fbb30bb4fc,claim1
ood_test_validator,2453,0.016151616349816322,phase2_eval_fbb30bb4fc_s42,fbb30bb4fc,claim1
ood_test_validator,2457,0.008558761328458786,phase2_eval_fbb30bb4fc_s42,fbb30bb4fc,claim1
ood_test_validator,2460,0.01357691828161478,phase2_eval_fbb30bb4fc_s42,fbb30bb4fc,claim1
ood_test_validator,2467,0.014965870417654514,phase2_eval_fbb30bb4fc_s42,fbb30bb4fc,claim1
ood_test_validator,2468,0.017450813204050064,phase2_eval_fbb30bb4fc_s42,fbb30bb4fc,claim1
ood_test_validator,2470,0.011198406107723713,phase2_eval_fbb30bb4fc_s42,fbb30bb4fc,claim1
ood_test_validator,2474,0.009563999250531197,phase2_eval_fbb30bb4fc_s42,fbb30bb4fc,claim1
ood_test_validator,2478,0.017915690317749977,phase2_eval_fbb30bb4fc_s42,fbb30bb4fc,claim1
ood_test_validator,2482,0.010186295956373215,phase2_eval_fbb30bb4fc_s42,fbb30bb4fc,claim1
ood_test_validator,2492,0.007952126674354076,phase2_eval_fbb30bb4fc_s42,fbb30bb4fc,claim1
ood_test_validator,2493,0.008908429183065891,phase2_eval_fbb30bb4fc_s42,fbb30bb4fc,claim1
ood_test_validator,2494,0.011166918091475964,phase2_eval_fbb30bb4fc_s42,fbb30bb4fc,claim1
ood_test_validator,2497,0.023185163736343384,phase2_eval_fbb30bb4fc_s42,fbb30bb4fc,claim1
ood_test_validator,2500,0.015990102663636208,phase2_eval_fbb30bb4fc_s42,fbb30bb4fc,claim1
ood_test_validator,2501,0.009660661220550537,phase2_eval_fbb30bb4fc_s42,fbb30bb4fc,claim1
ood_test_validator,2508,0.01202266663312912,phase2_eval_fbb30bb4fc_s42,fbb30bb4fc,claim1
ood_test_validator,2511,0.010009032674133778,phase2_eval_fbb30bb4fc_s42,fbb30bb4fc,claim1
ood_test_validator,2514,0.009151225909590721,phase2_eval_fbb30bb4fc_s42,fbb30bb4fc,claim1
ood_test_validator,2518,0.016699321568012238,phase2_eval_fbb30bb4fc_s42,fbb30bb4fc,claim1
ood_test_validator,2521,0.00988025777041912,phase2_eval_fbb30bb4fc_s42,fbb30bb4fc,claim1
ood_test_validator,2523,0.017179198563098907,phase2_eval_fbb30bb4fc_s42,fbb30bb4fc,claim1
ood_test_validator,2534,0.00895993784070015,phase2_eval_fbb30bb4fc_s42,fbb30bb4fc,claim1
ood_test_validator,2536,0.015452134422957897,phase2_eval_fbb30bb4fc_s42,fbb30bb4fc,claim1
ood_test_validator,2541,0.010785846970975399,phase2_eval_fbb30bb4fc_s42,fbb30bb4fc,claim1
ood_test_validator,2563,0.011757312342524529,phase2_eval_fbb30bb4fc_s42,fbb30bb4fc,claim1
ood_test_validator,2564,0.008010190911591053,phase2_eval_fbb30bb4fc_s42,fbb30bb4fc,claim1
ood_test_validator,2569,0.013596971519291401,phase2_eval_fbb30bb4fc_s42,fbb30bb4fc,claim1
ood_test_validator,2572,0.007470002863556147,phase2_eval_fbb30bb4fc_s42,fbb30bb4fc,claim1
ood_test_validator,2583,0.01540170144289732,phase2_eval_fbb30bb4fc_s42,fbb30bb4fc,claim1
ood_test_validator,2590,0.012041456066071987,phase2_eval_fbb30bb4fc_s42,fbb30bb4fc,claim1
ood_test_validator,2592,0.012016890570521355,phase2_eval_fbb30bb4fc_s42,fbb30bb4fc,claim1
ood_test_validator,2596,0.017274662852287292,phase2_eval_fbb30bb4fc_s42,fbb30bb4fc,claim1
ood_test_validator,2606,0.009347994811832905,phase2_eval_fbb30bb4fc_s42,fbb30bb4fc,claim1
ood_test_validator,2607,0.016571853309869766,phase2_eval_fbb30bb4fc_s42,fbb30bb4fc,claim1
ood_test_validator,2608,0.01035080011934042,phase2_eval_fbb30bb4fc_s42,fbb30bb4fc,claim1
ood_test_validator,2609,0.014993084594607353,phase2_eval_fbb30bb4fc_s42,fbb30bb4fc,claim1
ood_test_validator,2614,0.007489724084734917,phase2_eval_fbb30bb4fc_s42,fbb30bb4fc,claim1
ood_test_validator,2616,0.01221990305930376,phase2_eval_fbb30bb4fc_s42,fbb30bb4fc,claim1
ood_test_validator,2620,0.023215463384985924,phase2_eval_fbb30bb4fc_s42,fbb30bb4fc,claim1
ood_test_validator,2634,0.016130907461047173,phase2_eval_fbb30bb4fc_s42,fbb30bb4fc,claim1
ood_test_validator,2635,0.013079872354865074,phase2_eval_fbb30bb4fc_s42,fbb30bb4fc,claim1
ood_test_validator,2637,0.010036986321210861,phase2_eval_fbb30bb4fc_s42,fbb30bb4fc,claim1
ood_test_validator,2640,0.014967672526836395,phase2_eval_fbb30bb4fc_s42,fbb30bb4fc,claim1
ood_test_validator,2644,0.008800637908279896,phase2_eval_fbb30bb4fc_s42,fbb30bb4fc,claim1
ood_test_validator,2645,0.011787700466811657,phase2_eval_fbb30bb4fc_s42,fbb30bb4fc,claim1
ood_test_validator,2649,0.0113743357360363,phase2_eval_fbb30bb4fc_s42,fbb30bb4fc,claim1
ood_test_validator,2652,0.015947313979268074,phase2_eval_fbb30bb4fc_s42,fbb30bb4fc,claim1
ood_test_validator,2653,0.009052339941263199,phase2_eval_fbb30bb4fc_s42,fbb30bb4fc,claim1
ood_test_validator,2655,0.0066152298822999,phase2_eval_fbb30bb4fc_s42,fbb30bb4fc,claim1
ood_test_validator,2659,0.025039363652467728,phase2_eval_fbb30bb4fc_s42,fbb30bb4fc,claim1
ood_test_validator,2663,0.009479699656367302,phase2_eval_fbb30bb4fc_s42,fbb30bb4fc,claim1
ood_test_validator,2668,0.02133861742913723,phase2_eval_fbb30bb4fc_s42,fbb30bb4fc,claim1
ood_test_validator,2673,0.013557959347963333,phase2_eval_fbb30bb4fc_s42,fbb30bb4fc,claim1
ood_test_validator,2679,0.008789521642029285,phase2_eval_fbb30bb4fc_s42,fbb30bb4fc,claim1
ood_test_validator,2683,0.011163793504238129,phase2_eval_fbb30bb4fc_s42,fbb30bb4fc,claim1
ood_test_validator,2686,0.013145633973181248,phase2_eval_fbb30bb4fc_s42,fbb30bb4fc,claim1
ood_test_validator,2690,0.012044412083923817,phase2_eval_fbb30bb4fc_s42,fbb30bb4fc,claim1
ood_test_validator,2693,0.019001968204975128,phase2_eval_fbb30bb4fc_s42,fbb30bb4fc,claim1
ood_test_validator,2696,0.014778177253901958,phase2_eval_fbb30bb4fc_s42,fbb30bb4fc,claim1
ood_test_validator,2702,0.0234744343906641,phase2_eval_fbb30bb4fc_s42,fbb30bb4fc,claim1
ood_test_validator,2710,0.009311126545071602,phase2_eval_fbb30bb4fc_s42,fbb30bb4fc,claim1
ood_test_validator,2712,0.012974723242223263,phase2_eval_fbb30bb4fc_s42,fbb30bb4fc,claim1
ood_test_validator,2719,0.01246912032365799,phase2_eval_fbb30bb4fc_s42,fbb30bb4fc,claim1
ood_test_validator,2720,0.012165209278464317,phase2_eval_fbb30bb4fc_s42,fbb30bb4fc,claim1
ood_test_validator,2723,0.016728360205888748,phase2_eval_fbb30bb4fc_s42,fbb30bb4fc,claim1
ood_test_validator,2724,0.01643846184015274,phase2_eval_fbb30bb4fc_s42,fbb30bb4fc,claim1
ood_test_validator,2726,0.009771469980478287,phase2_eval_fbb30bb4fc_s42,fbb30bb4fc,claim1
ood_test_validator,2729,0.015555290505290031,phase2_eval_fbb30bb4fc_s42,fbb30bb4fc,claim1
ood_test_validator,2742,0.009390936233103275,phase2_eval_fbb30bb4fc_s42,fbb30bb4fc,claim1
ood_test_validator,2759,0.011245657689869404,phase2_eval_fbb30bb4fc_s42,fbb30bb4fc,claim1
ood_test_validator,2764,0.007151932455599308,phase2_eval_fbb30bb4fc_s42,fbb30bb4fc,claim1
ood_test_validator,2770,0.00887485034763813,phase2_eval_fbb30bb4fc_s42,fbb30bb4fc,claim1
ood_test_validator,2780,0.013997221365571022,phase2_eval_fbb30bb4fc_s42,fbb30bb4fc,claim1
ood_test_validator,2788,0.013137401081621647,phase2_eval_fbb30bb4fc_s42,fbb30bb4fc,claim1
ood_test_validator,2789,0.023700548335909843,phase2_eval_fbb30bb4fc_s42,fbb30bb4fc,claim1
ood_test_validator,2793,0.007963085547089577,phase2_eval_fbb30bb4fc_s42,fbb30bb4fc,claim1
ood_test_validator,2794,0.012636848725378513,phase2_eval_fbb30bb4fc_s42,fbb30bb4fc,claim1
ood_test_validator,2802,0.008957389742136002,phase2_eval_fbb30bb4fc_s42,fbb30bb4fc,claim1
ood_test_validator,2806,0.01667044870555401,phase2_eval_fbb30bb4fc_s42,fbb30bb4fc,claim1
ood_test_validator,2817,0.006867642980068922,phase2_eval_fbb30bb4fc_s42,fbb30bb4fc,claim1
ood_test_validator,2822,0.023548118770122528,phase2_eval_fbb30bb4fc_s42,fbb30bb4fc,claim1
ood_test_validator,2829,0.013582644052803516,phase2_eval_fbb30bb4fc_s42,fbb30bb4fc,claim1
ood_test_validator,2835,0.007168324664235115,phase2_eval_fbb30bb4fc_s42,fbb30bb4fc,claim1
ood_test_validator,2842,0.010790186934173107,phase2_eval_fbb30bb4fc_s42,fbb30bb4fc,claim1
ood_test_validator,2846,0.012628688476979733,phase2_eval_fbb30bb4fc_s42,fbb30bb4fc,claim1
ood_test_validator,2850,0.013547515496611595,phase2_eval_fbb30bb4fc_s42,fbb30bb4fc,claim1
ood_test_validator,2853,0.008308296091854572,phase2_eval_fbb30bb4fc_s42,fbb30bb4fc,claim1
ood_test_validator,2854,0.010690276511013508,phase2_eval_fbb30bb4fc_s42,fbb30bb4fc,claim1
ood_test_validator,2860,0.014083470217883587,phase2_eval_fbb30bb4fc_s42,fbb30bb4fc,claim1
ood_test_validator,2864,0.019068017601966858,phase2_eval_fbb30bb4fc_s42,fbb30bb4fc,claim1
ood_test_validator,2874,0.012022831477224827,phase2_eval_fbb30bb4fc_s42,fbb30bb4fc,claim1
ood_test_validator,2878,0.01271954644471407,phase2_eval_fbb30bb4fc_s42,fbb30bb4fc,claim1
ood_test_validator,2890,0.017687268555164337,phase2_eval_fbb30bb4fc_s42,fbb30bb4fc,claim1
ood_test_validator,2899,0.007519224658608437,phase2_eval_fbb30bb4fc_s42,fbb30bb4fc,claim1
ood_test_validator,2900,0.008629944175481796,phase2_eval_fbb30bb4fc_s42,fbb30bb4fc,claim1
ood_test_validator,2906,0.015431493520736694,phase2_eval_fbb30bb4fc_s42,fbb30bb4fc,claim1
ood_test_validator,2907,0.021965444087982178,phase2_eval_fbb30bb4fc_s42,fbb30bb4fc,claim1
ood_test_validator,2922,0.01171418372541666,phase2_eval_fbb30bb4fc_s42,fbb30bb4fc,claim1
ood_test_validator,2924,0.009258290752768517,phase2_eval_fbb30bb4fc_s42,fbb30bb4fc,claim1
ood_test_validator,2926,0.007784686516970396,phase2_eval_fbb30bb4fc_s42,fbb30bb4fc,claim1
ood_test_validator,2931,0.008072152733802795,phase2_eval_fbb30bb4fc_s42,fbb30bb4fc,claim1
ood_test_validator,2946,0.006319315172731876,phase2_eval_fbb30bb4fc_s42,fbb30bb4fc,claim1
ood_test_validator,2955,0.015124354511499405,phase2_eval_fbb30bb4fc_s42,fbb30bb4fc,claim1
ood_test_validator,2957,0.007609138265252113,phase2_eval_fbb30bb4fc_s42,fbb30bb4fc,claim1
ood_test_validator,2958,0.013651843182742596,phase2_eval_fbb30bb4fc_s42,fbb30bb4fc,claim1
ood_test_validator,2972,0.008085574023425579,phase2_eval_fbb30bb4fc_s42,fbb30bb4fc,claim1
ood_test_validator,2975,0.016331082209944725,phase2_eval_fbb30bb4fc_s42,fbb30bb4fc,claim1
ood_test_validator,2978,0.01581943966448307,phase2_eval_fbb30bb4fc_s42,fbb30bb4fc,claim1
ood_test_validator,2980,0.011875956319272518,phase2_eval_fbb30bb4fc_s42,fbb30bb4fc,claim1
ood_test_validator,2985,0.010836871340870857,phase2_eval_fbb30bb4fc_s42,fbb30bb4fc,claim1
ood_test_validator,2989,0.010305606760084629,phase2_eval_fbb30bb4fc_s42,fbb30bb4fc,claim1
ood_test_validator,3002,0.014469933696091175,phase2_eval_fbb30bb4fc_s42,fbb30bb4fc,claim1
ood_test_validator,3004,0.012280957773327827,phase2_eval_fbb30bb4fc_s42,fbb30bb4fc,claim1
ood_test_validator,3013,0.008019309490919113,phase2_eval_fbb30bb4fc_s42,fbb30bb4fc,claim1
ood_test_validator,3017,0.01677769608795643,phase2_eval_fbb30bb4fc_s42,fbb30bb4fc,claim1
ood_test_validator,3021,0.009906857274472713,phase2_eval_fbb30bb4fc_s42,fbb30bb4fc,claim1
ood_test_validator,3029,0.01649744063615799,phase2_eval_fbb30bb4fc_s42,fbb30bb4fc,claim1
ood_test_validator,3030,0.013164396397769451,phase2_eval_fbb30bb4fc_s42,fbb30bb4fc,claim1
ood_test_validator,3032,0.013783713802695274,phase2_eval_fbb30bb4fc_s42,fbb30bb4fc,claim1
ood_test_validator,3035,0.013858086429536343,phase2_eval_fbb30bb4fc_s42,fbb30bb4fc,claim1
ood_test_validator,3037,0.014057681895792484,phase2_eval_fbb30bb4fc_s42,fbb30bb4fc,claim1
ood_test_validator,3054,0.01247072871774435,phase2_eval_fbb30bb4fc_s42,fbb30bb4fc,claim1
ood_test_validator,3055,0.014778798446059227,phase2_eval_fbb30bb4fc_s42,fbb30bb4fc,claim1
ood_test_validator,3057,0.013236373662948608,phase2_eval_fbb30bb4fc_s42,fbb30bb4fc,claim1
ood_test_validator,3068,0.016055287793278694,phase2_eval_fbb30bb4fc_s42,fbb30bb4fc,claim1
ood_test_validator,3069,0.016835294663906097,phase2_eval_fbb30bb4fc_s42,fbb30bb4fc,claim1
ood_test_validator,3071,0.00984781701117754,phase2_eval_fbb30bb4fc_s42,fbb30bb4fc,claim1
ood_test_validator,3075,0.012144164182245731,phase2_eval_fbb30bb4fc_s42,fbb30bb4fc,claim1
ood_test_validator,3091,0.013346989639103413,phase2_eval_fbb30bb4fc_s42,fbb30bb4fc,claim1
ood_test_validator,3093,0.010734540410339832,phase2_eval_fbb30bb4fc_s42,fbb30bb4fc,claim1
ood_test_validator,3094,0.009199699386954308,phase2_eval_fbb30bb4fc_s42,fbb30bb4fc,claim1
ood_test_validator,3098,0.008358563296496868,phase2_eval_fbb30bb4fc_s42,fbb30bb4fc,claim1
ood_test_validator,3104,0.015802882611751556,phase2_eval_fbb30bb4fc_s42,fbb30bb4fc,claim1
ood_test_validator,3110,0.016064070165157318,phase2_eval_fbb30bb4fc_s42,fbb30bb4fc,claim1
ood_test_validator,3116,0.014281942509114742,phase2_eval_fbb30bb4fc_s42,fbb30bb4fc,claim1
ood_test_validator,3123,0.015732139348983765,phase2_eval_fbb30bb4fc_s42,fbb30bb4fc,claim1
ood_test_validator,3124,0.012690001167356968,phase2_eval_fbb30bb4fc_s42,fbb30bb4fc,claim1
ood_test_validator,3127,0.010615982115268707,phase2_eval_fbb30bb4fc_s42,fbb30bb4fc,claim1
ood_test_validator,3135,0.012611016631126404,phase2_eval_fbb30bb4fc_s42,fbb30bb4fc,claim1
ood_test_validator,3136,0.010063453577458858,phase2_eval_fbb30bb4fc_s42,fbb30bb4fc,claim1
ood_test_validator,3139,0.018256736919283867,phase2_eval_fbb30bb4fc_s42,fbb30bb4fc,claim1
ood_test_validator,3141,0.007682173978537321,phase2_eval_fbb30bb4fc_s42,fbb30bb4fc,claim1
ood_test_validator,3144,0.009810603223741055,phase2_eval_fbb30bb4fc_s42,fbb30bb4fc,claim1
ood_test_validator,3146,0.008160642348229885,phase2_eval_fbb30bb4fc_s42,fbb30bb4fc,claim1
ood_test_validator,3149,0.014686510898172855,phase2_eval_fbb30bb4fc_s42,fbb30bb4fc,claim1
ood_test_validator,3151,0.01404048502445221,phase2_eval_fbb30bb4fc_s42,fbb30bb4fc,claim1
ood_test_validator,3159,0.011529727838933468,phase2_eval_fbb30bb4fc_s42,fbb30bb4fc,claim1
ood_test_validator,3167,0.011401827447116375,phase2_eval_fbb30bb4fc_s42,fbb30bb4fc,claim1
ood_test_validator,3171,0.010832533240318298,phase2_eval_fbb30bb4fc_s42,fbb30bb4fc,claim1
ood_test_validator,3173,0.009938666597008705,phase2_eval_fbb30bb4fc_s42,fbb30bb4fc,claim1
ood_test_validator,3191,0.007928325794637203,phase2_eval_fbb30bb4fc_s42,fbb30bb4fc,claim1
ood_test_validator,3197,0.009977702051401138,phase2_eval_fbb30bb4fc_s42,fbb30bb4fc,claim1
ood_test_validator,3199,0.014555202797055244,phase2_eval_fbb30bb4fc_s42,fbb30bb4fc,claim1
ood_test_validator,3202,0.019409682601690292,phase2_eval_fbb30bb4fc_s42,fbb30bb4fc,claim1
ood_test_validator,3210,0.010740433819591999,phase2_eval_fbb30bb4fc_s42,fbb30bb4fc,claim1
ood_test_validator,3212,0.010113955475389957,phase2_eval_fbb30bb4fc_s42,fbb30bb4fc,claim1
ood_test_validator,3217,0.011490416713058949,phase2_eval_fbb30bb4fc_s42,fbb30bb4fc,claim1
ood_test_validator,3229,0.010887663811445236,phase2_eval_fbb30bb4fc_s42,fbb30bb4fc,claim1
ood_test_validator,3240,0.014402088709175587,phase2_eval_fbb30bb4fc_s42,fbb30bb4fc,claim1
ood_test_validator,3242,0.01079518347978592,phase2_eval_fbb30bb4fc_s42,fbb30bb4fc,claim1
ood_test_validator,3244,0.014752255752682686,phase2_eval_fbb30bb4fc_s42,fbb30bb4fc,claim1
ood_test_validator,3260,0.011063644662499428,phase2_eval_fbb30bb4fc_s42,fbb30bb4fc,claim1
ood_test_validator,3266,0.01283943746238947,phase2_eval_fbb30bb4fc_s42,fbb30bb4fc,claim1
ood_test_validator,3271,0.01549514476209879,phase2_eval_fbb30bb4fc_s42,fbb30bb4fc,claim1
ood_test_validator,3284,0.010892360471189022,phase2_eval_fbb30bb4fc_s42,fbb30bb4fc,claim1
ood_test_validator,3287,0.017117809504270554,phase2_eval_fbb30bb4fc_s42,fbb30bb4fc,claim1
ood_test_validator,3292,0.016353825107216835,phase2_eval_fbb30bb4fc_s42,fbb30bb4fc,claim1
ood_test_validator,3293,0.009979180060327053,phase2_eval_fbb30bb4fc_s42,fbb30bb4fc,claim1
ood_test_validator,3298,0.023819122463464737,phase2_eval_fbb30bb4fc_s42,fbb30bb4fc,claim1
ood_test_validator,3308,0.010500154457986355,phase2_eval_fbb30bb4fc_s42,fbb30bb4fc,claim1
ood_test_validator,3322,0.006244302727282047,phase2_eval_fbb30bb4fc_s42,fbb30bb4fc,claim1
ood_test_validator,3326,0.011807492934167385,phase2_eval_fbb30bb4fc_s42,fbb30bb4fc,claim1
ood_test_validator,3331,0.006994571536779404,phase2_eval_fbb30bb4fc_s42,fbb30bb4fc,claim1
ood_test_validator,3333,0.009263462387025356,phase2_eval_fbb30bb4fc_s42,fbb30bb4fc,claim1
ood_test_validator,3339,0.010176492854952812,phase2_eval_fbb30bb4fc_s42,fbb30bb4fc,claim1
ood_test_validator,3344,0.014049569144845009,phase2_eval_fbb30bb4fc_s42,fbb30bb4fc,claim1
ood_test_validator,3357,0.01177124958485365,phase2_eval_fbb30bb4fc_s42,fbb30bb4fc,claim1
ood_test_validator,3367,0.016788139939308167,phase2_eval_fbb30bb4fc_s42,fbb30bb4fc,claim1
ood_test_validator,3369,0.009994941763579845,phase2_eval_fbb30bb4fc_s42,fbb30bb4fc,claim1
ood_test_validator,3372,0.017360856756567955,phase2_eval_fbb30bb4fc_s42,fbb30bb4fc,claim1
ood_test_validator,3376,0.009853572584688663,phase2_eval_fbb30bb4fc_s42,fbb30bb4fc,claim1
ood_test_validator,3381,0.02259027771651745,phase2_eval_fbb30bb4fc_s42,fbb30bb4fc,claim1
ood_test_validator,3382,0.009502212516963482,phase2_eval_fbb30bb4fc_s42,fbb30bb4fc,claim1
ood_test_validator,3384,0.011079564690589905,phase2_eval_fbb30bb4fc_s42,fbb30bb4fc,claim1
ood_test_validator,3398,0.012694917619228363,phase2_eval_fbb30bb4fc_s42,fbb30bb4fc,claim1
ood_test_validator,3399,0.01284265611320734,phase2_eval_fbb30bb4fc_s42,fbb30bb4fc,claim1
ood_test_validator,3401,0.008623188361525536,phase2_eval_fbb30bb4fc_s42,fbb30bb4fc,claim1
ood_test_validator,3404,0.015199434012174606,phase2_eval_fbb30bb4fc_s42,fbb30bb4fc,claim1
ood_test_validator,3407,0.009346675127744675,phase2_eval_fbb30bb4fc_s42,fbb30bb4fc,claim1
ood_test_validator,3408,0.006752979010343552,phase2_eval_fbb30bb4fc_s42,fbb30bb4fc,claim1
ood_test_validator,3412,0.025990594178438187,phase2_eval_fbb30bb4fc_s42,fbb30bb4fc,claim1
ood_test_validator,3417,0.0074248360469937325,phase2_eval_fbb30bb4fc_s42,fbb30bb4fc,claim1
ood_test_validator,3418,0.00843664351850748,phase2_eval_fbb30bb4fc_s42,fbb30bb4fc,claim1
ood_test_validator,3422,0.014657997526228428,phase2_eval_fbb30bb4fc_s42,fbb30bb4fc,claim1
ood_test_validator,3424,0.00748406583443284,phase2_eval_fbb30bb4fc_s42,fbb30bb4fc,claim1
ood_test_validator,3425,0.007596672512590885,phase2_eval_fbb30bb4fc_s42,fbb30bb4fc,claim1
ood_test_validator,3431,0.006466501858085394,phase2_eval_fbb30bb4fc_s42,fbb30bb4fc,claim1
ood_test_validator,3432,0.006239175796508789,phase2_eval_fbb30bb4fc_s42,fbb30bb4fc,claim1
ood_test_validator,3436,0.011891378089785576,phase2_eval_fbb30bb4fc_s42,fbb30bb4fc,claim1
ood_test_validator,3441,0.012830415740609169,phase2_eval_fbb30bb4fc_s42,fbb30bb4fc,claim1
ood_test_validator,3443,0.009700480848550797,phase2_eval_fbb30bb4fc_s42,fbb30bb4fc,claim1
ood_test_validator,3444,0.019500553607940674,phase2_eval_fbb30bb4fc_s42,fbb30bb4fc,claim1
ood_test_validator,3450,0.007375050336122513,phase2_eval_fbb30bb4fc_s42,fbb30bb4fc,claim1
ood_test_validator,3452,0.010267123579978943,phase2_eval_fbb30bb4fc_s42,fbb30bb4fc,claim1
ood_test_validator,3456,0.0171549953520298,phase2_eval_fbb30bb4fc_s42,fbb30bb4fc,claim1
ood_test_validator,3457,0.012487980537116528,phase2_eval_fbb30bb4fc_s42,fbb30bb4fc,claim1
ood_test_validator,3468,0.016011672094464302,phase2_eval_fbb30bb4fc_s42,fbb30bb4fc,claim1
ood_test_validator,3470,0.025590717792510986,phase2_eval_fbb30bb4fc_s42,fbb30bb4fc,claim1
ood_test_validator,3477,0.007728894706815481,phase2_eval_fbb30bb4fc_s42,fbb30bb4fc,claim1
ood_test_validator,3485,0.019351068884134293,phase2_eval_fbb30bb4fc_s42,fbb30bb4fc,claim1
ood_test_validator,3501,0.01981118507683277,phase2_eval_fbb30bb4fc_s42,fbb30bb4fc,claim1
ood_test_validator,3502,0.009884478524327278,phase2_eval_fbb30bb4fc_s42,fbb30bb4fc,claim1
ood_test_validator,3503,0.01318530272692442,phase2_eval_fbb30bb4fc_s42,fbb30bb4fc,claim1
ood_test_validator,3508,0.0059921471402049065,phase2_eval_fbb30bb4fc_s42,fbb30bb4fc,claim1
ood_test_validator,3512,0.01381599996238947,phase2_eval_fbb30bb4fc_s42,fbb30bb4fc,claim1
ood_test_validator,3517,0.010270996950566769,phase2_eval_fbb30bb4fc_s42,fbb30bb4fc,claim1
ood_test_validator,3518,0.009294860064983368,phase2_eval_fbb30bb4fc_s42,fbb30bb4fc,claim1
ood_test_validator,3522,0.009248788468539715,phase2_eval_fbb30bb4fc_s42,fbb30bb4fc,claim1
ood_test_validator,3524,0.010701439343392849,phase2_eval_fbb30bb4fc_s42,fbb30bb4fc,claim1
ood_test_validator,3529,0.011078476905822754,phase2_eval_fbb30bb4fc_s42,fbb30bb4fc,claim1
ood_test_validator,3532,0.013471509329974651,phase2_eval_fbb30bb4fc_s42,fbb30bb4fc,claim1
ood_test_validator,3533,0.014682571403682232,phase2_eval_fbb30bb4fc_s42,fbb30bb4fc,claim1
ood_test_validator,3547,0.01860489882528782,phase2_eval_fbb30bb4fc_s42,fbb30bb4fc,claim1
ood_test_validator,3556,0.011524772271513939,phase2_eval_fbb30bb4fc_s42,fbb30bb4fc,claim1
ood_test_validator,3557,0.010752121917903423,phase2_eval_fbb30bb4fc_s42,fbb30bb4fc,claim1
ood_test_validator,3559,0.0113539332523942,phase2_eval_fbb30bb4fc_s42,fbb30bb4fc,claim1
ood_test_validator,3568,0.00869621429592371,phase2_eval_fbb30bb4fc_s42,fbb30bb4fc,claim1
ood_test_validator,3572,0.007566348649561405,phase2_eval_fbb30bb4fc_s42,fbb30bb4fc,claim1
ood_test_validator,3580,0.008534719236195087,phase2_eval_fbb30bb4fc_s42,fbb30bb4fc,claim1
ood_test_validator,3583,0.010383070446550846,phase2_eval_fbb30bb4fc_s42,fbb30bb4fc,claim1
ood_test_validator,3599,0.010407783091068268,phase2_eval_fbb30bb4fc_s42,fbb30bb4fc,claim1
ood_test_validator,3602,0.01204688660800457,phase2_eval_fbb30bb4fc_s42,fbb30bb4fc,claim1
ood_test_validator,3605,0.01393208373337984,phase2_eval_fbb30bb4fc_s42,fbb30bb4fc,claim1
ood_test_validator,3614,0.012483043596148491,phase2_eval_fbb30bb4fc_s42,fbb30bb4fc,claim1
ood_test_validator,3618,0.013421719893813133,phase2_eval_fbb30bb4fc_s42,fbb30bb4fc,claim1
ood_test_validator,3638,0.018342912197113037,phase2_eval_fbb30bb4fc_s42,fbb30bb4fc,claim1
ood_test_validator,3640,0.01036414597183466,phase2_eval_fbb30bb4fc_s42,fbb30bb4fc,claim1
ood_test_validator,3648,0.008443553000688553,phase2_eval_fbb30bb4fc_s42,fbb30bb4fc,claim1
ood_test_validator,3652,0.016862666234374046,phase2_eval_fbb30bb4fc_s42,fbb30bb4fc,claim1
ood_test_validator,3656,0.016170181334018707,phase2_eval_fbb30bb4fc_s42,fbb30bb4fc,claim1
ood_test_validator,3669,0.008192770183086395,phase2_eval_fbb30bb4fc_s42,fbb30bb4fc,claim1
ood_test_validator,3673,0.021273406222462654,phase2_eval_fbb30bb4fc_s42,fbb30bb4fc,claim1
ood_test_validator,3677,0.007922101765871048,phase2_eval_fbb30bb4fc_s42,fbb30bb4fc,claim1
ood_test_validator,3687,0.009483860805630684,phase2_eval_fbb30bb4fc_s42,fbb30bb4fc,claim1
ood_test_validator,3692,0.012499171309173107,phase2_eval_fbb30bb4fc_s42,fbb30bb4fc,claim1
ood_test_validator,3693,0.00979077909141779,phase2_eval_fbb30bb4fc_s42,fbb30bb4fc,claim1
ood_test_validator,3702,0.012161383405327797,phase2_eval_fbb30bb4fc_s42,fbb30bb4fc,claim1
ood_test_validator,3705,0.008852926082909107,phase2_eval_fbb30bb4fc_s42,fbb30bb4fc,claim1
ood_test_validator,3709,0.010170641355216503,phase2_eval_fbb30bb4fc_s42,fbb30bb4fc,claim1
ood_test_validator,3714,0.013933051377534866,phase2_eval_fbb30bb4fc_s42,fbb30bb4fc,claim1
ood_test_validator,3716,0.010041632689535618,phase2_eval_fbb30bb4fc_s42,fbb30bb4fc,claim1
ood_test_validator,3719,0.006699520628899336,phase2_eval_fbb30bb4fc_s42,fbb30bb4fc,claim1
ood_test_validator,3728,0.016611477360129356,phase2_eval_fbb30bb4fc_s42,fbb30bb4fc,claim1
ood_test_validator,3730,0.01135937124490738,phase2_eval_fbb30bb4fc_s42,fbb30bb4fc,claim1
ood_test_validator,3732,0.01015323493629694,phase2_eval_fbb30bb4fc_s42,fbb30bb4fc,claim1
ood_test_validator,3749,0.012523813173174858,phase2_eval_fbb30bb4fc_s42,fbb30bb4fc,claim1
ood_test_validator,3750,0.008803254924714565,phase2_eval_fbb30bb4fc_s42,fbb30bb4fc,claim1
ood_test_validator,3752,0.01159991230815649,phase2_eval_fbb30bb4fc_s42,fbb30bb4fc,claim1
ood_test_validator,3754,0.015277115628123283,phase2_eval_fbb30bb4fc_s42,fbb30bb4fc,claim1
ood_test_validator,3763,0.014034945517778397,phase2_eval_fbb30bb4fc_s42,fbb30bb4fc,claim1
ood_test_validator,3765,0.013933862559497356,phase2_eval_fbb30bb4fc_s42,fbb30bb4fc,claim1
ood_test_validator,3769,0.021133314818143845,phase2_eval_fbb30bb4fc_s42,fbb30bb4fc,claim1
ood_test_validator,3771,0.01213148981332779,phase2_eval_fbb30bb4fc_s42,fbb30bb4fc,claim1
ood_test_validator,3776,0.011059650219976902,phase2_eval_fbb30bb4fc_s42,fbb30bb4fc,claim1
ood_test_validator,3782,0.0243340115994215,phase2_eval_fbb30bb4fc_s42,fbb30bb4fc,claim1
ood_test_validator,3789,0.011747129261493683,phase2_eval_fbb30bb4fc_s42,fbb30bb4fc,claim1
ood_test_validator,3790,0.007208854425698519,phase2_eval_fbb30bb4fc_s42,fbb30bb4fc,claim1
ood_test_validator,3793,0.01574208401143551,phase2_eval_fbb30bb4fc_s42,fbb30bb4fc,claim1
ood_test_validator,3799,0.009602859616279602,phase2_eval_fbb30bb4fc_s42,fbb30bb4fc,claim1
ood_test_validator,3802,0.008783838711678982,phase2_eval_fbb30bb4fc_s42,fbb30bb4fc,claim1
ood_test_validator,3803,0.010801025666296482,phase2_eval_fbb30bb4fc_s42,fbb30bb4fc,claim1
ood_test_validator,3811,0.011709843762218952,phase2_eval_fbb30bb4fc_s42,fbb30bb4fc,claim1
ood_test_validator,3820,0.0052269622683525085,phase2_eval_fbb30bb4fc_s42,fbb30bb4fc,claim1
ood_test_validator,3825,0.010061432607471943,phase2_eval_fbb30bb4fc_s42,fbb30bb4fc,claim1
ood_test_validator,3827,0.0168119166046381,phase2_eval_fbb30bb4fc_s42,fbb30bb4fc,claim1
ood_test_validator,3829,0.0121235316619277,phase2_eval_fbb30bb4fc_s42,fbb30bb4fc,claim1
ood_test_validator,3833,0.010390130802989006,phase2_eval_fbb30bb4fc_s42,fbb30bb4fc,claim1
ood_test_validator,3834,0.008354105986654758,phase2_eval_fbb30bb4fc_s42,fbb30bb4fc,claim1
ood_test_validator,3839,0.008475426584482193,phase2_eval_fbb30bb4fc_s42,fbb30bb4fc,claim1
ood_test_validator,3840,0.012723988853394985,phase2_eval_fbb30bb4fc_s42,fbb30bb4fc,claim1
ood_test_validator,3854,0.024212215095758438,phase2_eval_fbb30bb4fc_s42,fbb30bb4fc,claim1
ood_test_validator,3856,0.008882526308298111,phase2_eval_fbb30bb4fc_s42,fbb30bb4fc,claim1
ood_test_validator,3858,0.009780838154256344,phase2_eval_fbb30bb4fc_s42,fbb30bb4fc,claim1
ood_test_validator,3859,0.013963361270725727,phase2_eval_fbb30bb4fc_s42,fbb30bb4fc,claim1
ood_test_validator,3861,0.009867463260889053,phase2_eval_fbb30bb4fc_s42,fbb30bb4fc,claim1
ood_test_validator,3864,0.007872411981225014,phase2_eval_fbb30bb4fc_s42,fbb30bb4fc,claim1
ood_test_validator,3868,0.013558028265833855,phase2_eval_fbb30bb4fc_s42,fbb30bb4fc,claim1
ood_test_validator,3870,0.00756379310041666,phase2_eval_fbb30bb4fc_s42,fbb30bb4fc,claim1
ood_test_validator,3871,0.020630622282624245,phase2_eval_fbb30bb4fc_s42,fbb30bb4fc,claim1
ood_test_validator,3878,0.010006237775087357,phase2_eval_fbb30bb4fc_s42,fbb30bb4fc,claim1
ood_test_validator,3883,0.015200940892100334,phase2_eval_fbb30bb4fc_s42,fbb30bb4fc,claim1
ood_test_validator,3884,0.009113100357353687,phase2_eval_fbb30bb4fc_s42,fbb30bb4fc,claim1
ood_test_validator,3885,0.00905689224600792,phase2_eval_fbb30bb4fc_s42,fbb30bb4fc,claim1
ood_test_validator,3887,0.01641487516462803,phase2_eval_fbb30bb4fc_s42,fbb30bb4fc,claim1
ood_test_validator,3890,0.010622179135680199,phase2_eval_fbb30bb4fc_s42,fbb30bb4fc,claim1
ood_test_validator,3891,0.014880582690238953,phase2_eval_fbb30bb4fc_s42,fbb30bb4fc,claim1
ood_test_validator,3893,0.017627790570259094,phase2_eval_fbb30bb4fc_s42,fbb30bb4fc,claim1
ood_test_validator,3895,0.00992591492831707,phase2_eval_fbb30bb4fc_s42,fbb30bb4fc,claim1
ood_test_validator,3899,0.01764083467423916,phase2_eval_fbb30bb4fc_s42,fbb30bb4fc,claim1
ood_test_validator,3904,0.012034041807055473,phase2_eval_fbb30bb4fc_s42,fbb30bb4fc,claim1
ood_test_validator,3907,0.01531629916280508,phase2_eval_fbb30bb4fc_s42,fbb30bb4fc,claim1
ood_test_validator,3912,0.011928396299481392,phase2_eval_fbb30bb4fc_s42,fbb30bb4fc,claim1
ood_test_validator,3914,0.024635273963212967,phase2_eval_fbb30bb4fc_s42,fbb30bb4fc,claim1
ood_test_validator,3920,0.014720970764756203,phase2_eval_fbb30bb4fc_s42,fbb30bb4fc,claim1
ood_test_validator,3921,0.017452791333198547,phase2_eval_fbb30bb4fc_s42,fbb30bb4fc,claim1
ood_test_validator,3922,0.010192601941525936,phase2_eval_fbb30bb4fc_s42,fbb30bb4fc,claim1
ood_test_validator,3924,0.012165898457169533,phase2_eval_fbb30bb4fc_s42,fbb30bb4fc,claim1
ood_test_validator,3928,0.007971261627972126,phase2_eval_fbb30bb4fc_s42,fbb30bb4fc,claim1
ood_test_validator,3930,0.010673243552446365,phase2_eval_fbb30bb4fc_s42,fbb30bb4fc,claim1
ood_test_validator,3938,0.008444628678262234,phase2_eval_fbb30bb4fc_s42,fbb30bb4fc,claim1
ood_test_validator,3952,0.01022888533771038,phase2_eval_fbb30bb4fc_s42,fbb30bb4fc,claim1
ood_test_validator,3963,0.01745201088488102,phase2_eval_fbb30bb4fc_s42,fbb30bb4fc,claim1
ood_test_validator,3964,0.009971072897315025,phase2_eval_fbb30bb4fc_s42,fbb30bb4fc,claim1
ood_test_validator,3972,0.009770107455551624,phase2_eval_fbb30bb4fc_s42,fbb30bb4fc,claim1
ood_test_validator,3975,0.01223460491746664,phase2_eval_fbb30bb4fc_s42,fbb30bb4fc,claim1
ood_test_validator,3977,0.011140611954033375,phase2_eval_fbb30bb4fc_s42,fbb30bb4fc,claim1
ood_test_validator,3988,0.013190536759793758,phase2_eval_fbb30bb4fc_s42,fbb30bb4fc,claim1
ood_test_validator,3989,0.01970238983631134,phase2_eval_fbb30bb4fc_s42,fbb30bb4fc,claim1
ood_test_validator,3994,0.017674773931503296,phase2_eval_fbb30bb4fc_s42,fbb30bb4fc,claim1
ood_test_validator,3999,0.013961969874799252,phase2_eval_fbb30bb4fc_s42,fbb30bb4fc,claim1
ood_test_validator,4007,0.014637342654168606,phase2_eval_fbb30bb4fc_s42,fbb30bb4fc,claim1
ood_test_validator,4019,0.006773625034838915,phase2_eval_fbb30bb4fc_s42,fbb30bb4fc,claim1
ood_test_validator,4022,0.010225262492895126,phase2_eval_fbb30bb4fc_s42,fbb30bb4fc,claim1
ood_test_validator,4029,0.013383807614445686,phase2_eval_fbb30bb4fc_s42,fbb30bb4fc,claim1
ood_test_validator,4033,0.012411012314260006,phase2_eval_fbb30bb4fc_s42,fbb30bb4fc,claim1
ood_test_validator,4039,0.010721862316131592,phase2_eval_fbb30bb4fc_s42,fbb30bb4fc,claim1
ood_test_validator,4041,0.012884847819805145,phase2_eval_fbb30bb4fc_s42,fbb30bb4fc,claim1
ood_test_validator,4047,0.007721270900219679,phase2_eval_fbb30bb4fc_s42,fbb30bb4fc,claim1
ood_test_validator,4048,0.009696262888610363,phase2_eval_fbb30bb4fc_s42,fbb30bb4fc,claim1
ood_test_validator,4053,0.010775704868137836,phase2_eval_fbb30bb4fc_s42,fbb30bb4fc,claim1
ood_test_validator,4054,0.01345682144165039,phase2_eval_fbb30bb4fc_s42,fbb30bb4fc,claim1
ood_test_validator,4062,0.013764187693595886,phase2_eval_fbb30bb4fc_s42,fbb30bb4fc,claim1
ood_test_validator,4063,0.012372435070574284,phase2_eval_fbb30bb4fc_s42,fbb30bb4fc,claim1
ood_test_validator,4078,0.013670189306139946,phase2_eval_fbb30bb4fc_s42,fbb30bb4fc,claim1
ood_test_validator,4079,0.011506954208016396,phase2_eval_fbb30bb4fc_s42,fbb30bb4fc,claim1
ood_test_validator,4080,0.01461556926369667,phase2_eval_fbb30bb4fc_s42,fbb30bb4fc,claim1
ood_test_validator,4087,0.020141737535595894,phase2_eval_fbb30bb4fc_s42,fbb30bb4fc,claim1
ood_test_validator,4093,0.013320093043148518,phase2_eval_fbb30bb4fc_s42,fbb30bb4fc,claim1
ood_test_validator,4094,0.0069624679163098335,phase2_eval_fbb30bb4fc_s42,fbb30bb4fc,claim1
ood_test_validator,4104,0.009643306955695152,phase2_eval_fbb30bb4fc_s42,fbb30bb4fc,claim1
ood_test_validator,4112,0.016169212758541107,phase2_eval_fbb30bb4fc_s42,fbb30bb4fc,claim1
ood_test_validator,4127,0.015368492342531681,phase2_eval_fbb30bb4fc_s42,fbb30bb4fc,claim1
ood_test_validator,4130,0.009627296589314938,phase2_eval_fbb30bb4fc_s42,fbb30bb4fc,claim1
ood_test_validator,4133,0.008422964252531528,phase2_eval_fbb30bb4fc_s42,fbb30bb4fc,claim1
ood_test_validator,4139,0.013270609080791473,phase2_eval_fbb30bb4fc_s42,fbb30bb4fc,claim1
ood_test_validator,4146,0.013320212252438068,phase2_eval_fbb30bb4fc_s42,fbb30bb4fc,claim1
ood_test_validator,4154,0.01872127689421177,phase2_eval_fbb30bb4fc_s42,fbb30bb4fc,claim1
ood_test_validator,4156,0.019751030951738358,phase2_eval_fbb30bb4fc_s42,fbb30bb4fc,claim1
ood_test_validator,4161,0.01609622873365879,phase2_eval_fbb30bb4fc_s42,fbb30bb4fc,claim1
ood_test_validator,4165,0.015865961089730263,phase2_eval_fbb30bb4fc_s42,fbb30bb4fc,claim1
ood_test_validator,4177,0.011281844228506088,phase2_eval_fbb30bb4fc_s42,fbb30bb4fc,claim1
ood_test_validator,4182,0.01517566293478012,phase2_eval_fbb30bb4fc_s42,fbb30bb4fc,claim1
ood_test_validator,4188,0.016704004257917404,phase2_eval_fbb30bb4fc_s42,fbb30bb4fc,claim1
ood_test_validator,4191,0.007271814625710249,phase2_eval_fbb30bb4fc_s42,fbb30bb4fc,claim1
ood_test_validator,4194,0.02190413512289524,phase2_eval_fbb30bb4fc_s42,fbb30bb4fc,claim1
ood_test_validator,4195,0.012629120610654354,phase2_eval_fbb30bb4fc_s42,fbb30bb4fc,claim1
ood_test_validator,4202,0.011726206168532372,phase2_eval_fbb30bb4fc_s42,fbb30bb4fc,claim1
ood_test_validator,4221,0.009309968911111355,phase2_eval_fbb30bb4fc_s42,fbb30bb4fc,claim1
ood_test_validator,4242,0.013009446673095226,phase2_eval_fbb30bb4fc_s42,fbb30bb4fc,claim1
ood_test_validator,4249,0.01008789986371994,phase2_eval_fbb30bb4fc_s42,fbb30bb4fc,claim1
ood_test_validator,4251,0.011577188037335873,phase2_eval_fbb30bb4fc_s42,fbb30bb4fc,claim1
ood_test_validator,4253,0.012987338937819004,phase2_eval_fbb30bb4fc_s42,fbb30bb4fc,claim1
ood_test_validator,4258,0.01113763265311718,phase2_eval_fbb30bb4fc_s42,fbb30bb4fc,claim1
ood_test_validator,4261,0.01209474541246891,phase2_eval_fbb30bb4fc_s42,fbb30bb4fc,claim1
ood_test_validator,4262,0.022886786609888077,phase2_eval_fbb30bb4fc_s42,fbb30bb4fc,claim1
ood_test_validator,4268,0.009976801462471485,phase2_eval_fbb30bb4fc_s42,fbb30bb4fc,claim1
ood_test_validator,4279,0.007522048428654671,phase2_eval_fbb30bb4fc_s42,fbb30bb4fc,claim1
ood_test_validator,4284,0.020546674728393555,phase2_eval_fbb30bb4fc_s42,fbb30bb4fc,claim1
ood_test_validator,4290,0.013047714717686176,phase2_eval_fbb30bb4fc_s42,fbb30bb4fc,claim1
ood_test_validator,4291,0.010774931870400906,phase2_eval_fbb30bb4fc_s42,fbb30bb4fc,claim1
ood_test_validator,4298,0.009198926389217377,phase2_eval_fbb30bb4fc_s42,fbb30bb4fc,claim1
ood_test_validator,4299,0.009765549562871456,phase2_eval_fbb30bb4fc_s42,fbb30bb4fc,claim1
ood_test_validator,4303,0.006355349440127611,phase2_eval_fbb30bb4fc_s42,fbb30bb4fc,claim1
ood_test_validator,4309,0.016057778149843216,phase2_eval_fbb30bb4fc_s42,fbb30bb4fc,claim1
ood_test_validator,4316,0.01152017991989851,phase2_eval_fbb30bb4fc_s42,fbb30bb4fc,claim1
ood_test_validator,4318,0.010912264697253704,phase2_eval_fbb30bb4fc_s42,fbb30bb4fc,claim1
ood_test_validator,4321,0.010086634196341038,phase2_eval_fbb30bb4fc_s42,fbb30bb4fc,claim1
ood_test_validator,4324,0.012266542762517929,phase2_eval_fbb30bb4fc_s42,fbb30bb4fc,claim1
ood_test_validator,4327,0.012724103406071663,phase2_eval_fbb30bb4fc_s42,fbb30bb4fc,claim1
ood_test_validator,4352,0.012708240188658237,phase2_eval_fbb30bb4fc_s42,fbb30bb4fc,claim1
ood_test_validator,4361,0.013403068296611309,phase2_eval_fbb30bb4fc_s42,fbb30bb4fc,claim1
ood_test_validator,4369,0.00811903364956379,phase2_eval_fbb30bb4fc_s42,fbb30bb4fc,claim1
ood_test_validator,4370,0.014148644171655178,phase2_eval_fbb30bb4fc_s42,fbb30bb4fc,claim1
ood_test_validator,4373,0.009992762468755245,phase2_eval_fbb30bb4fc_s42,fbb30bb4fc,claim1
ood_test_validator,4377,0.014363840222358704,phase2_eval_fbb30bb4fc_s42,fbb30bb4fc,claim1
ood_test_validator,4382,0.017139479517936707,phase2_eval_fbb30bb4fc_s42,fbb30bb4fc,claim1
ood_test_validator,4383,0.014706263318657875,phase2_eval_fbb30bb4fc_s42,fbb30bb4fc,claim1
ood_test_validator,4387,0.009840167127549648,phase2_eval_fbb30bb4fc_s42,fbb30bb4fc,claim1
ood_test_validator,4388,0.0119162080809474,phase2_eval_fbb30bb4fc_s42,fbb30bb4fc,claim1
ood_test_validator,4389,0.014206688851118088,phase2_eval_fbb30bb4fc_s42,fbb30bb4fc,claim1
ood_test_validator,4395,0.01195820327848196,phase2_eval_fbb30bb4fc_s42,fbb30bb4fc,claim1
ood_test_validator,4396,0.009910551831126213,phase2_eval_fbb30bb4fc_s42,fbb30bb4fc,claim1
ood_test_validator,4397,0.010039464570581913,phase2_eval_fbb30bb4fc_s42,fbb30bb4fc,claim1
ood_test_validator,4405,0.014138974249362946,phase2_eval_fbb30bb4fc_s42,fbb30bb4fc,claim1
ood_test_validator,4408,0.01684682071208954,phase2_eval_fbb30bb4fc_s42,fbb30bb4fc,claim1
ood_test_validator,4409,0.006035430822521448,phase2_eval_fbb30bb4fc_s42,fbb30bb4fc,claim1
ood_test_validator,4429,0.01614456996321678,phase2_eval_fbb30bb4fc_s42,fbb30bb4fc,claim1
ood_test_validator,4437,0.022110654041171074,phase2_eval_fbb30bb4fc_s42,fbb30bb4fc,claim1
ood_test_validator,4438,0.012697073630988598,phase2_eval_fbb30bb4fc_s42,fbb30bb4fc,claim1
ood_test_validator,4443,0.008104993030428886,phase2_eval_fbb30bb4fc_s42,fbb30bb4fc,claim1
ood_test_validator,4447,0.008889365009963512,phase2_eval_fbb30bb4fc_s42,fbb30bb4fc,claim1
ood_test_validator,4449,0.012059892527759075,phase2_eval_fbb30bb4fc_s42,fbb30bb4fc,claim1
ood_test_validator,4457,0.028432738035917282,phase2_eval_fbb30bb4fc_s42,fbb30bb4fc,claim1
ood_test_validator,4463,0.010947572998702526,phase2_eval_fbb30bb4fc_s42,fbb30bb4fc,claim1
ood_test_validator,4468,0.01111969817429781,phase2_eval_fbb30bb4fc_s42,fbb30bb4fc,claim1
ood_test_validator,4471,0.017145590856671333,phase2_eval_fbb30bb4fc_s42,fbb30bb4fc,claim1
ood_test_validator,4476,0.010249245911836624,phase2_eval_fbb30bb4fc_s42,fbb30bb4fc,claim1
ood_test_validator,4480,0.011045323684811592,phase2_eval_fbb30bb4fc_s42,fbb30bb4fc,claim1
ood_test_validator,4491,0.017137950286269188,phase2_eval_fbb30bb4fc_s42,fbb30bb4fc,claim1
ood_test_validator,4504,0.008354243822395802,phase2_eval_fbb30bb4fc_s42,fbb30bb4fc,claim1
ood_test_validator,4507,0.009016319178044796,phase2_eval_fbb30bb4fc_s42,fbb30bb4fc,claim1
ood_test_validator,4519,0.0060316817834973335,phase2_eval_fbb30bb4fc_s42,fbb30bb4fc,claim1
ood_test_validator,4520,0.011325008235871792,phase2_eval_fbb30bb4fc_s42,fbb30bb4fc,claim1
ood_test_validator,4523,0.013216367922723293,phase2_eval_fbb30bb4fc_s42,fbb30bb4fc,claim1
ood_test_validator,4525,0.012176107615232468,phase2_eval_fbb30bb4fc_s42,fbb30bb4fc,claim1
ood_test_validator,4530,0.009291784837841988,phase2_eval_fbb30bb4fc_s42,fbb30bb4fc,claim1
ood_test_validator,4534,0.008651640266180038,phase2_eval_fbb30bb4fc_s42,fbb30bb4fc,claim1
ood_test_validator,4538,0.009728158824145794,phase2_eval_fbb30bb4fc_s42,fbb30bb4fc,claim1
ood_test_validator,4543,0.014711089432239532,phase2_eval_fbb30bb4fc_s42,fbb30bb4fc,claim1
ood_test_validator,4544,0.01241242978721857,phase2_eval_fbb30bb4fc_s42,fbb30bb4fc,claim1
ood_test_validator,4545,0.014827164821326733,phase2_eval_fbb30bb4fc_s42,fbb30bb4fc,claim1
ood_test_validator,4549,0.008763385005295277,phase2_eval_fbb30bb4fc_s42,fbb30bb4fc,claim1
ood_test_validator,4550,0.014587447047233582,phase2_eval_fbb30bb4fc_s42,fbb30bb4fc,claim1
ood_test_validator,4557,0.01180985290557146,phase2_eval_fbb30bb4fc_s42,fbb30bb4fc,claim1
ood_test_validator,4559,0.008747268468141556,phase2_eval_fbb30bb4fc_s42,fbb30bb4fc,claim1
ood_test_validator,4560,0.009203619323670864,phase2_eval_fbb30bb4fc_s42,fbb30bb4fc,claim1
ood_test_validator,4563,0.006852898746728897,phase2_eval_fbb30bb4fc_s42,fbb30bb4fc,claim1
ood_test_validator,4570,0.018312623724341393,phase2_eval_fbb30bb4fc_s42,fbb30bb4fc,claim1
ood_test_validator,4572,0.008566965349018574,phase2_eval_fbb30bb4fc_s42,fbb30bb4fc,claim1
ood_test_validator,4573,0.015272597782313824,phase2_eval_fbb30bb4fc_s42,fbb30bb4fc,claim1
ood_test_validator,4575,0.011959054507315159,phase2_eval_fbb30bb4fc_s42,fbb30bb4fc,claim1
ood_test_validator,4580,0.015139100141823292,phase2_eval_fbb30bb4fc_s42,fbb30bb4fc,claim1
ood_test_validator,4596,0.011917782947421074,phase2_eval_fbb30bb4fc_s42,fbb30bb4fc,claim1
ood_test_validator,4598,0.014153924770653248,phase2_eval_fbb30bb4fc_s42,fbb30bb4fc,claim1
ood_test_validator,4600,0.011807872913777828,phase2_eval_fbb30bb4fc_s42,fbb30bb4fc,claim1
ood_test_validator,4602,0.016135694459080696,phase2_eval_fbb30bb4fc_s42,fbb30bb4fc,claim1
ood_test_validator,4603,0.01265923772007227,phase2_eval_fbb30bb4fc_s42,fbb30bb4fc,claim1
ood_test_validator,4612,0.012092866003513336,phase2_eval_fbb30bb4fc_s42,fbb30bb4fc,claim1
ood_test_validator,4631,0.011445056647062302,phase2_eval_fbb30bb4fc_s42,fbb30bb4fc,claim1
ood_test_validator,4644,0.020869411528110504,phase2_eval_fbb30bb4fc_s42,fbb30bb4fc,claim1
ood_test_validator,4647,0.019383767619729042,phase2_eval_fbb30bb4fc_s42,fbb30bb4fc,claim1
ood_test_validator,4654,0.015923671424388885,phase2_eval_fbb30bb4fc_s42,fbb30bb4fc,claim1
ood_test_validator,4667,0.012017720378935337,phase2_eval_fbb30bb4fc_s42,fbb30bb4fc,claim1
ood_test_validator,4673,0.015783121809363365,phase2_eval_fbb30bb4fc_s42,fbb30bb4fc,claim1
ood_test_validator,4677,0.015544931404292583,phase2_eval_fbb30bb4fc_s42,fbb30bb4fc,claim1
ood_test_validator,4678,0.011875391006469727,phase2_eval_fbb30bb4fc_s42,fbb30bb4fc,claim1
ood_test_validator,4694,0.015322237275540829,phase2_eval_fbb30bb4fc_s42,fbb30bb4fc,claim1
ood_test_validator,4703,0.016099637374281883,phase2_eval_fbb30bb4fc_s42,fbb30bb4fc,claim1
ood_test_validator,4710,0.00947651732712984,phase2_eval_fbb30bb4fc_s42,fbb30bb4fc,claim1
ood_test_validator,4713,0.01753963530063629,phase2_eval_fbb30bb4fc_s42,fbb30bb4fc,claim1
ood_test_validator,4719,0.010116514749825,phase2_eval_fbb30bb4fc_s42,fbb30bb4fc,claim1
ood_test_validator,4720,0.013199267908930779,phase2_eval_fbb30bb4fc_s42,fbb30bb4fc,claim1
ood_test_validator,4726,0.011424600146710873,phase2_eval_fbb30bb4fc_s42,fbb30bb4fc,claim1
ood_test_validator,4736,0.013969833962619305,phase2_eval_fbb30bb4fc_s42,fbb30bb4fc,claim1
ood_test_validator,4749,0.012255901470780373,phase2_eval_fbb30bb4fc_s42,fbb30bb4fc,claim1
ood_test_validator,4765,0.02099791169166565,phase2_eval_fbb30bb4fc_s42,fbb30bb4fc,claim1
ood_test_validator,4767,0.0066129169426858425,phase2_eval_fbb30bb4fc_s42,fbb30bb4fc,claim1
ood_test_validator,4768,0.012602053582668304,phase2_eval_fbb30bb4fc_s42,fbb30bb4fc,claim1
ood_test_validator,4778,0.010128330439329147,phase2_eval_fbb30bb4fc_s42,fbb30bb4fc,claim1
ood_test_validator,4787,0.007661630865186453,phase2_eval_fbb30bb4fc_s42,fbb30bb4fc,claim1
ood_test_validator,4788,0.010530006140470505,phase2_eval_fbb30bb4fc_s42,fbb30bb4fc,claim1
ood_test_validator,4792,0.0067600165493786335,phase2_eval_fbb30bb4fc_s42,fbb30bb4fc,claim1
ood_test_validator,4798,0.010777195915579796,phase2_eval_fbb30bb4fc_s42,fbb30bb4fc,claim1
ood_test_validator,4809,0.005847624037414789,phase2_eval_fbb30bb4fc_s42,fbb30bb4fc,claim1
ood_test_validator,4820,0.009531127288937569,phase2_eval_fbb30bb4fc_s42,fbb30bb4fc,claim1
ood_test_validator,4822,0.010660143569111824,phase2_eval_fbb30bb4fc_s42,fbb30bb4fc,claim1
ood_test_validator,4826,0.011849251575767994,phase2_eval_fbb30bb4fc_s42,fbb30bb4fc,claim1
ood_test_validator,4827,0.009119276888668537,phase2_eval_fbb30bb4fc_s42,fbb30bb4fc,claim1
ood_test_validator,4829,0.009645823389291763,phase2_eval_fbb30bb4fc_s42,fbb30bb4fc,claim1
ood_test_validator,4833,0.016267916187644005,phase2_eval_fbb30bb4fc_s42,fbb30bb4fc,claim1
ood_test_validator,4839,0.014495819807052612,phase2_eval_fbb30bb4fc_s42,fbb30bb4fc,claim1
ood_test_validator,4850,0.015280011110007763,phase2_eval_fbb30bb4fc_s42,fbb30bb4fc,claim1
ood_test_validator,4851,0.011527511291205883,phase2_eval_fbb30bb4fc_s42,fbb30bb4fc,claim1
ood_test_validator,4871,0.014547804370522499,phase2_eval_fbb30bb4fc_s42,fbb30bb4fc,claim1
ood_test_validator,4890,0.01224399171769619,phase2_eval_fbb30bb4fc_s42,fbb30bb4fc,claim1
ood_test_validator,4892,0.014130109921097755,phase2_eval_fbb30bb4fc_s42,fbb30bb4fc,claim1
ood_test_validator,4893,0.011579985730350018,phase2_eval_fbb30bb4fc_s42,fbb30bb4fc,claim1
ood_test_validator,4898,0.02082717791199684,phase2_eval_fbb30bb4fc_s42,fbb30bb4fc,claim1
ood_test_validator,4899,0.02322527766227722,phase2_eval_fbb30bb4fc_s42,fbb30bb4fc,claim1
ood_test_validator,4904,0.019976546987891197,phase2_eval_fbb30bb4fc_s42,fbb30bb4fc,claim1
ood_test_validator,4906,0.01436513289809227,phase2_eval_fbb30bb4fc_s42,fbb30bb4fc,claim1
ood_test_validator,4910,0.011355231516063213,phase2_eval_fbb30bb4fc_s42,fbb30bb4fc,claim1
ood_test_validator,4917,0.011103058233857155,phase2_eval_fbb30bb4fc_s42,fbb30bb4fc,claim1
ood_test_validator,4925,0.014053065329790115,phase2_eval_fbb30bb4fc_s42,fbb30bb4fc,claim1
ood_test_validator,4928,0.010210691951215267,phase2_eval_fbb30bb4fc_s42,fbb30bb4fc,claim1
ood_test_validator,4934,0.017296714708209038,phase2_eval_fbb30bb4fc_s42,fbb30bb4fc,claim1
ood_test_validator,4940,0.012325010262429714,phase2_eval_fbb30bb4fc_s42,fbb30bb4fc,claim1
ood_test_validator,4941,0.012080388143658638,phase2_eval_fbb30bb4fc_s42,fbb30bb4fc,claim1
ood_test_validator,4942,0.009899117983877659,phase2_eval_fbb30bb4fc_s42,fbb30bb4fc,claim1
ood_test_validator,4951,0.011237307451665401,phase2_eval_fbb30bb4fc_s42,fbb30bb4fc,claim1
ood_test_validator,4952,0.014540393836796284,phase2_eval_fbb30bb4fc_s42,fbb30bb4fc,claim1
ood_test_validator,4958,0.014423046261072159,phase2_eval_fbb30bb4fc_s42,fbb30bb4fc,claim1
ood_test_validator,4960,0.012127302587032318,phase2_eval_fbb30bb4fc_s42,fbb30bb4fc,claim1
ood_test_validator,4963,0.010324758477509022,phase2_eval_fbb30bb4fc_s42,fbb30bb4fc,claim1
ood_test_validator,4967,0.013471752405166626,phase2_eval_fbb30bb4fc_s42,fbb30bb4fc,claim1
ood_test_validator,4968,0.011337296105921268,phase2_eval_fbb30bb4fc_s42,fbb30bb4fc,claim1
ood_test_validator,4981,0.01128990389406681,phase2_eval_fbb30bb4fc_s42,fbb30bb4fc,claim1
ood_test_validator,4986,0.009214885532855988,phase2_eval_fbb30bb4fc_s42,fbb30bb4fc,claim1
ood_test_validator,4993,0.008789053186774254,phase2_eval_fbb30bb4fc_s42,fbb30bb4fc,claim1
ood_test_validator,4997,0.016727518290281296,phase2_eval_fbb30bb4fc_s42,fbb30bb4fc,claim1
ood_test_validator,5007,0.01849238947033882,phase2_eval_fbb30bb4fc_s42,fbb30bb4fc,claim1
ood_test_validator,5023,0.014591771177947521,phase2_eval_fbb30bb4fc_s42,fbb30bb4fc,claim1
ood_test_validator,5026,0.009573735296726227,phase2_eval_fbb30bb4fc_s42,fbb30bb4fc,claim1
ood_test_validator,5028,0.011512181721627712,phase2_eval_fbb30bb4fc_s42,fbb30bb4fc,claim1
ood_test_validator,5032,0.010533275082707405,phase2_eval_fbb30bb4fc_s42,fbb30bb4fc,claim1
ood_test_validator,5039,0.012762543745338917,phase2_eval_fbb30bb4fc_s42,fbb30bb4fc,claim1
ood_test_validator,5045,0.00958478543907404,phase2_eval_fbb30bb4fc_s42,fbb30bb4fc,claim1
ood_test_validator,5054,0.01244741678237915,phase2_eval_fbb30bb4fc_s42,fbb30bb4fc,claim1
ood_test_validator,5063,0.01625562086701393,phase2_eval_fbb30bb4fc_s42,fbb30bb4fc,claim1
ood_test_validator,5068,0.010405268520116806,phase2_eval_fbb30bb4fc_s42,fbb30bb4fc,claim1
ood_test_validator,5071,0.009364192374050617,phase2_eval_fbb30bb4fc_s42,fbb30bb4fc,claim1
ood_test_validator,5073,0.007434607017785311,phase2_eval_fbb30bb4fc_s42,fbb30bb4fc,claim1
ood_test_validator,5074,0.008035744540393353,phase2_eval_fbb30bb4fc_s42,fbb30bb4fc,claim1
ood_test_validator,5075,0.008010011166334152,phase2_eval_fbb30bb4fc_s42,fbb30bb4fc,claim1
ood_test_validator,5100,0.01511293463408947,phase2_eval_fbb30bb4fc_s42,fbb30bb4fc,claim1
ood_test_validator,5101,0.013246973045170307,phase2_eval_fbb30bb4fc_s42,fbb30bb4fc,claim1
ood_test_validator,5103,0.012631230056285858,phase2_eval_fbb30bb4fc_s42,fbb30bb4fc,claim1
ood_test_validator,5105,0.01132247131317854,phase2_eval_fbb30bb4fc_s42,fbb30bb4fc,claim1
ood_test_validator,5110,0.01254352182149887,phase2_eval_fbb30bb4fc_s42,fbb30bb4fc,claim1
ood_test_validator,5111,0.008304247632622719,phase2_eval_fbb30bb4fc_s42,fbb30bb4fc,claim1
ood_test_validator,5112,0.02069367654621601,phase2_eval_fbb30bb4fc_s42,fbb30bb4fc,claim1
ood_test_validator,5126,0.014590755105018616,phase2_eval_fbb30bb4fc_s42,fbb30bb4fc,claim1
ood_test_validator,5135,0.010585915297269821,phase2_eval_fbb30bb4fc_s42,fbb30bb4fc,claim1
ood_test_validator,5146,0.010194794274866581,phase2_eval_fbb30bb4fc_s42,fbb30bb4fc,claim1
ood_test_validator,5152,0.02045578695833683,phase2_eval_fbb30bb4fc_s42,fbb30bb4fc,claim1
ood_test_validator,5153,0.024178827181458473,phase2_eval_fbb30bb4fc_s42,fbb30bb4fc,claim1
ood_test_validator,5156,0.009285557083785534,phase2_eval_fbb30bb4fc_s42,fbb30bb4fc,claim1
ood_test_validator,5159,0.010026378557085991,phase2_eval_fbb30bb4fc_s42,fbb30bb4fc,claim1
ood_test_validator,5162,0.009410380385816097,phase2_eval_fbb30bb4fc_s42,fbb30bb4fc,claim1
ood_test_validator,5163,0.010340370237827301,phase2_eval_fbb30bb4fc_s42,fbb30bb4fc,claim1
ood_test_validator,5169,0.014212064445018768,phase2_eval_fbb30bb4fc_s42,fbb30bb4fc,claim1
ood_test_validator,5170,0.007029304746538401,phase2_eval_fbb30bb4fc_s42,fbb30bb4fc,claim1
ood_test_validator,5177,0.009397060610353947,phase2_eval_fbb30bb4fc_s42,fbb30bb4fc,claim1
ood_test_validator,5179,0.011992357671260834,phase2_eval_fbb30bb4fc_s42,fbb30bb4fc,claim1
ood_test_validator,5192,0.00986822322010994,phase2_eval_fbb30bb4fc_s42,fbb30bb4fc,claim1
ood_test_validator,5195,0.018200695514678955,phase2_eval_fbb30bb4fc_s42,fbb30bb4fc,claim1
ood_test_validator,5198,0.011955437250435352,phase2_eval_fbb30bb4fc_s42,fbb30bb4fc,claim1
ood_test_validator,5211,0.007118321023881435,phase2_eval_fbb30bb4fc_s42,fbb30bb4fc,claim1
ood_test_validator,5216,0.008115706965327263,phase2_eval_fbb30bb4fc_s42,fbb30bb4fc,claim1
ood_test_validator,5224,0.014860928989946842,phase2_eval_fbb30bb4fc_s42,fbb30bb4fc,claim1
ood_test_validator,5227,0.010496391914784908,phase2_eval_fbb30bb4fc_s42,fbb30bb4fc,claim1
ood_test_validator,5243,0.014023859985172749,phase2_eval_fbb30bb4fc_s42,fbb30bb4fc,claim1
ood_test_validator,5247,0.01426735520362854,phase2_eval_fbb30bb4fc_s42,fbb30bb4fc,claim1
ood_test_validator,5248,0.01642424799501896,phase2_eval_fbb30bb4fc_s42,fbb30bb4fc,claim1
ood_test_validator,5253,0.0332842692732811,phase2_eval_fbb30bb4fc_s42,fbb30bb4fc,claim1
ood_test_validator,5255,0.009152301587164402,phase2_eval_fbb30bb4fc_s42,fbb30bb4fc,claim1
ood_test_validator,5256,0.01125356461852789,phase2_eval_fbb30bb4fc_s42,fbb30bb4fc,claim1
ood_test_validator,5264,0.013486475683748722,phase2_eval_fbb30bb4fc_s42,fbb30bb4fc,claim1
ood_test_validator,5265,0.007254651747643948,phase2_eval_fbb30bb4fc_s42,fbb30bb4fc,claim1
ood_test_validator,5276,0.012990393675863743,phase2_eval_fbb30bb4fc_s42,fbb30bb4fc,claim1
ood_test_validator,5282,0.013642665930092335,phase2_eval_fbb30bb4fc_s42,fbb30bb4fc,claim1
ood_test_validator,5284,0.00914193969219923,phase2_eval_fbb30bb4fc_s42,fbb30bb4fc,claim1
ood_test_validator,5289,0.010797997936606407,phase2_eval_fbb30bb4fc_s42,fbb30bb4fc,claim1
ood_test_validator,5292,0.007692516315728426,phase2_eval_fbb30bb4fc_s42,fbb30bb4fc,claim1
ood_test_validator,5317,0.009756890125572681,phase2_eval_fbb30bb4fc_s42,fbb30bb4fc,claim1
ood_test_validator,5323,0.016222773119807243,phase2_eval_fbb30bb4fc_s42,fbb30bb4fc,claim1
ood_test_validator,5325,0.012316129170358181,phase2_eval_fbb30bb4fc_s42,fbb30bb4fc,claim1
ood_test_validator,5328,0.013322802260518074,phase2_eval_fbb30bb4fc_s42,fbb30bb4fc,claim1
ood_test_validator,5334,0.0073247323743999004,phase2_eval_fbb30bb4fc_s42,fbb30bb4fc,claim1
ood_test_validator,5338,0.013404080644249916,phase2_eval_fbb30bb4fc_s42,fbb30bb4fc,claim1
ood_test_validator,5339,0.019423341378569603,phase2_eval_fbb30bb4fc_s42,fbb30bb4fc,claim1
ood_test_validator,5346,0.014092262834310532,phase2_eval_fbb30bb4fc_s42,fbb30bb4fc,claim1
ood_test_validator,5353,0.016085751354694366,phase2_eval_fbb30bb4fc_s42,fbb30bb4fc,claim1
ood_test_validator,5354,0.010985856875777245,phase2_eval_fbb30bb4fc_s42,fbb30bb4fc,claim1
ood_test_validator,5359,0.012195853516459465,phase2_eval_fbb30bb4fc_s42,fbb30bb4fc,claim1
ood_test_validator,5360,0.011350380256772041,phase2_eval_fbb30bb4fc_s42,fbb30bb4fc,claim1
ood_test_validator,5372,0.0099659888073802,phase2_eval_fbb30bb4fc_s42,fbb30bb4fc,claim1
ood_test_validator,5377,0.005864185746759176,phase2_eval_fbb30bb4fc_s42,fbb30bb4fc,claim1
ood_test_validator,5385,0.015529618598520756,phase2_eval_fbb30bb4fc_s42,fbb30bb4fc,claim1
ood_test_validator,5387,0.011467738077044487,phase2_eval_fbb30bb4fc_s42,fbb30bb4fc,claim1
ood_test_validator,5390,0.01560498122125864,phase2_eval_fbb30bb4fc_s42,fbb30bb4fc,claim1
ood_test_validator,5397,0.011180613189935684,phase2_eval_fbb30bb4fc_s42,fbb30bb4fc,claim1
ood_test_validator,5403,0.016352135688066483,phase2_eval_fbb30bb4fc_s42,fbb30bb4fc,claim1
ood_test_validator,5404,0.010188069194555283,phase2_eval_fbb30bb4fc_s42,fbb30bb4fc,claim1
ood_test_validator,5405,0.009123277850449085,phase2_eval_fbb30bb4fc_s42,fbb30bb4fc,claim1
ood_test_validator,5407,0.012630796059966087,phase2_eval_fbb30bb4fc_s42,fbb30bb4fc,claim1
ood_test_validator,5410,0.009586011990904808,phase2_eval_fbb30bb4fc_s42,fbb30bb4fc,claim1
ood_test_validator,5416,0.00893340352922678,phase2_eval_fbb30bb4fc_s42,fbb30bb4fc,claim1
ood_test_validator,5417,0.010459208860993385,phase2_eval_fbb30bb4fc_s42,fbb30bb4fc,claim1
ood_test_validator,5424,0.008802538737654686,phase2_eval_fbb30bb4fc_s42,fbb30bb4fc,claim1
ood_test_validator,5432,0.00615950720384717,phase2_eval_fbb30bb4fc_s42,fbb30bb4fc,claim1
ood_test_validator,5435,0.015073075890541077,phase2_eval_fbb30bb4fc_s42,fbb30bb4fc,claim1
ood_test_validator,5445,0.025898130610585213,phase2_eval_fbb30bb4fc_s42,fbb30bb4fc,claim1
ood_test_validator,5450,0.009185893461108208,phase2_eval_fbb30bb4fc_s42,fbb30bb4fc,claim1
ood_test_validator,5455,0.005569808185100555,phase2_eval_fbb30bb4fc_s42,fbb30bb4fc,claim1
ood_test_validator,5463,0.014606622979044914,phase2_eval_fbb30bb4fc_s42,fbb30bb4fc,claim1
ood_test_validator,5464,0.00931309163570404,phase2_eval_fbb30bb4fc_s42,fbb30bb4fc,claim1
ood_test_validator,5467,0.007960541173815727,phase2_eval_fbb30bb4fc_s42,fbb30bb4fc,claim1
ood_test_validator,5474,0.010628849267959595,phase2_eval_fbb30bb4fc_s42,fbb30bb4fc,claim1
ood_test_validator,5482,0.009650890715420246,phase2_eval_fbb30bb4fc_s42,fbb30bb4fc,claim1
ood_test_validator,5486,0.008136188611388206,phase2_eval_fbb30bb4fc_s42,fbb30bb4fc,claim1
ood_test_validator,5493,0.010842625051736832,phase2_eval_fbb30bb4fc_s42,fbb30bb4fc,claim1
ood_test_validator,5500,0.012898939661681652,phase2_eval_fbb30bb4fc_s42,fbb30bb4fc,claim1
ood_test_validator,5501,0.012839555740356445,phase2_eval_fbb30bb4fc_s42,fbb30bb4fc,claim1
ood_test_validator,5506,0.009496588259935379,phase2_eval_fbb30bb4fc_s42,fbb30bb4fc,claim1
ood_test_validator,5508,0.020096737891435623,phase2_eval_fbb30bb4fc_s42,fbb30bb4fc,claim1
ood_test_validator,5509,0.012475570663809776,phase2_eval_fbb30bb4fc_s42,fbb30bb4fc,claim1
ood_test_validator,5512,0.012359916232526302,phase2_eval_fbb30bb4fc_s42,fbb30bb4fc,claim1
ood_test_validator,5518,0.011096837930381298,phase2_eval_fbb30bb4fc_s42,fbb30bb4fc,claim1
ood_test_validator,5526,0.014453988522291183,phase2_eval_fbb30bb4fc_s42,fbb30bb4fc,claim1
ood_test_validator,5548,0.008214934729039669,phase2_eval_fbb30bb4fc_s42,fbb30bb4fc,claim1
ood_test_validator,5556,0.010519159026443958,phase2_eval_fbb30bb4fc_s42,fbb30bb4fc,claim1
ood_test_validator,5560,0.008413491770625114,phase2_eval_fbb30bb4fc_s42,fbb30bb4fc,claim1
ood_test_validator,5561,0.019190091639757156,phase2_eval_fbb30bb4fc_s42,fbb30bb4fc,claim1
ood_test_validator,5564,0.018139569088816643,phase2_eval_fbb30bb4fc_s42,fbb30bb4fc,claim1
ood_test_validator,5568,0.010118546895682812,phase2_eval_fbb30bb4fc_s42,fbb30bb4fc,claim1
ood_test_validator,5571,0.010692920535802841,phase2_eval_fbb30bb4fc_s42,fbb30bb4fc,claim1
ood_test_validator,5582,0.019519805908203125,phase2_eval_fbb30bb4fc_s42,fbb30bb4fc,claim1
ood_test_validator,5584,0.010656286031007767,phase2_eval_fbb30bb4fc_s42,fbb30bb4fc,claim1
ood_test_validator,5585,0.021345628425478935,phase2_eval_fbb30bb4fc_s42,fbb30bb4fc,claim1
ood_test_validator,5590,0.008279701694846153,phase2_eval_fbb30bb4fc_s42,fbb30bb4fc,claim1
ood_test_validator,5605,0.008518798276782036,phase2_eval_fbb30bb4fc_s42,fbb30bb4fc,claim1
ood_test_validator,5608,0.011913386173546314,phase2_eval_fbb30bb4fc_s42,fbb30bb4fc,claim1
ood_test_validator,5609,0.012667378410696983,phase2_eval_fbb30bb4fc_s42,fbb30bb4fc,claim1
ood_test_validator,5614,0.010577036067843437,phase2_eval_fbb30bb4fc_s42,fbb30bb4fc,claim1
ood_test_validator,5625,0.021922336891293526,phase2_eval_fbb30bb4fc_s42,fbb30bb4fc,claim1
ood_test_validator,5626,0.013574044220149517,phase2_eval_fbb30bb4fc_s42,fbb30bb4fc,claim1
ood_test_validator,5627,0.01308317668735981,phase2_eval_fbb30bb4fc_s42,fbb30bb4fc,claim1
ood_test_validator,5629,0.01030855905264616,phase2_eval_fbb30bb4fc_s42,fbb30bb4fc,claim1
ood_test_validator,5638,0.011203235015273094,phase2_eval_fbb30bb4fc_s42,fbb30bb4fc,claim1
ood_test_validator,5640,0.013364626094698906,phase2_eval_fbb30bb4fc_s42,fbb30bb4fc,claim1
ood_test_validator,5644,0.0104640182107687,phase2_eval_fbb30bb4fc_s42,fbb30bb4fc,claim1
ood_test_validator,5654,0.00794209260493517,phase2_eval_fbb30bb4fc_s42,fbb30bb4fc,claim1
ood_test_validator,5658,0.010644771158695221,phase2_eval_fbb30bb4fc_s42,fbb30bb4fc,claim1
ood_test_validator,5662,0.027712902054190636,phase2_eval_fbb30bb4fc_s42,fbb30bb4fc,claim1
ood_test_validator,5666,0.013721641153097153,phase2_eval_fbb30bb4fc_s42,fbb30bb4fc,claim1
ood_test_validator,5668,0.011997112073004246,phase2_eval_fbb30bb4fc_s42,fbb30bb4fc,claim1
ood_test_validator,5669,0.008610496297478676,phase2_eval_fbb30bb4fc_s42,fbb30bb4fc,claim1
ood_test_validator,5671,0.010567907243967056,phase2_eval_fbb30bb4fc_s42,fbb30bb4fc,claim1
ood_test_validator,5672,0.017866896465420723,phase2_eval_fbb30bb4fc_s42,fbb30bb4fc,claim1
ood_test_validator,5673,0.020592719316482544,phase2_eval_fbb30bb4fc_s42,fbb30bb4fc,claim1
ood_test_validator,5675,0.008776994422078133,phase2_eval_fbb30bb4fc_s42,fbb30bb4fc,claim1
ood_test_validator,5678,0.008076777681708336,phase2_eval_fbb30bb4fc_s42,fbb30bb4fc,claim1
ood_test_validator,5679,0.016990408301353455,phase2_eval_fbb30bb4fc_s42,fbb30bb4fc,claim1
ood_test_validator,5689,0.009720589965581894,phase2_eval_fbb30bb4fc_s42,fbb30bb4fc,claim1
ood_test_validator,5692,0.015352371148765087,phase2_eval_fbb30bb4fc_s42,fbb30bb4fc,claim1
ood_test_validator,5693,0.015710337087512016,phase2_eval_fbb30bb4fc_s42,fbb30bb4fc,claim1
ood_test_validator,5695,0.014117025770246983,phase2_eval_fbb30bb4fc_s42,fbb30bb4fc,claim1
ood_test_validator,5697,0.01015507522970438,phase2_eval_fbb30bb4fc_s42,fbb30bb4fc,claim1
ood_test_validator,5700,0.012108792550861835,phase2_eval_fbb30bb4fc_s42,fbb30bb4fc,claim1
ood_test_validator,5701,0.018226368352770805,phase2_eval_fbb30bb4fc_s42,fbb30bb4fc,claim1
ood_test_validator,5708,0.011370412074029446,phase2_eval_fbb30bb4fc_s42,fbb30bb4fc,claim1
ood_test_validator,5709,0.011818917468190193,phase2_eval_fbb30bb4fc_s42,fbb30bb4fc,claim1
ood_test_validator,5711,0.017329538241028786,phase2_eval_fbb30bb4fc_s42,fbb30bb4fc,claim1
ood_test_validator,5715,0.0071769217029213905,phase2_eval_fbb30bb4fc_s42,fbb30bb4fc,claim1
ood_test_validator,5732,0.013461422175168991,phase2_eval_fbb30bb4fc_s42,fbb30bb4fc,claim1
ood_test_validator,5733,0.017173871397972107,phase2_eval_fbb30bb4fc_s42,fbb30bb4fc,claim1
ood_test_validator,5736,0.014810440130531788,phase2_eval_fbb30bb4fc_s42,fbb30bb4fc,claim1
ood_test_validator,5741,0.008920622989535332,phase2_eval_fbb30bb4fc_s42,fbb30bb4fc,claim1
ood_test_validator,5742,0.009592676535248756,phase2_eval_fbb30bb4fc_s42,fbb30bb4fc,claim1
ood_test_validator,5748,0.015880951657891273,phase2_eval_fbb30bb4fc_s42,fbb30bb4fc,claim1
ood_test_validator,5750,0.010563687421381474,phase2_eval_fbb30bb4fc_s42,fbb30bb4fc,claim1
ood_test_validator,5759,0.015500718727707863,phase2_eval_fbb30bb4fc_s42,fbb30bb4fc,claim1
ood_test_validator,5781,0.009162540547549725,phase2_eval_fbb30bb4fc_s42,fbb30bb4fc,claim1
ood_test_validator,5784,0.01798061653971672,phase2_eval_fbb30bb4fc_s42,fbb30bb4fc,claim1
ood_test_validator,5789,0.007591388653963804,phase2_eval_fbb30bb4fc_s42,fbb30bb4fc,claim1
ood_test_validator,5790,0.009462262503802776,phase2_eval_fbb30bb4fc_s42,fbb30bb4fc,claim1
ood_test_validator,5800,0.015717532485723495,phase2_eval_fbb30bb4fc_s42,fbb30bb4fc,claim1
ood_test_validator,5807,0.01047424040734768,phase2_eval_fbb30bb4fc_s42,fbb30bb4fc,claim1
ood_test_validator,5822,0.008789324201643467,phase2_eval_fbb30bb4fc_s42,fbb30bb4fc,claim1
ood_test_validator,5827,0.009864757768809795,phase2_eval_fbb30bb4fc_s42,fbb30bb4fc,claim1
ood_test_validator,5835,0.012081318534910679,phase2_eval_fbb30bb4fc_s42,fbb30bb4fc,claim1
ood_test_validator,5838,0.007775239180773497,phase2_eval_fbb30bb4fc_s42,fbb30bb4fc,claim1
ood_test_validator,5841,0.011310332454741001,phase2_eval_fbb30bb4fc_s42,fbb30bb4fc,claim1
ood_test_validator,5844,0.008114040829241276,phase2_eval_fbb30bb4fc_s42,fbb30bb4fc,claim1
ood_test_validator,5850,0.011132318526506424,phase2_eval_fbb30bb4fc_s42,fbb30bb4fc,claim1
ood_test_validator,5860,0.011248072609305382,phase2_eval_fbb30bb4fc_s42,fbb30bb4fc,claim1
ood_test_validator,5865,0.007600774522870779,phase2_eval_fbb30bb4fc_s42,fbb30bb4fc,claim1
ood_test_validator,5869,0.009931692853569984,phase2_eval_fbb30bb4fc_s42,fbb30bb4fc,claim1
ood_test_validator,5870,0.007328197360038757,phase2_eval_fbb30bb4fc_s42,fbb30bb4fc,claim1
ood_test_validator,5876,0.011648086830973625,phase2_eval_fbb30bb4fc_s42,fbb30bb4fc,claim1
ood_test_validator,5879,0.010490931570529938,phase2_eval_fbb30bb4fc_s42,fbb30bb4fc,claim1
ood_test_validator,5895,0.0077884565107524395,phase2_eval_fbb30bb4fc_s42,fbb30bb4fc,claim1
ood_test_validator,5897,0.010221169330179691,phase2_eval_fbb30bb4fc_s42,fbb30bb4fc,claim1
ood_test_validator,5900,0.01746314950287342,phase2_eval_fbb30bb4fc_s42,fbb30bb4fc,claim1
ood_test_validator,5924,0.00897328369319439,phase2_eval_fbb30bb4fc_s42,fbb30bb4fc,claim1
ood_test_validator,5933,0.009752284735441208,phase2_eval_fbb30bb4fc_s42,fbb30bb4fc,claim1
ood_test_validator,5940,0.011037060059607029,phase2_eval_fbb30bb4fc_s42,fbb30bb4fc,claim1
ood_test_validator,5959,0.009945692494511604,phase2_eval_fbb30bb4fc_s42,fbb30bb4fc,claim1
ood_test_validator,5964,0.011486830189824104,phase2_eval_fbb30bb4fc_s42,fbb30bb4fc,claim1
ood_test_validator,5965,0.00816494133323431,phase2_eval_fbb30bb4fc_s42,fbb30bb4fc,claim1
ood_test_validator,5969,0.007102581672370434,phase2_eval_fbb30bb4fc_s42,fbb30bb4fc,claim1
ood_test_validator,5974,0.012913222424685955,phase2_eval_fbb30bb4fc_s42,fbb30bb4fc,claim1
ood_test_validator,5980,0.01407941896468401,phase2_eval_fbb30bb4fc_s42,fbb30bb4fc,claim1
ood_test_validator,5984,0.009989473037421703,phase2_eval_fbb30bb4fc_s42,fbb30bb4fc,claim1
ood_test_validator,5994,0.008770888671278954,phase2_eval_fbb30bb4fc_s42,fbb30bb4fc,claim1
